rep,oracle_theta,oracle_se,oracle_cover,armA_theta,armA_se,armA_cover,armA_term_a,armA_term_b,armB_theta,armB_se,armB_cover,armB_term_a,armB_term_c,armB_term_b,armB_r2_l_in,armBsym_theta,armBsym_se,armBsym_cover,armBsym_term_a,armBsym_term_c,armBsym_term_b,armC_theta,armC_se,armC_cover,armC_term_a,armC_term_c,armC_term_b,armC_rmse_l,armC_rmse_m
0,0.46227897179362876,0.03764889587038237,1,0.5508070581697138,0.05041373778402492,1,-0.0071479160190897,0.05795497418880342,0.2839009265979651,0.025356622618571144,0,-0.03536098845156089,-0.15808987065715677,-0.022648214293317204,0.8477580926495196,0.4522722643706768,0.040078842915354504,1,-0.08876662678041461,0.0667644316014989,-0.02572554045040749,0.45868059040296977,0.0398563976117679,1,-0.03542531835834007,0.00557296110092344,-0.011467052339613681,0.40184148800854663,0.19834981850058328
1,0.5343851727483975,0.03986498701537549,1,0.6220202777583645,0.05145670091881561,0,0.06179127536060935,0.06022900239775518,0.3059495479819805,0.02622656797292451,0,0.031613970143746166,-0.21483707652827816,-0.010827345633487615,0.8438569248698738,0.49380205997862736,0.04175033744535045,1,0.08168188325460413,-0.13196213007694604,0.04408230680096932,0.5076746181234866,0.041221344721448734,1,0.031509866250148295,-0.031421212378857866,0.007585964252196185,0.42351349086587464,0.19853519297736955
2,0.5077396323004146,0.04163554872592165,1,0.5737119153807918,0.05098291778793994,1,-0.04034526149367035,0.11405717687446205,0.335781789649931,0.028381248428383198,0,0.007178316540107628,-0.14683945625136377,-0.024557070638812763,0.8342034407506022,0.5483471397605192,0.044994696960939114,1,0.01844690670326584,0.06854480696492939,-0.038644573907676,0.5369300318275079,0.04482960373414325,1,0.007332155269845301,0.03366955683615589,-0.004071680278493398,0.4392407951745582,0.18383427505082212
3,0.45235780343912757,0.043603984282087,1,0.47984070778881716,0.05199122253057875,1,-0.069587357471707,0.049428065260523985,0.2675452582283438,0.029159111493849952,0,-0.044571360844018845,-0.17415197033124094,-0.013731410596396416,0.8579408258715195,0.43046770860694905,0.04695348336653446,1,-0.11364079970031879,0.0578540933358263,-0.013745585028558391,0.4151774876469507,0.046731056799517424,1,-0.04467385224854533,-0.030641861378045532,-0.009506798726458359,0.4147269681507372,0.1958636769437001
4,0.4634321374662313,0.04218909498641493,1,0.5955367807803912,0.05821298857880067,1,-0.02820582521508999,0.12374260599548122,0.2714792515682367,0.028774363256894905,0,-0.03292714349961729,-0.16978021766064785,-0.025813387271498112,0.8337006248060262,0.42431881453466647,0.04720119312898725,1,-0.08486863284112331,0.019183367173109266,-0.009995919797319366,0.4412710515246998,0.04430539685812928,1,-0.033329073199476,-0.010986091923185157,-0.014413783352638994,0.42161782987794516,0.1834853952785574
5,0.526832696752288,0.04374800367050814,1,0.6980561998666754,0.06281918130577355,0,-0.002495668233978117,0.20055186810065365,0.3314853483665918,0.030028166565282677,0,0.02563336166030126,-0.17534372333318804,-0.018804289960521452,0.8402038114325996,0.5282659476612476,0.047230330653766715,1,0.06447128032078464,-0.0341662319915815,-0.0020391006679556407,0.5320065032815441,0.046285032305267,1,0.025289266813922993,0.007937140244903405,-0.001219903777282189,0.49171642035798724,0.18070729954906195
6,0.5828218886200947,0.04296013011325476,1,0.6857434530425613,0.053094497645008815,0,0.05976079936661984,0.12598265367594155,0.3447039481266538,0.028401299928215138,0,0.07619293682639047,-0.2217976771683711,-0.009691311531365494,0.8308002791496699,0.553123471034893,0.04521684803714413,1,0.1933700052957415,-0.1754964607206734,0.03524992645982498,0.564602639600776,0.044343955502893516,1,0.07627441615182418,-0.01623209190303707,0.0045603153519888605,0.49152483810461783,0.1862641592610797
7,0.5326495145717928,0.03903916068627376,1,0.603095233290498,0.0532905866440955,1,0.0148417886000623,0.0882534446904356,0.33588968740365727,0.02660648146393635,0,0.031208243963742034,-0.17748853278914778,-0.017830023770936967,0.8376559612332688,0.5414431613442809,0.04257842383207514,1,0.07819486209031556,-0.03274686332753119,-0.00400483741850331,0.5214355637612937,0.041090121244166514,1,0.03099739667258745,-0.007153430364889083,-0.0024084025464046806,0.42961332421481024,0.198032948366748
8,0.4321444872821805,0.041772511665568605,1,0.5955903664293155,0.053689330507920206,1,-0.015812471702886997,0.11140283813220263,0.2741879106524046,0.028877792199236762,0,-0.06325889195869418,-0.13721073650556168,-0.025342460883339572,0.8335298364972897,0.4392106012139612,0.04621429294577946,1,-0.1605656366348961,0.14464720024951191,-0.0448709624006546,0.431368383031559,0.04509107924917098,1,-0.06376835810381529,0.00434529860151786,-0.009208557466143656,0.3987504792272844,0.20658993771946438
9,0.5076733757649876,0.03993042579498997,1,0.5321810188488125,0.05603104842959856,1,-0.01759066471637263,0.04977168356518511,0.3102374741176745,0.026229318157758405,0,0.007385041110332281,-0.18048990720566696,-0.01665765978699069,0.8486430911512142,0.4878026169085797,0.04198172137416061,1,0.01839570223754895,-0.027568084603593383,-0.003025000725375797,0.48080168055929356,0.04142891896799768,1,0.0072701374286514055,-0.014015176463233565,-0.012453280406124347,0.4323532071763695,0.20489611781073017
10,0.5335234655675696,0.045312773633893876,1,0.5725237368419498,0.05337424308558662,1,0.023476898131636684,0.049046838710313054,0.32878412219343217,0.029447229946639956,0,0.03142932728142987,-0.18223729236680747,-0.02040791272119022,0.8391483499488228,0.5180575254947325,0.0477734997162119,1,0.07971454266672649,-0.0692484072829579,0.007591390110963854,0.5253040527380105,0.04622092751778884,1,0.03143624518530864,0.004841380299214202,-0.010973572746512438,0.4517598088691984,0.19313450644112065
11,0.4660467751503203,0.04292963119973945,1,0.5737082244424441,0.051638799900846286,1,0.014930852546688899,0.058777371895755215,0.2876197379836333,0.02872457920921243,0,-0.0318010975145865,-0.15363318747684232,-0.02694597702493797,0.8426603238908561,0.46719523980745925,0.046427340204794804,1,-0.08099300504019212,0.10101151785025153,-0.05282327300260013,0.46762840002906436,0.04591606978691352,1,-0.03261908262881597,0.021058499130982837,-0.02081101647310251,0.39250438017709993,0.19732353894811505
12,0.49631719935118723,0.04153029722959103,1,0.5268634465366492,0.05293363574824224,1,-0.04880950052277511,0.0756729470594244,0.32422256629106844,0.027373871329389343,0,-0.00343327637811824,-0.1459574353948826,-0.026386721935930814,0.85357306656324,0.5033750170451556,0.043686523508535385,1,-0.008672021692240779,0.04468663796864432,-0.03263959923124782,0.4761572677844387,0.043178240466645985,1,-0.0035041508233929755,-0.004273727642372831,-0.016064853749795622,0.4243638674491899,0.19706626938741112
13,0.5770029604620791,0.042875237283602666,1,0.5988442067651387,0.05463635549447149,1,0.04162113193929068,0.05722307482584807,0.3436693962926532,0.02826188779877692,0,0.07025582522955409,-0.21005582658987426,-0.01653060234702652,0.8401737091661226,0.5586252320547513,0.045417289770768275,1,0.17569846159313984,-0.1405625365888514,0.023489307050463096,0.5365324775004673,0.04449054361634234,1,0.06980671166445661,-0.02463037358225149,-0.008643860581737838,0.4224486041792124,0.18959408777369205
14,0.4398479031898805,0.044512936163628225,1,0.6422573467612841,0.06015382058862609,0,0.06406654832373512,0.07819079843754896,0.2503939402583544,0.030354319067174024,0,-0.056984435047619526,-0.1862469694866273,-0.00637465520739889,0.8446268901260521,0.409331355357283,0.04874427993302891,1,-0.14341510198202018,0.061849196408322635,-0.009102739069019435,0.4227340184318745,0.04629838832805682,1,-0.05533052406659184,-0.019231919757427135,-0.002703537744106466,0.458169699947349,0.1925219836872674
15,0.5468543735580316,0.04299546284924754,1,0.5982402474812022,0.05456817699770666,1,0.055306206160819674,0.04293404132038243,0.33394113052129504,0.029148568959057024,0,0.043133154576017324,-0.19816449982888618,-0.011027524225836065,0.8234447095258772,0.5370805487778975,0.045924659362409755,1,0.10895048131606141,-0.09256004421647568,0.020690111678311682,0.5310789953265861,0.045700054366337534,1,0.04229400332780224,-0.015275483311386728,0.0040604753101706114,0.45187088742357256,0.19876509081010046
16,0.4627491842540926,0.04140277703168623,1,0.6066903857748548,0.05233761120866589,0,0.016995400874168832,0.08969498490068593,0.29334726592585764,0.027397120894570453,0,-0.034239786435434266,-0.13849442235262918,-0.033918525286078874,0.8410879304221511,0.471125191427512,0.04347876143442678,1,-0.08839530247511464,0.11153414654504422,-0.052013652642417585,0.479576569175805,0.042690440040115275,1,-0.03445135381124588,0.02546137733700318,-0.01143345434995225,0.437080398662713,0.1954988367459694
17,0.5372594292804079,0.044179585967331965,1,0.7658434510952155,0.054786617615353056,0,0.055460752003314365,0.21038269909190124,0.3305898285137766,0.027771842055581027,0,0.03344434441167264,-0.1821743235793799,-0.02068019231851614,0.8315654240991481,0.5301974878110465,0.04409807566034349,1,0.08574546619576885,-0.055855021218544215,0.0003070428338218434,0.5243506595286661,0.044756191425602235,1,0.03417325517658058,-0.007744772156009895,-0.002077823491904633,0.4572365554315601,0.20734713922498138
18,0.482919678694816,0.043064133840413084,1,0.574734302839305,0.061418254525243667,1,0.036785133030953175,0.037949169808351925,0.284458220088607,0.029163039136109018,0,-0.015718641032128132,-0.1700598257565613,-0.029763313122703597,0.8485452419067271,0.44564405024990444,0.047433574885090514,1,-0.0401668889465211,0.004622511604521604,-0.018811572408096004,0.4437516437457257,0.046536016551583154,1,-0.016056551835828794,-0.01055373174656359,-0.029638072671881878,0.45414739220429334,0.19910945845970224
19,0.44066835902656964,0.043805836368381944,1,0.6719178629142656,0.05676891166836444,0,0.04836050812967129,0.12355735478459433,0.2822882511395775,0.029067599516528052,0,-0.05632283506243438,-0.14195878150565783,-0.019430132292330305,0.83605845195544,0.43985180624941256,0.04589377094285554,1,-0.1399977425100709,0.11632152946023068,-0.03647198070074712,0.43580632101257183,0.04455100339542582,1,-0.05460440539905537,0.002163441559781248,-0.011752715148154196,0.44814094775747637,0.19266859114326304
20,0.5280259360159185,0.04078248832492889,1,0.6301780540966614,0.05289710291002998,0,-0.007533912849860652,0.13771196694652202,0.32109986365744664,0.0283412626423018,0,0.025471729089525108,-0.19487557089516588,-0.009496294536912581,0.8368120058893801,0.5007934652687235,0.0465875869247752,1,0.0637995638261338,-0.11086090867079013,0.04785481011337992,0.5094115949108198,0.04331504164216277,1,0.02512502734270807,-0.02977061404224695,0.01405718161035855,0.42116976967281183,0.18784104917167216
21,0.4972115946476097,0.04284286573758769,1,0.571884185346763,0.0544452801929331,1,0.02674883406807775,0.045135351278685246,0.3092582575898792,0.03072933161558778,0,-0.0026686452702471223,-0.17178153453242515,-0.016291562607448722,0.8236317558122574,0.47515594702235425,0.048879359068456786,1,-0.006590429697549235,-0.0034221327076704245,-0.014831490572426055,0.47296686886981854,0.04721557148875221,1,-0.0026311227660829203,-0.012862148371770427,-0.011539859992328044,0.40334669887526325,0.20046146879439805
22,0.45654122010039444,0.047298149154665216,1,0.5514939547568223,0.055482540637385516,1,-0.10326354153521079,0.154757496292033,0.26995395841118286,0.0319082216078189,0,-0.04092047222005666,-0.16689579573389696,-0.02222977363486351,0.8358566236045069,0.4385324442535889,0.05083382029458543,1,-0.10365654026089001,0.07073488932311735,-0.02854590480863841,0.4354779923108836,0.04921572262188863,1,-0.04066726833316418,-0.016310705308159684,-0.0075440340477925414,0.4230443271427306,0.1908212997261667
23,0.4875559013497328,0.04476228759289508,1,0.612955370327696,0.056629207443285395,0,0.01657305677152877,0.09638231355616705,0.3022780281370434,0.029226689623164718,0,-0.011312567229959448,-0.1571796538002835,-0.029229750832713723,0.8388453190579461,0.4856777078942308,0.04602180017412319,1,-0.0284086539758531,0.04139181310417696,-0.02730545123409292,0.4814402174538541,0.045751788211706,1,-0.011489920171102576,0.01100734199549338,-0.0180772043705368,0.446864193352016,0.18960937707575756
24,0.4897631076205347,0.04376288267341128,1,0.5174156478684533,0.0652474637261834,1,-0.017062711125846074,0.03447835899429933,0.29944356960510177,0.02947699832450613,0,-0.009771956994510037,-0.16197844265833278,-0.028806030742055434,0.8306939784811767,0.47793539883758474,0.04549652347967264,1,-0.024582450651105373,0.04357843327660849,-0.04106058378791844,0.4882514925291048,0.04520739334926719,1,-0.009535755605539672,0.022682296523104908,-0.024895048388460305,0.41887654253479784,0.20740822206584056
25,0.4278620451686418,0.03834751821378742,1,0.49688695681978423,0.050429482786475376,1,-0.04323831805466149,0.04012527487444578,0.2833789599826753,0.02557612331196081,0,-0.0684697612333627,-0.1268276252374251,-0.02132365354653698,0.8469928389318833,0.45347873649999376,0.04073313555650207,1,-0.1734030042814159,0.1921740566710548,-0.06529231588964515,0.45895847867701606,0.04015922325561216,1,-0.06831334889267866,0.040700558041903825,-0.013428730472209214,0.41236263102350224,0.2061202159711635
26,0.5232978347274538,0.043074707399700284,1,0.5533119885135273,0.05491728816869736,1,0.017151527066840942,0.03616046144668627,0.3218147235586354,0.029976885167392015,0,0.021567921257647157,-0.17516386726450778,-0.024589330434503995,0.8301779111573075,0.5239110507307089,0.04844827662601045,1,0.05461005076492242,-0.02043604959929924,-0.010262950434914512,0.5337440793742122,0.0446401199025489,1,0.02168966794596345,0.017947440507556863,-0.005893029079308139,0.4384456713417663,0.1902171883994946
27,0.4639594333350069,0.03773517015154735,1,0.5104719217036472,0.05129026466801163,1,-0.06921613371091977,0.07968805541456703,0.30117219264134976,0.02531538576578251,0,-0.03359809221403013,-0.14738872188223184,-0.017840993262388166,0.8488985816118744,0.4781610694616749,0.0403956969290054,1,-0.08527469162380784,0.09575602777003668,-0.03232026668455406,0.48541353061514086,0.040068490416188915,1,-0.033912987012980046,0.02505014463711241,-0.005723627008991536,0.4324315909264627,0.20893831702779325
28,0.4781143191198771,0.03819608502550748,1,0.5145682446353543,0.058332382092189654,1,-0.06545093205415543,0.08001917668950972,0.2888606297133578,0.027095852867470314,0,-0.020299854802726017,-0.17976655714618137,-0.011072958337734822,0.8428241550884893,0.47036929853289644,0.04348109347043793,1,-0.051878348882565234,0.04694889892019723,-0.024701251504735525,0.4741040415273976,0.042353785835146325,1,-0.020445742709113795,0.008893743973844185,-0.014343959737332856,0.4221469999931653,0.20170327443266658
29,0.45212135029498657,0.04369556091091287,1,0.6749161855568695,0.061741995993132986,0,0.05807382510213669,0.11684236045473297,0.27034421789692503,0.029460769072776262,0,-0.04475102359876581,-0.15529794043380551,-0.02960681807050374,0.8456360003368286,0.4212968708299729,0.0472228842639591,1,-0.11331784125623949,0.07903350558565751,-0.04441879349944516,0.4362013207827783,0.046307491648620705,1,-0.04486274228953415,0.0025183066854676988,-0.021454243613155195,0.46056115447030294,0.19274103931243675
30,0.6001951587493601,0.04167089462939646,0,0.6683639389606746,0.05628975377125166,0,0.10727733933385433,0.06108659962682022,0.37901678982155446,0.028518276546292142,0,0.09567241709141339,-0.211252632713937,-0.005402994555922076,0.8373706009578776,0.6003801833520068,0.04595165404840425,0,0.23999445693851412,-0.17189227597229495,0.032278002385787735,0.5939244153922215,0.043092316531905026,0,0.09328350750305554,0.0015612208769875588,-0.0009203129878216173,0.4291025086863004,0.1931403572711266
31,0.5719721251537248,0.04318053573576523,1,0.6829320243865565,0.05271694645604317,0,0.047783077222332895,0.13514894716422365,0.3383595301526226,0.028287531784854623,0,0.0685957779662605,-0.21257016197005016,-0.0176660858435878,0.8482287708183669,0.5449339496070332,0.04553166024563989,1,0.17626423164098914,-0.1393947150116476,0.0080644329776916,0.5442731245550201,0.04496842122047214,1,0.06949949461936233,-0.01736344014779212,-0.007862929916550002,0.4799281050687667,0.20845148921216167
32,0.5045997404656196,0.043406541533752445,1,0.5812135359730625,0.05445691814526939,1,0.03613965106970521,0.04507388490335722,0.31284724375133277,0.029327073206872504,0,0.00432555786559018,-0.1655857510326962,-0.025892563081561213,0.8452012809987139,0.48490371118007153,0.04664205607501519,1,0.011021381344059089,-0.013222291122152232,-0.012895379041835275,0.4774342236418095,0.04460275719933434,1,0.0043741139955952085,-0.01840184956133722,-0.008538040792448421,0.43906169513307614,0.1696826460216576
33,0.4681051008794217,0.04294950876741182,1,0.6098381768112975,0.050088919299250426,0,-0.02968158209083514,0.13951975890213267,0.2782176265733252,0.028765279922222952,0,-0.030676101100968797,-0.1775145994057342,-0.013591672919971693,0.8398926155500644,0.45031916022984164,0.04631404646598862,1,-0.07850541294158132,0.03972737776666796,-0.01090280459524492,0.45137696187887927,0.045635915132161003,1,-0.03066972803089932,-0.011582062178087157,-0.0063712479121341955,0.4311013045322412,0.21595228018865498
34,0.48935849742070786,0.041107891878152336,1,0.5663771651185244,0.04957194683699701,1,0.019969280291136763,0.0464078848273877,0.29642244943370305,0.02892773285652541,0,-0.010093429844613028,-0.1833050750525399,-0.010179045669144075,0.8378108777769121,0.47694129774422883,0.04578748521609756,1,-0.02561592678619007,-0.004694668366739288,0.0072518928971582125,0.4676459861219974,0.044266400663503166,1,-0.010252296349706019,-0.018729948785028868,-0.0033717687432677904,0.503357781590966,0.208795182660408
35,0.4872244321220153,0.04326082036723044,1,0.5859446085621763,0.05169288520275944,1,-0.0042760470547661324,0.0902206556169426,0.3006817125868496,0.026998204620590882,0,-0.011648302660505493,-0.1711871285957996,-0.01648285615684523,0.8404777858451362,0.4842740116114759,0.04280873209187508,1,-0.029917245429314666,0.02563957908064934,-0.01144832203985885,0.48712569669777167,0.04424959234431548,1,-0.01183647178169628,-0.0026538536082116432,0.0016160220876795866,0.4400817654001048,0.18698654278748136
36,0.49901629161975664,0.04180700456631793,1,0.5599301980074272,0.053534498464358884,1,0.048764206585808975,0.01116599142161819,0.2911174252956599,0.027988928502323818,0,-0.000900232326500795,-0.1917961070965105,-0.016186235281328787,0.8424369617693418,0.4714489482229544,0.0449063249294559,1,-0.0022711030576025807,-0.027419618586451085,0.0011396698670081346,0.4574919476829914,0.04506650423174692,1,-0.0009075841046107115,-0.03764607704784048,-0.003954391164557418,0.4515571274031106,0.1800852480968714
37,0.506474658449689,0.045899668826942006,1,0.5942859446481935,0.053863920179365615,1,0.07452586769083012,0.019760076957363322,0.30324828035520424,0.02942620209102214,0,0.006066946337471642,-0.18765202817940438,-0.015166637802863052,0.8453043004692689,0.4829896117418463,0.04759194250231382,1,0.015375855278017802,-0.028599918518212926,-0.00378632501795857,0.49838020230014535,0.04696183547056379,1,0.006127119024557367,8.700929510833346e-05,-0.007833926019520352,0.44854536328642103,0.20277960185717148
38,0.5066372554274835,0.04044949329210676,1,0.5997781178634889,0.04935957736871536,0,0.012083537999257281,0.08769457986423168,0.3131563539314236,0.026847975109119977,0,0.006165536850231452,-0.1744782410861037,-0.018530941832704116,0.8394400958824932,0.49719189412178866,0.0429429915540432,1,0.01554084100423282,-0.007872312833547246,-0.010476634048896915,0.5078408299321648,0.04351662745466484,1,0.006201212041591132,0.008116486170095633,-0.006476868279521915,0.43518134874927566,0.2129001362787213
39,0.48759369487626447,0.04283776916401727,1,0.5607545381409152,0.05675525234701659,1,-0.052589348638160685,0.11334388677907602,0.31437527890658573,0.02808562305828506,0,-0.011657142242971366,-0.15091529397268003,-0.023052284877762806,0.8349210365479283,0.5210653616623581,0.045010141710085334,1,-0.030358476537503242,0.11407068527604992,-0.06264684707618853,0.5145215496295245,0.043864598535480824,1,-0.011732858860957339,0.046193071358987245,-0.019938662868505437,0.4523798532247475,0.1922517709841746
40,0.4959552762898383,0.04055016696742042,1,0.5374023421698223,0.050870763161524155,1,-0.00047654537063548106,0.03787888754045778,0.3002113429636411,0.027785724063427615,0,-0.0036992987453464262,-0.17290591682232187,-0.023183441468690554,0.8403203146927226,0.47355076572573274,0.044805546878200986,1,-0.009298455441157418,-0.004128823513226671,-0.013021955319883337,0.49099481007049456,0.04304500895894937,1,-0.0036782997026717688,0.006974565916643715,-0.01230145614347748,0.42077469704932086,0.1873453137746682
41,0.46611668551029534,0.03809180601176085,1,0.5840673180579401,0.05084119009308965,1,-0.01684674005803476,0.10091405811597469,0.2973584101301404,0.026493912883130147,0,-0.03145694288910415,-0.13951827258378274,-0.031666374396972785,0.8345374455612165,0.4765609154738966,0.041802196804607845,1,-0.079280717142796,0.10978132621563498,-0.053939693598942434,0.5004411814243952,0.04041138550257924,1,-0.031619368161121465,0.0446774004724335,-0.012616850886916829,0.42263129233082775,0.19568501759167115
42,0.5283739291061683,0.03758505015501619,1,0.7172541130255653,0.0493544500359356,0,0.09189837370746591,0.12535573931809954,0.33038374705132606,0.025929118566754058,0,0.026319280156068877,-0.1785265761535146,-0.017408956951228193,0.8432173228068804,0.5370206432124571,0.04113229017838626,1,0.06749056474380952,-0.027168016266743086,-0.003301905264609229,0.5337424146808593,0.0403612805446683,1,0.02575479327837851,0.013914947750033425,-0.005927326347552622,0.4354701366654659,0.2034648328869903
43,0.5146622352062751,0.04190801585392714,1,0.6042253154998717,0.0509075000353818,0,0.02614685705333918,0.07807845844653252,0.31663958204349096,0.028000150863183342,0,0.01360058945779557,-0.17733175513834773,-0.01962925227595691,0.8483041968085678,0.5067411362308448,0.04536925267335795,1,0.03494487971862409,-0.03103526039864387,0.002831516910864594,0.5075743540415196,0.043696907376626945,1,0.013971540887030523,-0.012150380178551717,0.005753193333040703,0.4170449575689458,0.19864962613146833
44,0.5273649513552574,0.041067033200989055,1,0.6246134880659698,0.05304536225016944,0,0.04451743257537707,0.08009605549059282,0.3319414325598043,0.027625729552444078,0,0.025520052997037124,-0.16847441287405424,-0.025104207563178653,0.8404644513883421,0.5388334709428545,0.04503757321468089,1,0.06528811815965377,0.0026596403493334415,-0.029114287566132796,0.5574625398067186,0.043517787592768004,1,0.0250455372571827,0.039909062548676724,-0.0074920599991409,0.42423207818034575,0.2001873143990899
45,0.4471402861055333,0.04018440137355869,1,0.5853966682914507,0.05232726835767733,1,-0.02742564595694669,0.11282231424839728,0.2815031750625466,0.028120385850216232,0,-0.04935297743874693,-0.1526234559728234,-0.016520391525883093,0.8291196547172919,0.4585704531857277,0.045349156766574895,1,-0.1273080185285861,0.1091389757824196,-0.023260504068105797,0.45767102287308004,0.044885428634527234,1,-0.05104759701690394,0.012068428312677178,-0.0033498084226930834,0.4457872031290694,0.21444073987589157
46,0.45277341682640776,0.04487201001233741,1,0.5757470777087363,0.05059599286481669,1,-0.023019991042259703,0.09876706875099601,0.2646323662977218,0.030236862869415817,0,-0.04334081787414746,-0.16677400418197802,-0.025252811646152798,0.8334137691596182,0.4195140508915999,0.04835143571333537,1,-0.1095094306595384,0.05946357430151032,-0.03044009275037203,0.45021472534431123,0.046580766194128015,1,-0.043532881131198464,0.0005266609563543836,-0.006779054480844633,0.41838429074296146,0.19042075522443935
47,0.4756984599775278,0.043969997372566204,1,0.5301937366620848,0.05755985065462665,1,-0.0026604533899538462,0.03285419005203865,0.31694391904983393,0.02965483907984126,0,-0.022136712618448472,-0.12709201107135115,-0.03382735726036646,0.8395038341459764,0.5018490304991277,0.04757014960443178,1,-0.056384810140881585,0.13447385968490383,-0.07624001904489454,0.5131977570648716,0.046387415578334514,1,-0.022829647606936877,0.05923678093099863,-0.023209376259190218,0.45690396985644915,0.18252073038969355
48,0.47505631110290814,0.039882839033073214,1,0.6016080653965726,0.04647656588176769,0,0.04264892441565139,0.058959140980921185,0.2971587559230544,0.026620434632012215,0,-0.022971407651711722,-0.16265298877612247,-0.017216847649111373,0.8368599535966217,0.4747334489910525,0.04282388036606976,1,-0.05886308529338721,0.05122945012235103,-0.01763291583791125,0.4701009731094968,0.041441928492235755,1,-0.02293222587754891,-0.0035599771556320864,-0.0034068238573222304,0.39826765028035654,0.21866052192817623
49,0.5038544415833925,0.03891395250405508,1,0.5333885532992824,0.04668086367396728,1,-0.03910596207143767,0.07249451537072,0.30495125363692094,0.026802299588238473,0,0.003595762163233674,-0.1710643395766804,-0.027580168949632337,0.8365119669041965,0.4934110558047474,0.04270488064223973,1,0.009266400196545033,0.00942705638680456,-0.025282400778602193,0.5083931905558612,0.041824870803280824,1,0.00364234508327837,0.017996733740958688,-0.01324588826837589,0.4380834215181538,0.20525369274062022
50,0.49252225878787526,0.03920481979824091,1,0.5978276399647916,0.04823841897081719,0,-0.03493745779265852,0.1327650977574501,0.3117097970164094,0.026523922945957953,0,-0.007321797383222471,-0.1645906005340063,-0.01637780506636198,0.8390320810600054,0.49461157356469343,0.04161773041161155,1,-0.018128098445955088,0.05345486872529216,-0.04071519671464369,0.5069358294457461,0.04194108176249904,1,-0.007229929197602317,0.029155758815822986,-0.01499000017247451,0.4143511737044778,0.2120370777442678
51,0.46689631061321063,0.04150555510284172,1,0.5627647987578616,0.05625240593019737,1,-0.026987970683339822,0.0897527694412014,0.27772193206302276,0.02811710540653043,0,-0.030351954607517273,-0.16443654105909541,-0.027489572270364526,0.838794327230256,0.4430164249892178,0.04487885784264829,1,-0.07726076519649637,0.05999155374164516,-0.03971436355593107,0.4373773890239441,0.04426942798487062,1,-0.03066864927426678,-0.003354033680151403,-0.028599928021637803,0.43822814459682785,0.19829658717732948
52,0.4836554957520938,0.04345879237310412,1,0.5435218967486164,0.05172746445275513,1,-0.0411163884411564,0.08463828518977279,0.3078034836495143,0.028194780109795373,0,-0.014767501226368072,-0.1540450368820265,-0.023383978242091107,0.8363515367012664,0.4963081423396441,0.0448545951162912,1,-0.03798432792822761,0.0634982190634829,-0.029205748795611212,0.5065714819641669,0.044727408909147386,1,-0.01526963033305675,0.03225447437292602,-0.010413362075702362,0.4584437005767444,0.20253197835923287
53,0.45623007794053266,0.04100339748856129,1,0.5017638001762108,0.05475608489935883,1,-0.061713517156060084,0.06347731733227083,0.2929926319832951,0.02815692142537251,0,-0.041939642289132856,-0.12557319671900324,-0.039494529008568834,0.8373423144071412,0.4408523070881001,0.043779136154458165,1,-0.10275838289497373,0.10676395990538723,-0.06315326992231335,0.4613352947275339,0.04311447691149392,1,-0.04129634736351416,0.034266927206044163,-0.03163528511499612,0.3891454904184502,0.20981901448856452
54,0.3971641716761631,0.04195431036212891,0,0.4551108851608861,0.05644656225971666,1,-0.053869157041508256,0.008980042202394376,0.2540443143177885,0.029101425149306664,0,-0.09589116247633397,-0.13322220070216867,-0.016842322503708856,0.8444214117297898,0.3900519623675036,0.046020546198418756,0,-0.24348298825617434,0.172191593655039,-0.03865664303136106,0.3741721359495711,0.04336982525926967,0,-0.09528430838719212,-0.01808536667967304,-0.012458188983563743,0.43611288253760316,0.1816592639177814
55,0.5076599998405038,0.04164947342284407,1,0.6569379606556182,0.05696706232535706,0,-0.009557100241107242,0.16649506089672525,0.31827634571969426,0.027792400879506702,0,0.007200680559426827,-0.17226533393572827,-0.016659000904004413,0.8428486725984972,0.4916814182992377,0.043328875222548725,1,0.018125083518490258,-0.010055262453846664,-0.016388402765405687,0.48185339858544257,0.04234628879792766,1,0.007003266229744996,-0.00960645112511224,-0.015543416519190188,0.4449050405033187,0.19379373255046262
56,0.5656446372238981,0.041594120997438075,1,0.69724285534295,0.05423783966052007,0,0.12962357029021232,0.06761928505273775,0.34507733218407055,0.02853732537310032,0,0.06059803895946937,-0.19190574411019393,-0.023614962665204936,0.837782021645449,0.5563949261111982,0.045507652098487124,1,0.1574387801205135,-0.10533167816220607,0.0042878241528910115,0.5405403001512884,0.04363710252991253,1,0.06113781018969174,-0.015952650524548997,-0.0046448595138543535,0.42290996670274045,0.18595810858075096
57,0.4647360641402553,0.04389577554663071,1,0.4734191130718937,0.06001758308503255,1,-0.04821902317924577,0.021638136251139528,0.28359344750660026,0.028534109780368834,0,-0.03227862444856723,-0.1664314961117351,-0.017696431933097397,0.8324328892736693,0.46622014751329105,0.04621003228708625,1,-0.08361620133119942,0.06929078735560586,-0.019454438511115404,0.4479800879591737,0.04579265100350333,1,-0.03322869719217719,-0.017169904449121625,-0.0016213103995273786,0.44961256698103647,0.20665065233480395
58,0.47309306089082886,0.04311986542371766,1,0.5241051522111997,0.0518173796280484,1,-0.008474019939664774,0.03257917215086438,0.2844747154859093,0.029184929379244468,0,-0.025365279300413282,-0.1734846865369324,-0.016675318676744984,0.8399111776430124,0.4467247576933329,0.04631035339832338,1,-0.06267128125449763,0.014386000802315448,-0.0049899618544849145,0.44511648507013724,0.04435334674128931,1,-0.02466976302539071,-0.017351500279011924,-0.012862251625460216,0.4054153830845907,0.18453387788086598
59,0.45243493555479225,0.04314504797434393,1,0.4514156789207823,0.05402185537315756,1,-0.06094141789366779,0.012357096814450106,0.25978017881292426,0.02956231585865233,0,-0.04424979003979981,-0.1911729196691384,-0.004797111478137418,0.839218208400542,0.40851184440713206,0.048036614648269325,1,-0.11332390507941945,0.01243822969619704,0.009397519790354516,0.4188129783155026,0.0463389631025118,1,-0.045064545366297074,-0.04136659494517342,0.005244118626973169,0.4487719377715128,0.21094359547384595
60,0.5045585848026798,0.04213257680825629,1,0.5987012277183641,0.056472208313061364,1,0.005530227587820257,0.09317100013054377,0.31599917066861927,0.030026289113068705,0,0.004300848964886175,-0.15940446265644395,-0.028897215639822886,0.8312967552102193,0.4954754447636611,0.047786626833865746,1,0.01085508606225415,0.034436505378030564,-0.04981614667662365,0.4692929623932584,0.045337936610003356,1,0.0042095632750932055,-0.004740382462230947,-0.030176218419603894,0.4321423493992689,0.2171271045255418
61,0.46475219322769523,0.04442464812913307,1,0.5069238677999852,0.05428693834579702,1,-0.027518134563961696,0.034442002363946886,0.27111993243450955,0.030865984807638493,0,-0.03380192019152463,-0.19353431016677483,-0.0015438372071909453,0.8403519882587831,0.4437770243013505,0.04982947513297699,1,-0.08670620236459776,0.033649583588374145,-0.003166356922425892,0.4514148908388359,0.04925520947358295,1,-0.034423966668422054,-0.016761549390011874,0.0026004068972698196,0.4229211413178871,0.2036817029321523
62,0.5311745354516131,0.041429514719992684,1,0.5274161559808122,0.05282928163867917,1,0.001164308872086673,0.02625184710872554,0.33182497247063014,0.028483483062341636,0,0.028811597273508665,-0.18008856504663676,-0.016898059756241857,0.8430766729215513,0.5215839118096645,0.045609075000008,1,0.07277067617537744,-0.04873614133671794,-0.0024506230289950536,0.5194282771535361,0.04408952714109027,1,0.029196958284589025,-0.0031467490037462337,-0.006621932127306713,0.4031888893080646,0.2088312921929468
63,0.46632892962511285,0.038285638198934296,1,0.5328222739832437,0.04919307497423843,1,-0.055655171397698516,0.0884774453809423,0.29491064810588696,0.02572416001827435,0,-0.03073703352717119,-0.1434597367300692,-0.030892581636872633,0.8517872903957397,0.4684521370515091,0.041031820892392205,1,-0.07874656447979471,0.0797298689461352,-0.03253116741483131,0.4798030843604964,0.041034786530421606,1,-0.03171460693936949,0.022012153530939264,-0.010494462231073568,0.40818098244198475,0.19806327051181505
64,0.47874373878734855,0.04333879626331021,1,0.5559176637412797,0.05704471248421629,1,-0.0490608299183312,0.10497849365961096,0.2914206914082493,0.031633991002917375,0,-0.019880033912281294,-0.17790499896630438,-0.010794275713165033,0.8263078982050924,0.463471513302756,0.05078242338349144,1,-0.04996598418243074,-0.006933085243580592,0.020370582728767343,0.4528576442413535,0.04811004313619154,1,-0.01974496402774484,-0.041208260922357166,0.013810869191455537,0.4205210391365337,0.1840841968847516
65,0.46163846257635555,0.040004621082967186,1,0.40333665864969637,0.04960472485967197,1,-0.1409642854458226,0.04430094409551895,0.26731006437831284,0.02696802194399884,0,-0.0353529370356202,-0.18987270614016138,-0.007464292445905557,0.8286840423202655,0.4305684619016528,0.04267884127927686,1,-0.09003080257473953,0.018470144294130325,0.002129120182262115,0.43913434147301955,0.04282137972985601,1,-0.03623097784069369,-0.021565602076735663,-0.0030690786095511607,0.4226269229135652,0.1771350221330754
66,0.45278609250227286,0.042102775254941056,1,0.5020988653959478,0.05785747331587534,1,-0.009826834051826626,0.011925699447774453,0.2841890731496303,0.028087749076207185,0,-0.04506320973348852,-0.14703763581588672,-0.023710081300994414,0.8456883415842623,0.4495481003474496,0.04485890998953645,1,-0.11228828035333038,0.09406753530954835,-0.03223115460876834,0.45174841171766306,0.04472169360737152,1,-0.04517141600405154,0.0032205780626920286,-0.006300750340977296,0.41312596427864645,0.19689843712989752
67,0.4970737608892289,0.04493976770540565,1,0.5571517462648551,0.05650603245319909,1,0.008840127365920665,0.04831161889893429,0.283019069928848,0.029856984564120018,0,-0.0027885097103434757,-0.21234621848234345,-0.001846201878464917,0.8441454950935796,0.451139929734721,0.04777050536607426,1,-0.006862534837067719,-0.0627491186764445,0.02075158324823315,0.46383375319739906,0.04747247039881188,1,-0.0027734686184636465,-0.03194403866051537,-0.0014487395236220226,0.4470905445836529,0.2182963458835134
68,0.4400891764962203,0.04188103769208745,1,0.5573538564608785,0.06123430087485415,1,0.021221493997768955,0.03613236246310956,0.29317885659095716,0.03042863908062022,0,-0.05508142511476926,-0.13757368622462982,-0.014166032069643739,0.8351279736506027,0.4635034612822313,0.0488829581318675,1,-0.13942727473384844,0.12675774696918232,-0.023827010953102568,0.44614718908785134,0.045923836020784904,1,-0.055346723004071716,0.0030971038513758122,-0.0016031917594528774,0.4800727818066376,0.21256807795765517
69,0.550335200708078,0.03976189982243341,1,0.6624194985405333,0.05123552019448365,0,0.11083593256201221,0.05158356597852096,0.3403909162829715,0.027353413750813682,0,0.04704672564574702,-0.18863930187521027,-0.01801650748756524,0.8378296778631882,0.5408708911691863,0.04324649185274609,1,0.12029492480158913,-0.09203152387150455,0.01260749023910187,0.553851907494417,0.04254932021799293,1,0.04744262159625756,0.006682006654088702,-0.0002727207559291189,0.41664102756309784,0.19594227898584393
70,0.4210868857787593,0.040152477892157916,0,0.4235576357742071,0.05275208811537687,1,-0.06325182811617816,-0.013190536109614695,0.2413775158488671,0.02777668251553913,0,-0.07303222168239484,-0.1541155092463829,-0.03147475322235508,0.8427694363885381,0.38257690655789156,0.04370736714106923,0,-0.18398645095839528,0.1095013612403949,-0.04293800372410795,0.40185243071461113,0.04262797168161356,0,-0.07145212072493327,-0.0017059015078799142,-0.02498954705257569,0.4645814352430143,0.20183855421416733
71,0.5215589818234017,0.03815343995492248,1,0.5435747183303329,0.05440622001901001,1,0.004140392296211502,0.03943432603412135,0.313750996849791,0.025176234382542455,0,0.019786398000665693,-0.1867422669919085,-0.019293134158966167,0.8424656682399672,0.513717083553589,0.03968010615237903,1,0.05025035840316544,-0.03305413812068248,-0.003479136728893807,0.5403440529670135,0.03994569272900582,1,0.020151972133934912,0.025362767956245796,-0.005170687123167261,0.44571472335907336,0.18984838385970065
72,0.4997121537515775,0.03968419836389522,1,0.5490619540268654,0.05865605027046525,1,0.037208557397246524,0.011853396629618911,0.31972627275324456,0.027574333800573746,0,-0.0002656229475415665,-0.15867182527393436,-0.021336279025279528,0.8434026120414291,0.508738821150148,0.04479917932591002,1,-0.0006699896736814777,0.027586581741526315,-0.018177770917696973,0.5042541231017088,0.04337896259902839,1,-0.00025836027550608145,0.012910010941708407,-0.008397527564493572,0.470947775868211,0.19830732480387592
73,0.4474571904278632,0.04201019690582487,1,0.459040176983686,0.05852613344578601,1,-0.09628176260657757,0.055321939590263526,0.2821695481228325,0.028317282315539167,0,-0.04926285872053978,-0.14877022255256847,-0.01979737060405931,0.8249884760059691,0.4531158383361885,0.045768296034933015,1,-0.12561749894465546,0.10378644625788662,-0.025053108977042667,0.4542529090333917,0.04410705857770927,1,-0.04838917271277291,0.00548888433875479,-0.0028468025925902974,0.4237194012377317,0.20796601661625327
74,0.5637872337141905,0.04073386328216299,1,0.5753239480585273,0.05044896624596236,1,-0.056371818255392316,0.13169576631391952,0.3536846802980692,0.026722137458824163,0,0.06048398679660504,-0.18992912587809607,-0.016870180620439816,0.8410656665828771,0.5533495575016406,0.04274117864199848,1,0.15286571320059217,-0.11522830418524833,0.01571214848629681,0.5552409944899649,0.04174670248752927,1,0.06046719263752537,0.0012873459076330794,-0.006513544055193562,0.433296507008599,0.20166529529275887
75,0.5178057821268459,0.042003215120765464,1,0.6271271757010008,0.05485232771835649,0,0.025700911132989727,0.10142626456801097,0.33214864311823045,0.026760775530942985,0,0.01614608490996966,-0.16109962162583086,-0.022897820165908404,0.8411061578975109,0.5294822068295525,0.0435240816867041,1,0.0412906035881261,0.0084524917558395,-0.02026088851441305,0.5449016442342282,0.04347268756525844,1,0.016497784409254784,0.03137759877693148,-0.002973738951958071,0.4240324595488928,0.1758196858155817
76,0.45965424456833737,0.040955669476468004,1,0.5188840738945327,0.05299088753346834,1,0.03672271875501344,-0.01783864486048068,0.2804973244467312,0.02736731809138212,0,-0.038861458167016645,-0.17174301873345538,-0.008898198652796771,0.843301169824405,0.45397932285023956,0.04297299407704807,1,-0.09792068350536888,0.06996765255681568,-0.018067646201207203,0.4574596787461604,0.04406234246551192,1,-0.0383496762246446,-0.007780631230442,0.00358998620124704,0.45682040205151375,0.18106600197883002
77,0.5651996521822341,0.0415859819446047,1,0.6264932961753855,0.053069608838445456,0,0.03926039753798187,0.08723289863740369,0.3219755992237609,0.02728643126253261,0,0.061086899361305715,-0.238440742192343,-0.0006705579452018081,0.8369899822909421,0.5278457328052703,0.04403148295220568,1,0.1537624822325729,-0.18321803799225797,0.05730128856495543,0.5189222488085088,0.04373009162281289,1,0.06164531627242814,-0.050808450280648426,0.0080853828167291,0.4609995673569627,0.19685080413685344
78,0.4435753748420837,0.044130036856967716,1,0.554440831665746,0.052126964876231176,1,0.003769671297938068,0.05067116036780798,0.26629320213469837,0.02926016939583162,0,-0.05274733425466992,-0.16005293445567956,-0.020906529154952138,0.8362654690578689,0.4492048826828883,0.046848255359524235,1,-0.1355732264496497,0.12243336279358975,-0.03765525366105178,0.44315728513601804,0.04632184406702612,1,-0.05373955214257706,0.0026788328978373153,-0.005781995619242324,0.44410852717906,0.20542171129712725
79,0.49530785423472884,0.043954706306514095,1,0.5466919361578638,0.0562680105019212,1,0.004819752262514274,0.04187218389534963,0.3099690748279126,0.02973639154117684,0,-0.004391371139029854,-0.16377061486052058,-0.021868939172536992,0.836815226622608,0.5038861650284091,0.04806257316766896,1,-0.011281845439200886,0.03758346944013564,-0.022415458972525587,0.48414417632952683,0.04566284389116369,1,-0.004344894969985404,-0.008506090585546567,-0.003004838114941108,0.4241561830863952,0.2088222097926133
80,0.48699545197424793,0.04275150515286677,1,0.5742663583764472,0.05760663081971302,1,0.011271208374628782,0.06299515000181846,0.31877911433108,0.030053043681647348,0,-0.012032530843053498,-0.1507114029360616,-0.018476951889804846,0.8180441770139979,0.5009997777980131,0.0473618710687747,1,-0.030325302049225334,0.060045296970640906,-0.02872021712340254,0.5037561640521858,0.046397405069022755,1,-0.01211551484388767,0.02824649473772341,-0.012374815841649924,0.41966226317253913,0.19689265864029967
81,0.5337708479286789,0.039900806207392434,1,0.586904521030984,0.05010396069582752,1,0.004432768146772447,0.08247175288421142,0.33684019712100705,0.027241103149770417,0,0.031003658571181217,-0.16985969626871686,-0.024303765181457385,0.8457111004303435,0.5208715879070518,0.04373450145117494,1,0.07842494324993161,-0.05420301249318299,-0.0033503428496971226,0.5356637082084955,0.042961505162959865,1,0.031506880111341215,0.015739859398043718,-0.01158303130088927,0.4353802489211504,0.18222207759275522
82,0.5137705205183288,0.04529329028062634,1,0.60917905022576,0.05261335160884937,0,0.03260169952223996,0.07657735070352019,0.30474139324352917,0.029751856343526097,0,0.012671465776264785,-0.18495609878078204,-0.02297397375195361,0.8323588370323177,0.49177810964826224,0.04852012721266306,1,0.03289562954546226,-0.05016557690575554,0.009048057008555599,0.5142365893895829,0.04765962735247515,1,0.013073233568727602,0.0031377975007757784,-0.001974441679920464,0.4278901531230348,0.1961925497840099
83,0.4783231796552152,0.042742301204460896,1,0.6197279440222777,0.05431414375102011,0,-0.011598311172921719,0.13132625519519947,0.28531890413957695,0.027172598096586828,0,-0.0196096049682906,-0.1655323167060027,-0.029539174186129707,0.8179696100538184,0.4351677222004368,0.04415473316434145,1,-0.050490081072556106,-0.0011867781912318857,-0.013155418535775155,0.4614651722682877,0.04322464156941737,1,-0.019308824490386067,-0.010347950079133602,-0.008878053162192676,0.43452691843957875,0.1832966088499926
84,0.5688087737858164,0.04055762463733187,1,0.6702377111782883,0.051339008465125756,0,0.033224857643564115,0.13701285353472398,0.3585590674299187,0.02702565393120899,0,0.06559919776518029,-0.1864231040411773,-0.02061702629408428,0.8299241884632405,0.5715522506821802,0.042810058586744734,1,0.16203223257064076,-0.08272483791745688,-0.00775514397100359,0.570184557047048,0.042606200820158834,1,0.06491985113313922,0.011779892806627699,-0.006515186892718858,0.399309408862435,0.2015492494318975
85,0.5311293610241162,0.0425248822518678,1,0.5134941142798516,0.05576256309415748,1,-0.04520855978874381,0.058702674068595403,0.31488943501699973,0.028626028968065605,0,0.029279578470753412,-0.19478092493993077,-0.019609218513822954,0.8369134009403039,0.5166000819156117,0.045915083230160934,1,0.07376077576020852,-0.060169566678311436,0.003008872833714496,0.5013546695686787,0.046405070240893354,1,0.02946279451438,-0.0223522528182635,-0.005755872127437836,0.41941306806358525,0.19806626710993344
86,0.4990972937641662,0.038883466974875464,1,0.5507837045798566,0.0486646434585451,1,-0.007343103102484962,0.0581268076823415,0.30126913979552955,0.026963730003628523,0,-0.0008483088811202388,-0.17724461680512943,-0.02063793451822073,0.8400234648034423,0.48200997847246635,0.04267649757001854,1,-0.002168963504024403,-0.009022469382303184,-0.006798588641206138,0.46254835302377517,0.042906864288154774,1,-0.0008613167857605296,-0.02690228174967214,-0.009688048440792244,0.4001107610119399,0.1938572377863543
87,0.48444266412172704,0.040995036956172855,1,0.5352136705647518,0.05759361688262323,1,-0.0496430627652935,0.08485673333004526,0.30481401312867773,0.027632022357136014,0,-0.0146261641407814,-0.1485955127591332,-0.03196430997140763,0.8320434545688659,0.5001033240505907,0.0441450918358505,1,-0.0376043544723023,0.08827819718414875,-0.05057051866125578,0.48566159751572946,0.04292547715906064,1,-0.014892631956809304,0.024058093206854578,-0.023503863734315816,0.45300449016993366,0.20608668900475308
88,0.5181145595911225,0.03900283282813171,1,0.5990904458039865,0.05141586439164459,1,0.05439581768262816,0.044694628121358215,0.32080512852298154,0.026576821008885525,0,0.017022958979231485,-0.18545696659234157,-0.01076086386390844,0.8443981114585405,0.5193195223448456,0.04206654524680359,1,0.04282606531957632,-0.015996868556370045,-0.007509674418360619,0.5158812862327906,0.04201707708095226,1,0.017344588476889924,0.008520740028677358,-0.00998404227277663,0.4106642560409324,0.18832803808164197
89,0.45367245331457234,0.04188224573748063,1,0.5349183717532038,0.05482362463578734,1,-0.05535731882884293,0.09027569058204682,0.2890775446513598,0.027366469455479596,0,-0.04262629133905943,-0.14558472748006177,-0.02271143652951897,0.8455019606447153,0.4539110174775399,0.04399857950477772,1,-0.10627499246975892,0.09297374612419743,-0.03278773617689859,0.4636286478427699,0.04293548244821906,1,-0.041628186971282,0.012504212534492479,-0.007247377720440644,0.4077286621272449,0.1997589755139363
90,0.47129243590756237,0.04282666117645093,1,0.632223115037801,0.05415517835437059,0,0.03195297447453354,0.1002701405632675,0.290711485467924,0.03228874158846583,0,-0.027315730185391636,-0.16636281484644092,-0.015609969500243383,0.8376276836188008,0.479099044620841,0.05238080789757752,1,-0.06944853687027734,0.08579651801782053,-0.03724893652670223,0.4627715602617889,0.048397279435806954,1,-0.02758359826199943,-0.002565887558905093,-0.007078953917306565,0.47942645069644757,0.19937210933327812
91,0.4720738999620325,0.040398196885504035,1,0.5773544628741083,0.04722482940644183,1,-0.031479557266082835,0.10883402014019113,0.2945584318729211,0.02719302109142888,0,-0.026379560720418038,-0.16073995710372635,-0.018322050302934635,0.8443505290719968,0.46439603799340323,0.04190351876553543,1,-0.06547812717852623,0.07211415040490984,-0.04223998523298047,0.4694083690198144,0.041735765894089574,1,-0.025913883612631642,0.006612675983308245,-0.011290423350862118,0.449739554139871,0.21218739012022975
92,0.5814513793535829,0.041793670806677286,1,0.6530077256960207,0.052678930912231664,0,0.015145087232910666,0.13786263846311012,0.3697389978789486,0.02889867529750565,0,0.0763806748906982,-0.1860832930711793,-0.020558383940570395,0.8332319464637112,0.5837944536404903,0.04576555224149516,1,0.18909552805030577,-0.11375479017220899,0.00845371576239358,0.5882109712931476,0.04561243407942999,1,0.07565333656224874,0.016519324920659342,-0.003961690189760439,0.4401322741139982,0.18596044363077036
93,0.5502582545663873,0.042974574640218886,1,0.5730163873438151,0.05164508952361234,1,-0.018745556530297927,0.09176194387411303,0.3380068973571237,0.03034107997024546,0,0.047976666140868554,-0.19048953304026592,-0.019480235743478926,0.814110132883292,0.5328571922710907,0.04933495993803744,1,0.12317463858270819,-0.09748251287583415,0.007165066564216802,0.5343746199194079,0.04740740129147409,1,0.048517392832108035,-0.015658525191238278,0.0015157522785382799,0.4558222699516136,0.21700859665862443
94,0.5680078177093018,0.04379234396023197,1,0.7237031176829224,0.06581621747338748,0,0.08230774790186189,0.1413953697810606,0.3635556365143856,0.031392068940463334,0,0.0628582112481806,-0.1865292548459199,-0.012773319887875077,0.8284451879665752,0.5837789722694025,0.05050498429227437,1,0.155213175245404,-0.08081697488105587,0.009382771905054292,0.569053258569493,0.047551951144678375,1,0.061849819486830965,0.000725306243618468,0.006478132839043667,0.486741235290544,0.20440348677105422
95,0.5532969629506107,0.038261479793770474,1,0.5939935570967769,0.04655869957563299,0,0.011939191866449421,0.08205436523032761,0.32759545221518993,0.026232281181758653,0,0.04879458543683639,-0.2107830183854082,-0.01041611483623829,0.845867377213332,0.5295267292105947,0.04175702477643199,1,0.12447783678360491,-0.12618600670914265,0.031234899136132307,0.5274457728062093,0.04053341748958194,1,0.04961668887695462,-0.026770330925946415,0.004599414855201155,0.4247811322313335,0.19991410466200635
96,0.4909602300189708,0.0405030036270878,1,0.6204571366777707,0.05389780929814821,0,0.016579681908310415,0.10387745476946035,0.29769590340588337,0.027241682747342115,0,-0.008516086423741798,-0.16610074787583468,-0.02768726229454025,0.847328928099388,0.47614624801913513,0.04347200358927715,1,-0.02190533023760029,0.003515382876848793,-0.0054638046201134815,0.5123864122361643,0.043875540852530766,1,-0.008637617803400634,0.023773474327498215,-0.002749444287933237,0.4607976799887544,0.20528453534950414
97,0.4906816634962131,0.04330150436730988,1,0.6546040424812799,0.058625259865071486,0,0.04143493668419889,0.11316910579708099,0.29645719191090647,0.02897527936977544,0,-0.0082813383931784,-0.16944305995580308,-0.025818409740112003,0.8407829064831019,0.4652637228429503,0.04627939138679388,1,-0.020737721107920725,-0.01176403714677959,-0.002234518902349324,0.4603045668725573,0.0473917428862695,1,-0.008449165507837777,-0.02390042946390226,-0.00734583815570264,0.4285567977017646,0.18309106144013984
98,0.4515878649855456,0.043275631451274374,1,0.5206258588326619,0.05320226128246092,1,-0.01257616447013757,0.03320202330279944,0.27635701197514984,0.028285510781005913,0,-0.045543789693557823,-0.16176306963890405,-0.016336128692388187,0.8364857612932048,0.4239717478049137,0.04529362140746832,1,-0.11402293431734813,0.04157180024606155,-0.0035771181237997485,0.4276902354508393,0.04608949696428437,1,-0.04562244737616375,-0.028600047979698284,0.0019127308067012295,0.46433405094492597,0.17804647138233556
99,0.4898204897099048,0.04356696368283651,1,0.5018915699110277,0.06048958630213918,1,0.006914672710981059,-0.0050231027999533715,0.2810079482106065,0.029640134275058194,0,-0.009875907910168983,-0.20756577511108157,-0.0015503687681430183,0.8294465283313045,0.4414531099504906,0.04680470900712254,1,-0.024490311099955565,-0.06041305827425687,0.026356479324702902,0.4416860453372779,0.0456134760647097,1,-0.009679272525684764,-0.041425183522349696,-0.007209498614687646,0.4134343944830201,0.20565649373737988
100,0.4470287033639445,0.04101406343376636,1,0.5134865017381605,0.05234665795235812,1,-0.016829567696041183,0.030316069434201665,0.27839853118594293,0.027565548714431825,0,-0.049375085415335605,-0.15186826598906458,-0.020358117409656838,0.8391245765004828,0.43679564899559176,0.04302921359362294,1,-0.12355219693521624,0.0865627590077201,-0.026214913076912105,0.439951815547333,0.04265817685936752,1,-0.04855901859369087,-0.003397446223506241,-0.008091719635469983,0.4523735152262894,0.1856624519285409
101,0.46743999077121573,0.041745438024068326,1,0.5189097755708393,0.05759336632626115,1,-0.03244236146649862,0.05135213703733787,0.27817058287291996,0.02862580877373868,0,-0.031022946603043347,-0.17243791004226952,-0.018368560481767205,0.8337020821066521,0.4439985784114365,0.04538225309244207,1,-0.07745689402091765,0.03688038284261042,-0.015424910410256336,0.4787284856544101,0.04537323418739177,1,-0.03129898745162032,0.017752320083299616,-0.007724846977269299,0.4477769241043861,0.18735291479745786
102,0.5317533529814847,0.04379109549391931,1,0.5460978173056743,0.0523345731462207,1,0.000630425562173428,0.045467391743500875,0.31234695316550093,0.02791841991454517,0,0.03021190620407238,-0.20903510447895857,-0.008829848559612897,0.8548967924415785,0.4994381858384938,0.04439598997466065,1,0.07596645610904368,-0.0920553472638794,0.015527076993329515,0.5114906117000183,0.043950021944194936,1,0.02993036387110306,-0.015488237794157282,-0.0029515143769275327,0.4273737474183617,0.1978911354438502
103,0.5435828716110681,0.04342239852953926,1,0.49775256754700953,0.05579216521324764,1,0.004651092106845148,-0.0068985245598355985,0.3303844913166318,0.028439146441093504,0,0.039909832958342946,-0.20405007722724144,-0.00547526441446967,0.8314013164334623,0.5232978726189335,0.046064694194708454,1,0.10231535045202357,-0.10067114266661002,0.02165366483351997,0.5434957092871738,0.04432335405800401,1,0.03952725173257902,-0.0033732088111795193,0.007341666365774385,0.44958048417490154,0.19947918342948964
104,0.5088227547101742,0.04322931496030998,1,0.600624573970557,0.05952290407063933,1,-0.011193907984733898,0.11181848195529084,0.2792013130200354,0.027087924040195648,0,0.008025018413517377,-0.2189973083937245,-0.009826396999757478,0.8312767746549582,0.45200508616379176,0.04336409393856223,1,0.020196923804795205,-0.09592329629489485,0.02773145865389144,0.4708977950815729,0.04252750896036441,1,0.008009985880058476,-0.03267939054040512,-0.004432800258080432,0.45779503131378574,0.19781670056166437
105,0.49633712883472636,0.03852360650809616,1,0.5467829890035928,0.05729315305346047,1,0.019744195320216082,0.027038793683376652,0.30332601112126856,0.026558755330545473,0,-0.0034138922057071882,-0.16321235485751756,-0.030047741815506818,0.8281861363898146,0.4879948419169596,0.04212662651698863,1,-0.008602397023132405,0.027795301331772493,-0.031198062391680464,0.493939858126729,0.04126257040407072,1,-0.0033768530530941406,0.013578665081272947,-0.016261953901449834,0.4223839603116999,0.21071484805607768
106,0.5174028749059287,0.04090675310786542,1,0.6422156946087204,0.053647251710682395,0,0.008255372271185652,0.13396032233753463,0.3343537016796117,0.027441659460076085,0,0.01591841611710169,-0.1621537247973802,-0.019410989640109854,0.8427509845309249,0.5487663319422625,0.045451815836776474,1,0.041048623062283726,0.040815438169727845,-0.03309772928974896,0.5527945355572269,0.04249100681352072,1,0.016340378610680464,0.04195747814104809,-0.005503321194501642,0.4179387639886305,0.17430848678509847
107,0.4699884747817829,0.04057773965537745,1,0.5759572536803153,0.05010814617569654,1,0.019683424477458227,0.05627382920285705,0.2878259482912649,0.02909383201277762,0,-0.02873432154207077,-0.1693171893289154,-0.014122540837748955,0.8443418010882587,0.4460868674547131,0.04523060061949925,1,-0.07029235145401144,0.035014502646178745,-0.01863528373745428,0.45726280262404595,0.04409679554097753,1,-0.028132521963941372,-0.003768557918781238,-0.010836117493231457,0.4180475201542543,0.20530092081172205
108,0.5214567504727472,0.044330171790928116,1,0.6303588716897062,0.05242059646281593,0,0.06082781245691519,0.06953105923279083,0.3503354220111781,0.029571252866247965,0,0.02027602057101478,-0.14146742884137192,-0.028473169718464742,0.8309968284481632,0.5474178943350979,0.04771850395597325,1,0.05081840515055608,0.037458635484257576,-0.04085914629971589,0.5395453862686491,0.04584176605126735,1,0.020015592672869,0.031698265977533224,-0.012168472381752971,0.4415324715278917,0.21169754654961784
109,0.5633415486234854,0.03938440007403202,1,0.5685969734770356,0.051570889908913065,1,-0.014168337112038387,0.08276531058907406,0.3316043865913699,0.026491069900863137,0,0.059671575961702486,-0.2155930591790126,-0.012474130191319887,0.8409158917192812,0.530675534983964,0.0419380087603559,1,0.15176489573208554,-0.14842696370730604,0.027337602959184512,0.5468486391427098,0.041626750065819285,1,0.06088124184530662,-0.013886896247349087,-0.0001457064552477346,0.40003284936158323,0.19996369894511098
110,0.46176832478490504,0.04168551819750276,1,0.5395829825380665,0.05470391653759049,1,-0.03524005776970352,0.07482304030776993,0.2854291684896465,0.028240648800858616,0,-0.036105304579950856,-0.15680399368042264,-0.021661533249980006,0.8343635604205688,0.45200551787083304,0.045457787881841044,1,-0.0912352008270469,0.08537419492837751,-0.042133476230497555,0.4538300144000355,0.04397840368702616,1,-0.03605922354400025,0.008273937578086999,-0.018384699634051323,0.4154732239789965,0.2112961388564144
111,0.4941866787035681,0.0419525121880826,1,0.6098484426860018,0.05944205926647474,1,0.06075173514106587,0.04909670754493581,0.32208883247017833,0.029861945907795364,0,-0.005597587814400915,-0.15424799390482202,-0.018065585810598604,0.8366368449103364,0.5211749946832407,0.047533805596845335,1,-0.01416489259122659,0.06355835288746983,-0.028218465613002452,0.5108282749007854,0.04568243019284052,1,-0.005641497916445755,0.020326389848761454,-0.0038566170315302768,0.4283992335639539,0.21846462662185023
112,0.48554493967217055,0.04287796865206084,1,0.5267954256269546,0.053274549931099306,1,-0.018629584176679204,0.04542500980363366,0.2925770975941279,0.02880943453571318,0,-0.013783889762546938,-0.17632465342899392,-0.01731435921433112,0.8457129842797739,0.4612317612575139,0.04572797406249499,1,-0.03479070377912034,0.011348579508508249,-0.015326114471874036,0.4484751192528746,0.04567181582055601,1,-0.013650808228876439,-0.02016823345836723,-0.017705839059881698,0.4488182542873831,0.20718060826620463
113,0.5183463945134921,0.04242474437886881,1,0.5972517899669462,0.04916547841301649,0,-0.01629816286119448,0.11354995282814073,0.33242858783862844,0.028363484098171545,0,0.01773218939560203,-0.1551623140335299,-0.030141287523443652,0.8398225507763737,0.5226539127700639,0.0458757837348481,1,0.04343679172203964,0.017051478732647687,-0.03783435768462354,0.5365240241211999,0.04485071340638012,1,0.01740643230234345,0.03089598437503313,-0.011778392556176714,0.4511787896741613,0.19106897979010748
114,0.511443388370425,0.04327329876556602,1,0.6816549833996105,0.05050436320197057,0,0.04795496106403504,0.13370002233557546,0.3448958385159812,0.0283050395737393,0,0.01066069484568749,-0.1428408400399767,-0.02292401628972949,0.831054757124607,0.5438501102650519,0.044530419014838556,1,0.02680082532188107,0.055319258962884914,-0.03826997401971409,0.5380737779513484,0.044179156391054256,1,0.010583895256038381,0.0370802249984942,-0.00959034230318414,0.4572524373816448,0.18216808846961746
115,0.5448942969189331,0.04186784396206382,1,0.6088869095426529,0.05206820670571915,0,0.07863243509529366,0.030254474447359285,0.3286840356021593,0.02826094953060233,0,0.04137731813254971,-0.1956189042350434,-0.017074378295347036,0.8390502301665339,0.5292327366579812,0.04383897021644807,1,0.1041266846170796,-0.07976501252606862,0.004871064566970135,0.5466676400525777,0.04420364935138133,1,0.04129190372192591,0.010757041346492644,-0.005381305015840765,0.4516323980152053,0.17876662442373417
116,0.5212603355362053,0.0395727261872871,1,0.5887887662857876,0.05717865055819174,1,-0.03641155927254162,0.1252003255583292,0.30740524999081276,0.030166438775229475,0,0.019828797032315635,-0.19134503917069054,-0.02107850787081249,0.8293591081069229,0.49429471858602647,0.049487768544225735,1,0.049502010032230905,-0.052183247649487216,-0.003024043796717286,0.49765023239458245,0.04636462993686415,1,0.02022062128775797,-0.012835053082634098,-0.00973533581054141,0.4497636792149413,0.1746390911461382
117,0.505940502991738,0.0385805748679664,1,0.5373446407906181,0.053088102858077656,1,0.015713196957395464,0.021631443833222644,0.3050893982315069,0.025671663796032456,0,0.0056402387173182175,-0.19079260716030466,-0.009758233325506717,0.8424416483506292,0.49653207368037533,0.04031284936681634,1,0.013977444338400672,-0.01854281845112275,0.0010974477930974,0.5005712515649893,0.03932181152270934,1,0.00558024395013656,-0.0012265453793900416,-0.0037824470057572154,0.4401147364236995,0.20128709087083257
118,0.4423426096010955,0.042089605640427345,1,0.5719436717316799,0.05029484798363697,1,-0.0039308446767575165,0.07587451640843734,0.305010162912805,0.026772103846395143,0,-0.053939054714444344,-0.12420624412249816,-0.016844538250252426,0.8374214202211172,0.4798712079130013,0.04232765108046428,1,-0.1326715641843627,0.17068929293744928,-0.05814652084008515,0.4529649989236774,0.04129437704801179,1,-0.05304798215623755,0.02228294993129527,-0.016269968851380188,0.3802575114112338,0.19101995198584465
119,0.5123766290391802,0.04369450345658977,1,0.6204001767964237,0.05178882412646554,0,0.06317790429871098,0.05722227249771272,0.3140492549055992,0.028814271131525106,0,0.012024883332575185,-0.1819651415595719,-0.016010486867404035,0.8509599939444806,0.5033027604786968,0.04577991488168465,1,0.030068420822325227,-0.006369958233413762,-0.020395702110214665,0.5139039931965576,0.046749599487474196,1,0.011853535798171437,0.025407005615440226,-0.023356548217054105,0.4217456183888477,0.20931521039193626
120,0.5215712097911933,0.0389938483601911,1,0.5685504884864939,0.05140288289617936,1,0.035329068319437,0.03322142016705692,0.33313133559811453,0.027034898556440232,0,0.020030927276623745,-0.17494574129351473,-0.011953850384994445,0.8355427263889462,0.5410548746818223,0.043053378570679326,1,0.050997627290642264,-0.004391796737581823,-0.005550955871238032,0.5201251032632951,0.04215507625484196,1,0.02064345980346014,-0.005652842561612129,0.005134486021447208,0.40584254365478134,0.21410983734827535
121,0.44902074552691823,0.03995288724163028,1,0.47875511145884975,0.05560796682110947,1,-0.05575968142762651,0.034514792886476194,0.24852586305870167,0.027660101476553355,0,-0.04807889169021711,-0.18937437154479742,-0.014020873706283908,0.8600353686210375,0.4062994192494538,0.04501917719382492,0,-0.12065214649307475,0.037139114647875275,-0.010187548905346702,0.43143928620620164,0.04330480717744042,1,-0.04825276091071305,-0.012624798562821763,-0.0076831543202635355,0.4428288010629732,0.2168750938013206
122,0.5568785113026682,0.04163219431285852,1,0.6505685288774623,0.05526489568277969,0,0.019131197510829645,0.13143733136663252,0.3531888911739047,0.028794913429019683,0,0.052203553578075886,-0.1693940993758259,-0.029620563028345388,0.8327667419169378,0.5653261337012311,0.04650764152954991,1,0.13276079838486052,-0.051455570736933305,-0.0159790939466963,0.5756280255418665,0.04554109964101836,1,0.05343733703896712,0.019093164632982967,0.0030975238699164913,0.4467662196775206,0.19385934654225045
123,0.515940724653277,0.04377236882543154,1,0.6070246165727234,0.06197987203851072,1,0.01211170359480199,0.09491291297792137,0.3077755061862331,0.029010182242757872,0,0.01471946854254335,-0.195085804382491,-0.011858157973819226,0.824079611530853,0.48493313082532763,0.045404802916256634,1,0.03651949386655756,-0.056542722760931745,0.004956359719701823,0.5068073648265659,0.045755177957037,1,0.014718643220485614,-0.005908357011969432,-0.0020029213819504265,0.4213759506942514,0.19131889092404708
124,0.4693416410055983,0.03933313858046613,1,0.6979105626380618,0.05672978612801374,0,0.048317950066979254,0.1495926125710825,0.31613500182012494,0.026370610014670448,0,-0.02897970125771278,-0.13363592341667715,-0.021249373505485097,0.8428780439824998,0.496585074247718,0.040799873928218655,1,-0.07138133682112716,0.11336834053378898,-0.04540192946494379,0.49590594160572776,0.04104951190768463,1,-0.02870542624497992,0.03628549767808182,-0.011674129827374109,0.4174435649300492,0.1870129067481399
125,0.516154038968579,0.04338118390465174,1,0.5646735908641368,0.05758463895738505,1,0.00393199352354097,0.06074159734059587,0.33482237662298797,0.02956593696264239,0,0.015195725845311038,-0.14737267093120499,-0.033000678291118156,0.8192765204519913,0.5329383928080065,0.04796430315008675,1,0.03870982964281894,0.04331813161648785,-0.049089568451300344,0.545947385654162,0.04602038648655802,1,0.01510010568625524,0.04385492571681533,-0.013007645748908435,0.4206117235908034,0.19211679596087355
126,0.47502372465803716,0.040593141043846655,1,0.5996706097980301,0.0482361790094965,0,0.027946986430187816,0.07172362336784227,0.29814692484160277,0.027386443863007582,0,-0.023889125904201017,-0.16310055540329826,-0.014863393850897974,0.8380427471440746,0.4868962624595423,0.042890499670031015,1,-0.059319378404274994,0.08295180265804604,-0.03673616179422869,0.49529100403350795,0.04222906798412844,1,-0.023517710797762208,0.03508461157722771,-0.016275896745957495,0.43011609039813453,0.23026086642810378
127,0.5084202913232326,0.04226162006667769,1,0.63628409016794,0.049182109466857846,0,-0.055134944729325445,0.19141903489726542,0.29814091797005016,0.02855158750244299,0,0.008003617946705618,-0.18111202752509353,-0.028750672451561897,0.8492965207133055,0.46919378975454495,0.04537739845247102,1,0.02009159193457201,-0.0430153126015583,-0.007882489578468677,0.47844427013461055,0.04443890430374355,1,0.00815579284077049,-0.0103650895077642,-0.019346433198395702,0.44273978644991546,0.21732831748663722
128,0.44539413198210537,0.04341818253593173,1,0.6137449610859288,0.06236311708667714,1,-0.05068275201935521,0.16442771310528412,0.2809562896308244,0.03003212433268725,0,-0.051628036877530384,-0.13825889459378576,-0.029156778897859507,0.8351058474845456,0.4405058509098716,0.04736495699681441,1,-0.1296195335822787,0.1306568232825783,-0.060531438790428,0.4451021679195465,0.047607166000770286,1,-0.0511354514633157,0.018003414307499348,-0.02176579492463716,0.4244457532312866,0.18375309180746763
129,0.5110459864562289,0.04257819517026225,1,0.5855228155267388,0.04930117708596944,1,0.005351444123974694,0.08017137140276405,0.3040715256528619,0.028770508768060154,0,0.01050890438486241,-0.18818841822071375,-0.01824896051128671,0.8514321304319619,0.4827914714913718,0.04536243355871091,1,0.026507404452383,-0.041780521604394556,-0.0019354113566166036,0.4478108738557272,0.04385326424309743,1,0.010264419862959116,-0.05154054240865376,-0.010913003598578209,0.39631559101872443,0.19535239573697546
130,0.49674706780571226,0.04216022472138079,1,0.4891850305270917,0.05307242407162003,1,-0.0721779180667148,0.0613629485938065,0.30362703948279285,0.028734427264727025,0,-0.0030353360818681403,-0.173182279771716,-0.020155344663622992,0.8440283684435805,0.4869677192526483,0.045968657814074464,1,-0.007579596273801879,0.007345141583256177,-0.012797826056805973,0.498336981990215,0.0442933044124721,1,-0.0029498821983178682,0.004500153045936226,-0.0032132888574033245,0.44991384448558064,0.21537442737046603
131,0.45494001670124773,0.041633038694172134,1,0.5963169041440622,0.05123113034366604,1,-0.05767737017495859,0.15399427431902088,0.26746441215818206,0.027482592088380307,0,-0.041954612422550434,-0.1799742990494365,-0.010606676369831064,0.8314605927551824,0.41374399561699277,0.04360746492472805,0,-0.10811397336908032,0.020002761953172757,0.0018552070329003463,0.41028432572403223,0.043837507293226746,0,-0.0420814564441438,-0.03787063323559009,-0.009763584596233919,0.45320087550608734,0.19577943508026072
132,0.49760484638151803,0.041368245770317925,1,0.613110227835307,0.05739165152353231,0,0.029602620915831962,0.08350760691947498,0.293546258873347,0.027255380634462482,0,-0.0021504870826455696,-0.18631709542859967,-0.017986158615407706,0.8255553600324519,0.46958331209067666,0.0436636320537811,1,-0.005547805216554673,-0.03320264878289116,0.008333766090122478,0.47337662826962573,0.042757877238812504,1,-0.0021521174351261008,-0.02422432177026287,-0.0002469325249853088,0.4076318954060215,0.1862307330357497
133,0.4860656368940146,0.042986403681779486,1,0.5625715850460588,0.059762516017828726,1,-0.04153432549670099,0.10410591054275986,0.28989457755545983,0.031078505626760042,0,-0.012951002958042355,-0.16918541341389176,-0.02796900607260606,0.8361110405974301,0.4556985686538816,0.04986988870439181,1,-0.03265962897964638,0.00570739485885262,-0.017349197225324624,0.46329665195878517,0.04805318877691125,1,-0.013024323112189248,-0.003909175416346777,-0.019769849512678656,0.42242429911475676,0.18610394705433078
134,0.41385168634785485,0.04230567567788002,0,0.6069447496594276,0.05389438141729625,0,0.009708046573076461,0.09723670308635111,0.2592940179206715,0.030182497709409874,0,-0.07945227289869485,-0.14803026706114056,-0.01322344211949307,0.8406717340716356,0.4317171190291505,0.04752704415877425,1,-0.20033776509482468,0.1666857453754526,-0.034630861251477414,0.4166559827539031,0.04623585086843216,1,-0.08146254898389602,0.004477381677519113,-0.006358849939719991,0.42490237692297317,0.18915759794515777
135,0.49382344444898657,0.04337965514531938,1,0.6089567035240377,0.051681027685314296,0,0.007486121618601396,0.1014705819054363,0.3029661333558892,0.028606511419774407,0,-0.005659288881500429,-0.16690431673724235,-0.024470261025367975,0.8379101402938008,0.48095064782797625,0.04607925795713297,1,-0.014193603830717138,0.016801227227656364,-0.02165697556896303,0.46945530070290636,0.0449278672030867,1,-0.0057767307345601175,-0.008547042573180988,-0.016220925989352528,0.39505771255595673,0.19893475028541346
136,0.46832608350557847,0.0399982947657615,1,0.6291418746056985,0.04679524850639204,0,0.04737830337927517,0.0817635712264232,0.2859923605817063,0.026476338302338902,0,-0.0296791645242051,-0.17311391992966493,-0.011214554964423657,0.8396382675901148,0.4692663573979481,0.04155464713434176,1,-0.07549595996761857,0.05609692821969136,-0.011334610854124664,0.46694890622195645,0.04175773072799653,1,-0.03012351189981971,-0.010792943441792246,0.007865361563568377,0.41737547899345745,0.2184194203890071
137,0.49990287423689167,0.04097084338181783,1,0.5960975675827627,0.052818510664148416,1,0.03812591204927241,0.05797165553349024,0.32250331716617336,0.026925913418781453,0,-9.164286508349105e-05,-0.15226116298007897,-0.025143876988664077,0.8437381434499778,0.5247556766680149,0.04285407241595083,1,-0.0002369305684473017,0.06813673519487082,-0.04314412795840856,0.5473870333370998,0.042665141032256965,1,-9.168860374890247e-05,0.050255181706441714,-0.0027764597655928476,0.43348614059612917,0.2077443388107163
138,0.5455497244045159,0.04033790445664955,1,0.641046247207364,0.0559249863201565,0,0.11771005702370188,0.023336190183662172,0.3248449536898891,0.027372574587968063,0,0.04240708522624407,-0.2018891212142274,-0.0156730103221276,0.8457521747880443,0.5130914777992245,0.04296383225416752,1,0.1072784472129477,-0.10990737737121445,0.015720407957491207,0.5299182802140494,0.04306969720416832,1,0.04244480845859235,-0.00417219263260802,-0.008354335611934858,0.40627832983449924,0.19940149353846873
139,0.4723355612769954,0.04447239196804788,1,0.5888470612247416,0.06384002230587589,1,0.0074455045973960176,0.08140155662734554,0.2715421589271437,0.03190628951534271,0,-0.025785357322859838,-0.18609025628804285,-0.016582227461953675,0.832230119539858,0.4412747519154192,0.0503481968062685,1,-0.0646963790580786,0.004464291503153431,0.0015068394703444186,0.4494930958635387,0.047703280139140436,1,-0.025316389671096284,-0.022237240895389268,-0.002953273569975724,0.5163360811258754,0.19706803301279835
140,0.4874750080580146,0.04159428916995819,1,0.5604005714501766,0.05279876742958897,1,0.0198296462297139,0.040570925220462704,0.3023033464539358,0.02901441914647704,0,-0.011832004112542663,-0.1651621242208119,-0.02070252521270963,0.8348578713706095,0.4773387924505959,0.04705746742377567,1,-0.029759342833573097,0.03529358830871584,-0.02819545302454689,0.4619449330619539,0.04361816591802671,1,-0.011693991728521851,-0.004684279608931757,-0.02167679560059252,0.4017562457641575,0.19090460546362786
141,0.5233957535608456,0.040542701641025754,1,0.6575228887051194,0.055258814424874424,0,0.047447019884421106,0.11007586882069827,0.34188631444372175,0.026870989495037335,0,0.021785620967371865,-0.15096514174751258,-0.028934164776137507,0.8336263727075197,0.5406987525868675,0.04349239104157629,1,0.05579729623651484,0.006240235026403487,-0.02133877867605078,0.5423296652807235,0.043375801839439114,1,0.022184467936211132,0.026311500053276867,-0.006166302708764545,0.4297575006949174,0.18945414453030976
142,0.4617053907299516,0.03995202072548229,1,0.5707327589628118,0.05387277194365229,1,0.020569162400226878,0.05016359656258496,0.30009489051200466,0.02770536343364893,0,-0.03598371662661414,-0.14235942947217237,-0.021561963389208884,0.8261781962344537,0.4762751386483847,0.044308082084554834,1,-0.09199677411424649,0.09261404811939769,-0.024342135356766464,0.44805428044178724,0.04323286368371275,1,-0.03577285997720145,-0.01450582417872213,-0.0016670354022891743,0.44565528398670295,0.20156436597768768
143,0.5181064526077841,0.04150990150706794,1,0.5390148952364174,0.0509163008037513,1,-0.02378014094838076,0.0627950361847981,0.3251242398139538,0.02768455359268304,0,0.01744911582682987,-0.1879332582312266,-0.004391617781649399,0.8337784602552747,0.5141722141253564,0.0442062799617757,1,0.044137510737944155,-0.027692221631486928,-0.002273074981100776,0.5276909321038572,0.042913311720975775,1,0.017449732444124774,0.011661476499792874,-0.0014202768400603679,0.42176642697348316,0.2236486721003824
144,0.49298136964268385,0.04580965577277782,1,0.5740759538597933,0.05842339910442808,1,0.018585796750712695,0.0554901571090806,0.31524996493551655,0.030349877728308827,0,-0.00651596712130437,-0.15501768862178655,-0.023216379321392498,0.8203075124935753,0.4887599492736742,0.04900876630277265,1,-0.01638853252187426,0.011251767259433264,-0.0061032854638847795,0.48861812451096065,0.047275449527597074,1,-0.006466556070561068,-0.0030378953820837736,-0.0018774240363944022,0.44193337234684343,0.20045911831057606
145,0.5595557748120392,0.04048840258964641,1,0.6061058420480988,0.05253827403620673,0,0.029561397337123485,0.07654444471097523,0.3440491683627726,0.02702698726267083,0,0.055563579244717394,-0.20241015329995846,-0.009104257581986389,0.8351294772966544,0.5453661792765543,0.042761212971645826,1,0.14058961444855037,-0.12541474338501732,0.03019130821302131,0.5660449779203134,0.04271083098828712,1,0.05514173560198662,0.007053966723567569,0.003849275594759176,0.4587516918828872,0.17429579547624813
146,0.6016561021643377,0.042994144773839074,0,0.6644266813965144,0.056039397460275406,0,0.028813830946409904,0.1356128504501045,0.36986176802782633,0.02838252335892764,0,0.09491460825803782,-0.19800996705089183,-0.027042873179319762,0.8395964424771569,0.596376842519197,0.04448582189655093,0,0.23729319591332707,-0.13963297416472967,-0.0012833792294003467,0.6048229436816522,0.0437252944196241,0,0.09369931903611488,0.02651276366602496,-0.01538913902048771,0.44602497728930746,0.20526973203928953
147,0.5780893411867448,0.044642489597391345,1,0.6502624272392385,0.06005214378786592,0,0.04147265771920184,0.10878976952003672,0.3506097570230607,0.030542524099314922,0,0.07371472957108689,-0.21531358816091517,-0.007791384387111054,0.8275932658535654,0.5604417619624267,0.04899431479239033,1,0.18644357139921297,-0.155668370939607,0.029666561502820682,0.5798734165746684,0.04785645314722229,1,0.07382476216986221,0.0020515530118180663,0.003997101392988242,0.4432892099386072,0.19363114836200013
148,0.535217946061033,0.042948584777613714,1,0.6049703099553709,0.06386630507884475,1,0.0420107298654219,0.06295958008994898,0.34679861657201944,0.030423657374747514,0,0.0333482646471988,-0.16067443551576846,-0.025875212559410932,0.8343324048724166,0.551711363808798,0.04859837413510849,1,0.0832266853112256,-0.002602066048998149,-0.028913255453429453,0.5546390939029454,0.04617034131634576,1,0.03289287234708202,0.03827786466648484,-0.01653164311062148,0.4049578270287742,0.2060066684398453
149,0.5357401838047853,0.043684971769125995,1,0.5470218090178728,0.04828040108550142,1,0.04320157279073038,0.0038202362271423664,0.3132603640984196,0.03015493408841116,0,0.03295258074664679,-0.20724068191295664,-0.012451534735270562,0.8484815876100065,0.49924924223368544,0.0470674669845345,1,0.0815854829331949,-0.09905151534645175,0.016715274646942346,0.5015803562485869,0.04644308845026385,1,0.03292318362996928,-0.023876318399649307,-0.007466508981733086,0.45355867302481806,0.18365774760909823
150,0.46656484777029933,0.040941119220841794,1,0.5120592455039386,0.05548467921555581,1,-0.08368720368398676,0.09574644918792533,0.2770852712847496,0.026662959526263227,0,-0.03055839864598402,-0.17332548121289873,-0.019030848856367584,0.8394312866846328,0.44145212767609926,0.04236548036167204,1,-0.07827694813788118,0.02659609391966439,-0.006867018105683963,0.44282792042448677,0.04109213001334895,1,-0.03057475309015797,-0.02627845323097426,-0.00031887325438103117,0.4109974800395108,0.1867149756754204
151,0.5168700736589383,0.04098273543553304,1,0.5646918375514454,0.049326409513842095,1,-0.030908761345657957,0.09560059889710333,0.3280063423596801,0.028030826179257368,0,0.016271111337360984,-0.1736815420493605,-0.014583226928320384,0.838697881837511,0.526084594079962,0.04439032689607163,1,0.040149559875469164,0.0037338498965902417,-0.017798815692097292,0.49792779009115,0.04438753714663278,1,0.016216668540700183,-0.01235957490833073,-0.005929303541219473,0.45015877021008815,0.19871911433070702
152,0.5199580577109816,0.0416509062384916,1,0.6653353020620093,0.05129659921749024,0,0.011771575120382164,0.1535637269416271,0.34126357641444083,0.027102167270426185,0,0.018155026364905142,-0.15085794543379571,-0.026033504516668634,0.8215505732613682,0.5522664057419553,0.04185614581085787,1,0.045993712261527,0.03814161998276458,-0.03186892650233634,0.5465221106808011,0.04199343156208294,1,0.01871397021195536,0.03490689576788232,-0.007098755299036543,0.4121597711155643,0.19587291705297163
153,0.5226938678793345,0.04211843871279385,1,0.5309245168199958,0.05419660395429614,1,-0.022397441624443803,0.05332195844443944,0.3101359545595009,0.028630668581678394,0,0.02112912699312574,-0.19942701153992629,-0.011566160893698416,0.8337340157976193,0.49533994837694206,0.046025353170509126,1,0.05368648177432401,-0.07387815010348248,0.015531616706100653,0.5089145860554233,0.04370215881628767,1,0.02126360127763212,-0.018158539536397046,0.005809524314188098,0.4480012192134212,0.18518233505257614
154,0.5299214291702387,0.04052060164301274,1,0.6105363612877862,0.04983612175023044,0,-0.0022540201815364155,0.11279038146932263,0.3236635465146992,0.027618889190068004,0,0.02830378041370976,-0.1832938097348703,-0.021346424164140274,0.8327018878235564,0.506849669934485,0.04364380018336939,1,0.07136278287279808,-0.07443863094874983,0.009925518010436857,0.5124608203341409,0.042602681620606264,1,0.028577636675776157,-0.0102409234534064,-0.0058758928882289025,0.42802323104881523,0.2153043441570919
155,0.5423670628853914,0.04207662955682243,1,0.6332867919820547,0.058788548532264444,0,0.04849293372116495,0.08479385826088978,0.333225651796251,0.02740345486328271,0,0.039121020995011586,-0.18950068321123834,-0.016394685987522153,0.8365784827896943,0.5325431476186286,0.04393743234220808,1,0.09852824732111,-0.07881966555254905,0.012834565850067798,0.5236467615094538,0.043060721821665364,1,0.03948751876009293,-0.013803848378363308,-0.002036908872275686,0.40792547916313726,0.19486645664005034
156,0.5319984839010482,0.04298813279675006,1,0.6585814468690405,0.05523254303516664,0,-0.02432297068621671,0.18290441755525721,0.31695954607165916,0.02924788950548329,0,0.030263972151736453,-0.19671524094847742,-0.01658918513159986,0.8346238384557559,0.501157293709137,0.04625573837634946,1,0.07648341748463214,-0.07541411409975306,8.799032425795088e-05,0.49502784694804525,0.044722372902134704,1,0.030578792517905882,-0.022807878492838718,-0.012743067077021861,0.376194573428629,0.17734156957283778
157,0.5245697378350598,0.04210664630508987,1,0.7163255164388571,0.052690310104591666,0,0.01979291314480145,0.1965326032940555,0.34024789599939476,0.028689751905338085,0,0.02366489247754338,-0.1437438162310322,-0.03967318024711644,0.8341123164839377,0.5508270466522119,0.0462869450426437,1,0.060276396547824566,0.05113079426740535,-0.06058014416301797,0.5286739533027671,0.044256495570821223,1,0.02317253106451874,0.04194722376062459,-0.03644580152237615,0.4331501580997229,0.2118884335264309
158,0.5057518766696304,0.04106248759660692,1,0.5412671676114342,0.049644110239609525,1,-0.05956171838177189,0.10082888599320608,0.3075897521172866,0.027804443525601356,0,0.005342062560260184,-0.18395996882323334,-0.013792341619740158,0.8280129339463003,0.4859638718752077,0.043467587140391416,1,0.0133040058299152,-0.029677408020177935,0.002337274065470275,0.48933278194559576,0.04274551903117905,1,0.005309806493028243,-0.013459242644676161,-0.0025177819027563434,0.4212877266838936,0.19498686658744244
159,0.5767554888748336,0.03927420150294716,1,0.5568252172530596,0.044573881688256815,1,0.04672496926984464,0.010100247983214973,0.3563336328088997,0.026360378496135106,0,0.0726969551756113,-0.19944912827974176,-0.016914194086969852,0.8387220664701772,0.5768876353328009,0.0416862639463535,1,0.18532085777824156,-0.12809381966869868,0.01966059722325804,0.5686496204590077,0.04231980649065029,1,0.07278984392784416,-0.006215984810740987,0.0020757613419045604,0.45620369690384865,0.1998554926014423
160,0.49571683046773346,0.037505397523858404,1,0.5449174658350546,0.049045100083151404,1,0.04939473955140093,-0.004477273716346357,0.28263151494871297,0.025160451329234234,0,-0.003958431570876392,-0.20201634473513935,-0.011393708745271293,0.8476367297378887,0.44937371900396206,0.03914129997968426,1,-0.0100583160982986,-0.05503418594672492,0.014466221048985735,0.4695256962505009,0.03975246939721343,1,-0.004025299149857535,-0.026411909126633777,-3.709547300776203e-05,0.43838969725969235,0.20431500034771596
161,0.5664451304376502,0.0448313016709466,1,0.7014809878687398,0.05969518370103984,0,0.12158399103239363,0.07989699683634612,0.333863087208918,0.03113872697097742,0,0.062187478045464255,-0.20946467553314987,-0.018859715303396297,0.8380181208332866,0.5388753734832166,0.05042271975958133,1,0.1581298536669146,-0.14145544438723684,0.022200964203538724,0.5536190183400459,0.048196437364261636,1,0.06276662527049931,-0.0024345490565121555,-0.006713057873941308,0.4647698376631701,0.1912931979812535
162,0.5127004109576816,0.040329690880280065,1,0.5670125223549461,0.052012807637483484,1,0.035332836315313226,0.03167968603963293,0.31165978061697325,0.02803432171153676,0,0.012321315837034717,-0.1815600129083525,-0.019101522311709012,0.8379284477266579,0.4911799082790788,0.04410403321243215,1,0.030750828460003696,-0.026928830012280393,-0.012642090168644388,0.47997777476879205,0.04390772566532926,1,0.012173005270667416,-0.015426625144293464,-0.01676860535758186,0.4797740869459258,0.22057308875345585
163,0.47835137532929567,0.039197386518487524,1,0.49661704097834786,0.0507941116015183,1,-0.06591415160345716,0.06253119258180503,0.2553860929479164,0.02638982817826624,0,-0.020755882791811002,-0.21328800710763562,-0.010570017152636925,0.8409543831876665,0.40807332037866895,0.04200021788836697,0,-0.05188786367821057,-0.06626681636008484,0.02622800041696434,0.4430476686142494,0.041244691412232685,1,-0.020658841578339558,-0.0254237160960971,-0.010869773711313882,0.46105572330194117,0.203397886534253
164,0.5225830569632008,0.04184058538889557,1,0.5630160952091141,0.05470432491997379,1,-0.005749091810690414,0.06876518701980454,0.31355845452484693,0.029556825942100733,0,0.02150778596957077,-0.1843174811446312,-0.023631850300092527,0.8198875302771169,0.5051494814604358,0.04701243215830969,1,0.05454280936695804,-0.029891904732788094,-0.019501423173734225,0.5371662346810403,0.045864496874354094,1,0.021352074960480943,0.03902454142097899,-0.02321038170041966,0.4039738203045928,0.19060396441299265
165,0.4883582203779725,0.04075243448526496,1,0.506885404284074,0.04992243072548877,1,-0.03951979843999781,0.04640520272407184,0.28468281130741196,0.02727407761938022,0,-0.01100589092150749,-0.19761343008969764,-0.006697867681382938,0.8459446592556065,0.4567255451964329,0.04306284843305892,1,-0.027658530132577408,-0.024690958936230915,0.009075034265241099,0.46256097536217033,0.04108299281330726,1,-0.010821845140437783,-0.042332095702060375,0.015714916204668535,0.44365492805741724,0.20971176271127848
166,0.4860689882916783,0.04105516879523372,1,0.5619389249192028,0.05254839182682934,1,-0.015107268459652304,0.07704619337885507,0.3038115312704018,0.028151797065288087,0,-0.013442305184723391,-0.16762497945675026,-0.015121184088124549,0.8331124928270315,0.48629724016821896,0.04372838365184119,1,-0.03338628770057169,0.04127405593586919,-0.02159052806707857,0.47873120969131144,0.042684315725527035,1,-0.013063295284430766,0.00010818543419611752,-0.008313680458453801,0.434134639536244,0.21114813024009815
167,0.47594130079062463,0.042541077579069594,1,0.5623149580247394,0.05425854239371565,1,0.04027366660954384,0.02204129141519555,0.2921810253118485,0.027697781751543065,0,-0.022257643546157793,-0.1454867396670717,-0.04007459147492208,0.8455212205825373,0.4613854246134794,0.04432740076761303,1,-0.05774035683606994,0.06915083329851383,-0.050025051848964566,0.47465953182539833,0.04494303981249828,1,-0.023016439098138212,0.019818593133059146,-0.022142622209522716,0.45332761056068377,0.21775289318395033
168,0.5274561195140861,0.04025176852747766,1,0.5887325953244507,0.05588379511079013,1,-0.007213844775124965,0.09594644009957558,0.33658894275390644,0.027458313964686735,0,0.025240919109494966,-0.16597885873579213,-0.022673117619796315,0.8385447818118084,0.5377152471125551,0.043698733112560846,1,0.06382687791181318,-0.011707262752531322,-0.014404368046726708,0.5437057189796197,0.041862885476943605,1,0.02532868327825938,0.027478304320846355,-0.009101268619486024,0.41880349805010336,0.19972446939652064
169,0.5114313232043683,0.04076446794538856,1,0.5347509633978692,0.05208729565235596,1,0.05079075521257517,-0.016039791814705943,0.30751034694251694,0.02739088117864748,0,0.010880858964070145,-0.19240725959203844,-0.010963252429514804,0.8416356359122571,0.49255701680768804,0.042788622844094876,1,0.027260812331577587,-0.04388462446866065,0.009180828944771046,0.48324428378920975,0.04188865776087652,1,0.010580988668427771,-0.021836081023733602,-0.005500623855484449,0.41125353776435336,0.196290767377821
170,0.5323326307893771,0.0430974362721733,1,0.585390874657976,0.05167385313803646,1,0.02085010188362065,0.06454077277435526,0.3386572113821936,0.029670959119461913,0,0.03175013223776791,-0.17989090317917245,-0.01320201767640193,0.8407488922084706,0.5358872966392031,0.04764869516834107,1,0.07871252151616999,-0.04367721445590277,0.0008519895789358873,0.5470535097426493,0.04562329267027663,1,0.03156854845620337,0.019762431958742423,-0.004277470672296341,0.4135657618182312,0.225240625608066
171,0.49883593488940864,0.041959093141703284,1,0.5115384940279561,0.049771487403467325,1,-0.02007337301932206,0.031611867047278065,0.31219566348152356,0.028624933280482205,0,-0.001112907321921023,-0.17127230881057434,-0.01541912038598113,0.8433886174069677,0.4910154261143645,0.04407618325019218,1,-0.002738378070416007,0.023083574340023193,-0.029329770155242543,0.4923654674555743,0.04405839595760294,1,-0.0011036101012994021,0.012919261237757291,-0.01945018368088349,0.44220132617594876,0.20585399846764516
172,0.5083404340481229,0.04421495166142967,1,0.5902329404182602,0.0599460300768897,1,-0.028895045902073944,0.11912798632033418,0.3403225814782121,0.03111582212439461,0,0.007740471485333592,-0.14598193920282762,-0.021435950804293887,0.8390577248315374,0.5576697141173954,0.04969983546363411,1,0.019356899188752108,0.07457409382933723,-0.03626127890069391,0.5049440424604311,0.047368567860088126,1,0.007664345018014416,0.013448534591595054,-0.016168837149178387,0.40163299090160925,0.218895806743384
173,0.44006135786680106,0.045432111086015886,1,0.6229957908481357,0.05863293491538662,0,0.01892400491805063,0.10407178593008502,0.26155768137092167,0.030810156477561523,0,-0.05512105314031425,-0.16387384930184767,-0.019447416186916422,0.8326099907792435,0.4061776193444852,0.049888763269823,1,-0.1431149950407406,0.05456220026762938,-0.005269585882403522,0.40293566864615427,0.04864545373094679,0,-0.056704413856909296,-0.03307113491364669,-0.0072887825832898085,0.4293629174684018,0.19918413146241482
174,0.42713996617348904,0.042511807732727426,1,0.5795246821493516,0.05638877660116191,1,-0.0659434669776913,0.1454681491270428,0.26511651147030785,0.028382437967843843,0,-0.06969118244676724,-0.14104846337418592,-0.024143842708739004,0.8311132051323922,0.43438362378012474,0.0442408761862869,1,-0.17324828936428538,0.1554219351025184,-0.047790021958108296,0.4183262482763304,0.043884028897817055,1,-0.06959467067269876,0.001103754867230913,-0.013182835918201715,0.40333810711018125,0.1902553969560895
175,0.5148616509268531,0.04041041393117085,1,0.545748367472659,0.052876232319988135,1,0.06469807234900438,-0.018949704876345348,0.3001669247896906,0.027656627762735888,0,0.013770917473148427,-0.19431872762058533,-0.01928526506287244,0.8377006918154882,0.483497921190485,0.04468774500967458,1,0.03450080515368957,-0.06018507794105749,0.009182193977852958,0.4879771276609234,0.04228246528418243,1,0.013617884135006877,-0.013577209843991769,-0.012063546630091687,0.4653010610369722,0.2032474061601837
176,0.4620960120969187,0.042996229854072976,1,0.5596912125937612,0.05709948971704661,1,-0.006573143423808016,0.06626435601756923,0.2809498868454659,0.028352198500413796,0,-0.03514467192419635,-0.1628026242290801,-0.02110281700125771,0.8388179459104141,0.4438993817864992,0.044933527581745354,1,-0.08895572314861018,0.0628080699458344,-0.029952965010725068,0.4639008095631647,0.04464866013728479,1,-0.03537251490864427,0.008309661184793465,-0.009036336712984611,0.42728228949337305,0.19846265916470981
177,0.5365723964133585,0.041654914534810294,1,0.45677412439074366,0.05414441136959306,1,-0.03741144605618591,-0.005814429553070392,0.3168844208697299,0.028677398336450638,0,0.033942064958978675,-0.20028058704601592,-0.016777057043232842,0.8380389444202558,0.5066509492036524,0.04510292490304731,1,0.08589457455937861,-0.09251089280886975,0.013267267453143466,0.5117424308054801,0.0438869441769777,1,0.0346562131956338,-0.013731167911920375,-0.009182614478233386,0.42018827330626674,0.19975805579612493
178,0.4784128527663015,0.03786682961554249,1,0.5735008560168676,0.044964439227390955,1,-0.04408551539958929,0.11758637141645674,0.296646637079871,0.026198386815863443,0,-0.01980957549829084,-0.1560232427025778,-0.0275205447192603,0.8348750155161198,0.4702365195579575,0.04144831822672257,1,-0.05031331957852095,0.04602343899444231,-0.025473599857963734,0.4923399046191058,0.04081526032948472,1,-0.019917466041624338,0.025097659111775163,-0.012840288451045137,0.4274349713722245,0.20984232165990685
179,0.5249830916417068,0.0439012947657136,1,0.6272218600436222,0.05507894167472752,0,0.030567742801560657,0.09665411724206173,0.3299109874646562,0.029509714670594624,0,0.023700420297332096,-0.18246045914786663,-0.011328973684809307,0.8389709210518697,0.5126660949010329,0.04735241790985104,1,0.059833948883427426,-0.04274461900338539,-0.0044232349790091765,0.5282761756206993,0.04596909132488874,1,0.023710570551194386,0.00533222257295022,-0.0007666175034453071,0.3837267183826922,0.19765483235687661
180,0.42881682190981474,0.037891206690154375,1,0.5352199777679595,0.050547103924119104,1,-0.011936166991049815,0.0471561447590094,0.2593347312503005,0.026252974010478627,0,-0.06688744678757833,-0.1606453408660161,-0.013132481096105183,0.8371709264175046,0.4121499434579639,0.04143948534632505,0,-0.17203572239504974,0.11667473263135485,-0.03248906677834117,0.42281157810682746,0.04056661581113524,1,-0.0689926106082106,0.004966551787816366,-0.013162363072778273,0.3982322658337637,0.19358779597502113
181,0.5134012619426193,0.04136806552901233,1,0.5998358380227834,0.05192973791506609,1,0.11229696612244822,-0.012461128099664808,0.3141333897796656,0.029489385740823403,0,0.012338185035409321,-0.1830628211083256,-0.015141974147418205,0.8467983521736651,0.5070119157343753,0.04791444381273314,1,0.031337814924762335,-0.021119527684254798,-0.0032063715061322238,0.5102506115029819,0.0458013782939492,1,0.01256978099838835,0.004796861259336027,-0.007116030754742406,0.4174173657550042,0.19594441493473527
182,0.5240167067758638,0.04546588781226854,1,0.6545085662649947,0.060926945800498,0,0.05254884143006226,0.10195972483493229,0.3204798048007724,0.02915782228121206,0,0.02240353101517751,-0.19361757802639948,-0.008306148188005657,0.8400435699582842,0.502751791174594,0.04702539207213907,1,0.05748689764092441,-0.08247362729283195,0.02773852082650148,0.5059567233427689,0.04658509154469451,1,0.02259905132501007,-0.018781720952467496,0.0021393929702263107,0.4318336531946653,0.19284429727126134
183,0.5554921649934721,0.03770502638181496,1,0.7193845048888262,0.052340357357663875,0,0.09818292368454916,0.12120158120427713,0.33676914822983267,0.026986432433855807,0,0.052015085177181175,-0.20172215803905755,-0.013523778908290823,0.8394906161384886,0.5394285565140002,0.04326962273237299,1,0.13112186878941132,-0.10534401953479375,0.013650707259382543,0.5418162723879204,0.043411592815431534,1,0.052163006212445504,-0.012589082285970644,0.002242348461445694,0.4488565241856324,0.20911708615419886
184,0.5094216949279877,0.04191686665540099,1,0.5951707884987013,0.05027914550303716,1,0.028483878473978604,0.06668691002472264,0.2899728825883572,0.027690632055310523,0,0.00882106472474769,-0.2159321240746235,-0.002916058061767033,0.8462211737030176,0.4682078711256453,0.04316306726755067,1,0.022096723262366186,-0.08030446701521406,0.0264156148784932,0.48353562474752787,0.042822748277931096,1,0.008781906798979494,-0.02842767858946334,0.0031813965380116547,0.4441083612009319,0.17604298270381122
185,0.5677054582559561,0.039000569159769426,1,0.6183038752693715,0.049751351390353686,0,0.10146076763311859,0.01684310763625293,0.3100352597205677,0.02716696790428342,0,0.06315997699638534,-0.24530771645339666,-0.007817000822420966,0.854981467453227,0.5047884052293243,0.04372309517351315,1,0.16252164489133686,-0.2179220224569888,0.06018878279497623,0.5154537108273708,0.041780144859860084,1,0.06341607203877904,-0.04998579259021572,0.002023431378807507,0.43081360768237964,0.21025836320519753
186,0.4647999552998654,0.04090238459033529,1,0.6151493347015057,0.054020082608900725,0,0.007211264575348201,0.10793807012615755,0.2812447050536862,0.027821402501839787,0,-0.03270370305597176,-0.1585115952661697,-0.027539996624172256,0.8446713888472526,0.44078632408567736,0.04393883305887446,1,-0.08178372221628319,0.05584463007401325,-0.0332745837720527,0.45936159961395934,0.04342037206055479,1,-0.03258363766150846,0.008855349918591444,-0.01691011264312362,0.39310226759111727,0.20473270322628004
187,0.4976404073373732,0.043890849442947535,1,0.5648670853070243,0.05741778416953917,1,0.015998109047198436,0.04886897625982586,0.3105439209145618,0.02863985859041403,0,-0.0022333247560712196,-0.18201024063629964,-0.005212513693067336,0.8505608400465932,0.49472481350787967,0.045179719203080566,1,-0.0056584718564015625,0.011217959004882398,-0.010834673640601188,0.4755957738135931,0.04434151880006363,1,-0.0022266059583015783,-0.01607114287092892,-0.006106477357176574,0.4889194965245455,0.2177721645471405
188,0.5224614734765052,0.04058123050312402,1,0.5446807208613313,0.049062747921205165,1,0.053364946552768,-0.00868422569143673,0.3075861680183911,0.026843065250847314,0,0.020784253528649942,-0.20865814770758392,-0.004539937802674823,0.8375368259525496,0.47735056064322967,0.04243259897941523,1,0.05346716976997966,-0.11438296197455171,0.038266352847801735,0.4901178597769559,0.042911234717973465,1,0.020987133503155456,-0.0374051937333883,0.006535920007188702,0.4563158275674419,0.21213973310737624
189,0.4681869655773328,0.04410882603712559,1,0.6075073574169062,0.051356584999087004,0,-0.015236927328140963,0.12274428474504721,0.27568801042572816,0.029569738710869806,0,-0.029892547282200574,-0.17308550348996707,-0.021333938802104234,0.8327570253085217,0.4496112603224018,0.04804224031448346,1,-0.07732942506558546,0.03390183137038397,-0.0069611459823967865,0.45653932852128254,0.046352018732965974,1,-0.030354107032959588,-0.009982648336797854,-0.0031239161089600203,0.4855221390904449,0.199356654241886
190,0.49872651960406467,0.04534606365909574,1,0.6269293653423216,0.05275020129533639,0,0.05260271330593698,0.07432665203638446,0.2849877612221891,0.029010915167317648,0,-0.0011721631852598434,-0.19814534118180696,-0.015694734410743982,0.8349944409670464,0.46999488669728745,0.0486035777040186,1,-0.003075408548654717,-0.03628103146971238,0.009351326715654567,0.45354334234506005,0.04640387376557715,1,-0.0011949609889436337,-0.045082966525891895,-0.00017873014010436294,0.4303115732373621,0.19268589071516407
191,0.48130415591347286,0.042051422007325825,1,0.5738188045806518,0.056628519222126965,1,0.007312185234431242,0.06650661934622061,0.2923360814006799,0.026972157385156223,0,-0.017403751900711154,-0.1791897251446156,-0.011070441553993407,0.8510699773633993,0.448517696793925,0.04330637695757652,1,-0.04384830360831315,0.001762907619953335,-0.009396907217715201,0.4671661137713296,0.04282807851605324,1,-0.017279828452653856,-0.006653581381156454,-0.008900476394860085,0.411299177368355,0.19541825529710352
192,0.504966085831387,0.03894206684292289,1,0.6338274576964856,0.054083401406405,0,0.09744073816263277,0.0363867195338529,0.3206047379917904,0.026271899066368464,0,0.0047715862855661,-0.1534766482567033,-0.030690200037072384,0.8419490707647718,0.5162484587722844,0.04142526694781363,1,0.011747799542030587,0.03843806769036549,-0.03393740846011154,0.5078499837367848,0.04117239800047159,1,0.00470941837213421,0.010449400526771818,-0.0073088351621213065,0.4183012095116517,0.20378758656732396
193,0.5000911746190108,0.04121964978564303,1,0.6354066517522542,0.057645303326589604,0,0.04470785549815201,0.0906987962541022,0.30421024567952276,0.02971381971418269,0,8.562106122742417e-05,-0.1783284970789006,-0.017546878302803957,0.8280062865915877,0.49507683335745367,0.04801441109555666,1,0.00022240377050445817,0.017748942709432714,-0.022894513122483553,0.4861528370061822,0.045672986200364564,1,8.678602769098682e-05,-0.0010832132720860902,-0.012850735749422656,0.4158457294505234,0.20631026064372646
194,0.4834803941189671,0.04215872403991975,1,0.4716579118742325,0.05196345119541617,1,-0.019992758062065543,-0.008349330063701903,0.29985424170708297,0.028770561882173848,0,-0.015671284717122615,-0.1595615995793545,-0.024912873996439936,0.8312153565092077,0.4869538078784013,0.04563598833229506,1,-0.039268494975977127,0.055170481065955755,-0.028948178211577195,0.4944985027777809,0.04384860326128979,1,-0.015429499261327763,0.0172231483767467,-0.0072951463376381325,0.4228219520661412,0.20948553578254195
195,0.5161866530327356,0.041498599955558164,1,0.6657079422697162,0.057013621954413105,0,0.013420636902519345,0.1522873053671968,0.3272340772801177,0.028295325512316415,0,0.014999012262371377,-0.16975427131413745,-0.01801066366811615,0.8252343727706887,0.5248820601864465,0.044945699012244565,1,0.038100307391392495,0.007145443647390928,-0.020363690852337045,0.5253857519905043,0.04417807449665727,1,0.014891485237085455,0.02011173119283176,-0.00961746443941297,0.4250890747513296,0.17736039645291213
196,0.4356000855196573,0.0421071808372763,1,0.5104157445809274,0.04957288168518689,1,-0.050886107680413885,0.06130185226134128,0.27809752266348436,0.027959867092184208,0,-0.06096314871603151,-0.13131675778299495,-0.029622570837489103,0.8399666978078708,0.45992171052091413,0.04412593302519216,1,-0.15392139695206689,0.1982740315368538,-0.08443092406387284,0.45269736054854715,0.042849861395999896,1,-0.0596773617678638,0.03183911026012208,-0.019464387943711234,0.41333467238125793,0.20038198627153964
197,0.4175435813407216,0.04723918029064832,1,0.45799630639513406,0.05912156284280592,1,-0.05431524439115092,0.01231155078628496,0.2627882832368737,0.030280606750924182,0,-0.07843218125076752,-0.13111589550843752,-0.027663640003921117,0.8390519386246483,0.4255920938132358,0.04796283018195828,1,-0.1979206800003575,0.1868398828280479,-0.06332710901445461,0.4280970706026322,0.047555527949815775,1,-0.07728906302729907,0.028248072167086958,-0.022861938537155686,0.4584883814085383,0.19833909401621835
198,0.4762517281769724,0.04067500041329385,1,0.5992784062767162,0.04618418818876909,0,0.009436372369838847,0.08984203390687734,0.2978947773093391,0.027902888807318768,0,-0.022119455759014067,-0.1518244797906698,-0.028161287140977143,0.8378365458901723,0.4692821624802127,0.04474889837875791,1,-0.055206060624557435,0.06871710107048778,-0.04422887796571774,0.4597472191917953,0.04388755437003656,1,-0.021784789767139125,0.011728238585653049,-0.030196229626718682,0.4640527657726396,0.2085608751687872
199,0.5282747158912038,0.04196948277629916,1,0.6504874731800541,0.0523582942473375,0,0.06347732553936904,0.08701014764068508,0.34673052262476994,0.02787458715205523,0,0.026477356914241253,-0.14068969864898254,-0.03905713564048874,0.8272694355543395,0.5496685812853269,0.04469069915726756,1,0.06582919604739897,0.022414129744767766,-0.038574744506839814,0.5502051613951383,0.04453078365612533,1,0.02612431863204554,0.040938052400511245,-0.016857209637418415,0.4567014075974554,0.2014736389323526
200,0.5449008196335461,0.03995521170975704,1,0.5769159852366644,0.05024085129958809,1,0.040163933476980836,0.03675205175968356,0.34482742753634077,0.026111174417533595,0,0.04218839089998622,-0.17099075145087547,-0.02637021191277002,0.8398663175131134,0.543840274207122,0.042309663840816296,1,0.10740674500721249,-0.052259911588026425,-0.011306559212064056,0.5504341586777918,0.04207154028813242,1,0.04227683687538271,0.01966826173629258,-0.011510939933883624,0.40873322108907395,0.21091885637732447
201,0.44735157865781233,0.042552987703459715,1,0.5606917132000033,0.05400575339875913,1,-0.017434321139294544,0.07812603433929788,0.273901237831109,0.027621369924452,0,-0.048760513299863265,-0.1596335744379564,-0.017704674431071304,0.8356771694204093,0.438672305101988,0.04394807650257876,1,-0.12333185752861268,0.08898673409319971,-0.02698257146259906,0.43653232306717626,0.0438890289376796,1,-0.049047773359144155,-0.005550874494856775,-0.0088690290788228,0.44578627648635366,0.19290968422602234
202,0.45794926886145554,0.039924585962663114,1,0.5207110685369317,0.05151575909892787,1,-0.061073856781582204,0.08178492531851392,0.276204749035939,0.02820470891668196,0,-0.039274228368370225,-0.1712945170755537,-0.013226505520137138,0.8442999278347616,0.4415708090512136,0.04617991429175351,1,-0.10057018029602417,0.05253999489523437,-0.010399005547996597,0.438450888031226,0.04517747224133222,1,-0.040211252903345165,-0.022211351789941637,0.000873492724512793,0.4584526051125926,0.20792758539903328
203,0.5016129388171817,0.04254485172057247,1,0.5488798229353425,0.05653230531407909,1,0.0186367890239545,0.030243033911388037,0.32246875000407654,0.027943749523217508,0,0.0014871395461436444,-0.16383357126118578,-0.015184818280881411,0.828024594013293,0.5166566861485821,0.044590275210020215,1,0.003738943859913197,0.020672016653986033,-0.007754274365317154,0.48489985077760916,0.04300740765060038,1,0.0014284841120888625,-0.008685099794295856,-0.007843533540183781,0.45410301735115344,0.20720774276283346
204,0.5579355530830394,0.04482127267054079,1,0.7010785700788049,0.056331377558229145,0,0.08486048845968563,0.11621808161911917,0.35157923745056824,0.030499948270859067,0,0.05409417513232338,-0.18239355504849547,-0.020121382633259643,0.8313437156687733,0.5595498358226185,0.048874909203117496,1,0.14004988153660775,-0.06331899301471865,-0.017181052699270526,0.5673689050055106,0.047783392824660986,1,0.054823039546415465,0.02181799015389356,-0.009272124694798366,0.4639099842272841,0.18663156204699635
205,0.4986291663117318,0.040655122762981354,1,0.6489958710095028,0.051745478365552204,0,0.05123181418408472,0.09776405682541812,0.3052954552573617,0.028138581953622392,0,-0.0013011569680793965,-0.173462965438764,-0.019940422335795037,0.8450797212817265,0.4899005216269633,0.04488501000927903,1,-0.0033310415536662095,0.012210521033946485,-0.018978957853317015,0.4906990992131838,0.04453842485040991,1,-0.0013129660904019592,0.01156767358753578,-0.019555608283949956,0.4207911149433132,0.21024166857967508
206,0.47796114006793156,0.044795361744382235,1,0.6107876152885305,0.055159909361373036,0,0.035226901827408265,0.07556071346112225,0.2894871470293995,0.02924082613549319,0,-0.020664884780954594,-0.1779019366115271,-0.01194603157811882,0.8436431922841299,0.46586396965927596,0.046786583067987726,1,-0.05259750164400597,0.021323003007982243,-0.0028615317047002986,0.45096297178413386,0.04580955448071462,1,-0.020439542407063725,-0.024220874674949863,-0.004376611133852547,0.4298538581294066,0.18748147731198808
207,0.5289038655905133,0.042894013210983024,1,0.5707957053579262,0.05698601727093689,1,0.03019089963326533,0.040604805724661,0.3223167555060428,0.029671580886535282,0,0.027159318241837423,-0.1830200824190218,-0.021822480316772898,0.82758160103608,0.5294865948643096,0.04760360553009745,1,0.06938546318699171,-0.02658020406243137,-0.01331866426025086,0.5409322924328988,0.04570029357294408,1,0.02704808388631992,0.013826925731130616,5.728281544812029e-05,0.4464953412824856,0.20405417444106155
208,0.5672394174811264,0.0416645132243347,1,0.643564239437603,0.056800050423710946,0,0.09180523557808047,0.05175900385952253,0.35289412695247413,0.029016458848720637,0,0.0623605751740353,-0.19508506170135287,-0.0143813865202083,0.8334555026944513,0.5667547408013248,0.04580696971937869,1,0.15805571022488646,-0.08924381393494087,-0.0020571554886208055,0.5734979777378024,0.045543025388010215,1,0.06268436913132311,0.017049616131968096,-0.006236007525488722,0.42882876953960153,0.1879576870390806
209,0.570679163021128,0.0429763335669531,1,0.6282146173664954,0.053685144965458516,0,0.03987991218068413,0.08833470518581134,0.36688645487287275,0.02892300859007728,0,0.06588256222871873,-0.18369068245803077,-0.015305424897815174,0.830939679722545,0.5732763507453923,0.04576420964605524,1,0.16293305128116667,-0.09301108044381537,0.003354379908041086,0.5624733193599951,0.0461877243467388,1,0.06629376395477132,0.0010948034464249095,-0.00491524804120124,0.4401388572384837,0.18820294498058734
210,0.481225423813722,0.04202866355355506,1,0.5158985035414028,0.06042198247286571,1,-0.02415551810781971,0.040054021649222525,0.3105122503177636,0.028566339613968855,0,-0.017829353794073875,-0.1488763547746594,-0.02278204111350314,0.8333243570121165,0.49857856156959013,0.046111314272034964,1,-0.045386031684608696,0.0750506798526568,-0.031086086598457973,0.5113611108468209,0.045826090156801814,1,-0.01789078241055264,0.034010586975957,-0.004758693718583381,0.43062711496967876,0.1992587756829166
211,0.5326314327664027,0.04110603740390234,1,0.6276791294487143,0.05194682929172069,0,0.07948479792326144,0.048194331525452744,0.34470328467328964,0.02779926822416845,0,0.03013587086326914,-0.1556926507627183,-0.02973993542726126,0.8356234963388363,0.5361543192982482,0.045442418876078465,1,0.07643706890368888,-0.007862713044152765,-0.03242003656128799,0.5547452708225105,0.043920027082406186,1,0.030597761214422745,0.03662939206377601,-0.012481882455688268,0.411420464195406,0.2028583190737156
212,0.5072448667114975,0.04135108073180514,1,0.4909518272690726,0.05209217226421291,1,-0.05534128418933039,0.046293111458403036,0.2839211153548577,0.02752538861556058,0,0.006797306654467539,-0.20859504874406323,-0.014281142555546626,0.8436900296051758,0.4541144472755677,0.044842124454404234,1,0.017200730038695645,-0.08893044979707461,0.0258441670339467,0.4590478325804879,0.04366634849111904,1,0.006780314453431886,-0.04170178841831667,-0.006030693454627396,0.42655976461059536,0.1874008239783895
213,0.5074091223914559,0.04024079402673847,1,0.5801628785565776,0.053018016611883254,1,0.022040206670767212,0.05812267188581032,0.31808999690743994,0.026635018926091082,0,0.006909246140821474,-0.17091980998774733,-0.017899439245634242,0.8480434143225788,0.5067468918484349,0.04234354680026828,1,0.017564305239798076,-0.0019631306962217053,-0.00885428269514154,0.5021013401319995,0.041191185871940456,1,0.006753834965423196,-0.0041315253170298724,-0.0005209695163939381,0.4346047734242007,0.1825739662632924
214,0.5415721859647238,0.0446494526509676,1,0.7080802303363098,0.05453711940798426,0,0.03859026712970339,0.1694899632066065,0.3294884865178485,0.03011857999944134,0,0.03894226503758484,-0.20650929091630008,-0.002944487603436158,0.8369999078710582,0.5203861674142922,0.04781798125788775,1,0.09657667670652788,-0.10326041184192791,0.027069902549692406,0.5246363685033655,0.0454778202706679,1,0.03900026135607782,-0.019530906026443102,0.005167013173730764,0.4086162454856407,0.19325968159944232
215,0.4457130480055888,0.04290571775402107,1,0.5569164468131372,0.05589146465396511,1,-0.06101348794433141,0.11792993475746857,0.2722032040582779,0.028147146006107623,0,-0.052445260924781474,-0.16085669853844475,-0.01449483647849593,0.8323384403225046,0.43851762995668625,0.04493084143464138,1,-0.13226782849390864,0.10224633462530748,-0.031460876174712486,0.44708900026701215,0.043701726972592204,1,-0.0512458167602004,0.006068640323477702,-0.00773382329626521,0.4568686727864924,0.19759433940325546
216,0.45782777745592557,0.04385786677881929,1,0.5614103956108564,0.05414643451173902,1,0.005396091888663824,0.0560143037221925,0.27677815987474536,0.029502422811568032,0,-0.03991915572377855,-0.16861039808626704,-0.014692286315209097,0.8308964369107243,0.4335763478999195,0.04714755769815465,1,-0.10074349044255046,0.030355551292093417,0.003964287050376491,0.4486664806911566,0.046973921482325154,1,-0.039974075939126705,-0.01145717361627917,9.773024656240283e-05,0.452418854111874,0.2021617964921766
217,0.4925010028198422,0.04169449754454808,1,0.5672413934927524,0.054450415196082014,1,0.0017854436313821536,0.06545594986137027,0.3011727504830485,0.02776059167819387,0,-0.006991535575926064,-0.17657123554782728,-0.015264478393198116,0.8388490580772109,0.4909440068276826,0.04537685711283756,1,-0.017852864081375003,0.02494078769097268,-0.016143916781915183,0.48739832770770725,0.04349557511077628,1,-0.007073272437863481,0.007916837752137541,-0.013445237606566914,0.4362521559634242,0.19868555232227156
218,0.4874361391121077,0.044062756475031085,1,0.5741084325119379,0.048153756152522265,1,0.0014249989378232783,0.07268343357411458,0.2689542707413004,0.028285842154557733,0,-0.011462988538992648,-0.20593391787009807,-0.013648822849608912,0.8466561868130389,0.4266047589786098,0.04483203298773834,1,-0.029295507126882586,-0.07090679186713512,0.026807057972627505,0.4236715005107287,0.04450422266242887,1,-0.011719814181681998,-0.06475698922352956,0.00014830391594028086,0.4330210765226781,0.18600035744731272
219,0.5141266266929243,0.04030566900075598,1,0.5435216821056298,0.05432900187095883,1,-0.01016457772672053,0.05368625983235032,0.3300423872935159,0.029354487160569716,0,0.013585995259864224,-0.1671617665552762,-0.016381841411072063,0.8454456648848427,0.5247066523773902,0.045992357121469554,1,0.03361982070394451,-0.0006952394576774358,-0.00821792886887683,0.5130919520449478,0.04379180543178683,1,0.013152566687175574,-0.001021245692237218,0.0009606310500094137,0.469580987761318,0.1962977969839262
220,0.4929844887850063,0.0411841473255844,1,0.5553327221097311,0.054330238175436175,1,-0.01608461902666499,0.07141734113639607,0.2933522975384008,0.02832165437783842,0,-0.006569065528699605,-0.1873489532093994,-0.012729683723500211,0.8319024239012959,0.45802880963366227,0.04587528232218458,1,-0.016634898084153988,-0.02523733081525256,-9.89614669311632e-05,0.46333659021403234,0.044980062232715265,1,-0.006600771666396682,-0.01346865562691036,-0.016593982492660562,0.4308388327016321,0.2075565070064398
221,0.4929505480644973,0.045716026319445865,1,0.4786119891961822,0.05885905932425595,1,-0.05377060322733273,0.03238259242351499,0.30422320778880907,0.03240294156491745,0,-0.006727504163712181,-0.16160640436190418,-0.02744288368557461,0.8465259871698957,0.4785060474359008,0.05167035863298482,1,-0.016970422891673272,0.015289418337546887,-0.01981294800997279,0.48270820639945466,0.050269936234756445,1,-0.006684331340611527,0.001868654592100655,-0.012476116852034562,0.4246989057200314,0.19923212351180886
222,0.5473323165699246,0.04144768300787874,1,0.6292305362357222,0.0626042792336011,0,0.00768418033837247,0.12154635589734968,0.32317503872778475,0.028790391574655867,0,0.04463997568116535,-0.21996169719123407,-0.0015032397621464815,0.8323250920219736,0.5018568494676268,0.04619235082198055,1,0.11350563477860745,-0.16488462494211248,0.05323583963113174,0.5212357078342991,0.04580196643628494,1,0.04489060082028796,-0.03371325032779807,0.010058357341809198,0.5025385351287518,0.19600884626202614
223,0.5513331840755149,0.043889935715096785,1,0.6575788007465065,0.054025648419494726,0,0.07604390918073155,0.08153489156577505,0.348800978371351,0.03059037349878939,0,0.04822652225997338,-0.19216021130427033,-0.007265332584352063,0.8335649987810184,0.5641897257959261,0.049385867219912664,1,0.12293322713241556,-0.07163921515119055,0.01289571381470106,0.5466358397925528,0.04810471012445223,1,0.048412157054025774,-0.006658590192166561,0.004882272930693653,0.46444126088935583,0.19677861387589088
224,0.5258806879234789,0.04328014816678222,1,0.6173003153391063,0.0553979647394693,0,0.00440807119599871,0.1128922441431077,0.2947204106736905,0.02890438357280934,0,0.02462080202987498,-0.22422408478372852,-0.005676306572455935,0.8412484326061739,0.4715439350206028,0.04662274881225862,1,0.062494426265099295,-0.12093043657661283,0.02997994533211641,0.4828132904192153,0.04651212575615721,1,0.024632911304306854,-0.03598172863207031,-0.0058378922530212055,0.45491475457731495,0.19945335406843212
225,0.4607545432419009,0.042596313811330354,1,0.5489991197160105,0.05875488134353125,1,-0.027935517334209025,0.07693463705021948,0.29317462262180793,0.027734167771166534,0,-0.036507760556741625,-0.1535406209153614,-0.016776995906088995,0.8423517347140921,0.46583699532250916,0.043933602181952726,1,-0.09092197763976591,0.09801719156414897,-0.041258218601873856,0.472000426773826,0.04327481353825002,1,-0.036328795459120246,0.019878529022485405,-0.01154930678953919,0.4278184271194682,0.19569423711792588
226,0.5392135094219167,0.040394978320020765,1,0.6328901823729897,0.051874467074437595,0,0.03499986791645821,0.09789031445653149,0.3387932657291344,0.027320113665343853,0,0.038113418501333846,-0.18803016634512948,-0.011289986427069982,0.8300409475084464,0.5454888648568607,0.04264442307196376,1,0.09326089842478696,-0.051136325459227125,0.0033642918913008553,0.5564008460520337,0.04318719743251952,1,0.037851563330283354,0.016597011281508024,0.0019522714402421721,0.40630909417997935,0.21182047252410768
227,0.4788982531432534,0.04327087873545481,1,0.5529129464236565,0.06146016044316038,1,-0.026484958901458078,0.0793979053251147,0.28550535215867834,0.03088184886482493,0,-0.019938707452964916,-0.17983472941369505,-0.014721210974661638,0.8274950833332343,0.45666658192699466,0.04949321845733817,1,-0.051345088613867544,0.018120660762454117,-0.010108990221591965,0.4385588710496784,0.047605101206488226,1,-0.01983349456033586,-0.027919761857267855,-0.013687872532717927,0.4510667907251772,0.19002748011678117
228,0.5313766993585722,0.0416406161590874,1,0.5931489172536426,0.054926957566250434,1,-0.013682208443795855,0.10683112569743829,0.3490582452385015,0.029681074975796223,0,0.02943766988154326,-0.15372561618308977,-0.026653808459951977,0.8373124269533613,0.5618119685924919,0.04710576462529195,1,0.07460140670193881,0.038962628084593366,-0.05175206619404031,0.5576125649547454,0.04587335613826142,1,0.029351122413536518,0.056005115419518414,-0.027743672878309575,0.4142814479982077,0.2032787263540474
229,0.5127884461953006,0.04456077506214573,1,0.6091161116383196,0.0603330897099968,1,0.04023539308269699,0.06888071855562261,0.3110834321592023,0.029620704842649184,0,0.012266131891760224,-0.18559075182810533,-0.015591947904452483,0.8288883434978654,0.5060035096941061,0.047785666040701946,1,0.031221946538696938,-0.01550550679755969,-0.0097129300470311,0.5193626027284953,0.047101825480520325,1,0.012468676830448566,0.008006871636963606,-0.0011129457389167606,0.47095343902932923,0.19697419247890657
230,0.5136357667829402,0.04160562191868887,1,0.5935884736905731,0.04962984343099741,1,-0.0188767709973312,0.11246524468790438,0.3157468618724642,0.02691751594159749,0,0.012996674557518757,-0.18442850063810257,-0.012821312046951918,0.8300246965648814,0.4897638361855695,0.04274102237613957,1,0.03260058231454102,-0.0599702965412914,0.017133550412319874,0.4650637444122375,0.04269379313261736,1,0.012834235532271547,-0.043593339751163,-0.004177151368871043,0.45606502844291247,0.19187253358238726
231,0.4712688144428664,0.0433702897222508,1,0.5232355308858934,0.05460606253581119,1,-0.012435462821259752,0.035670993707153126,0.26464135022789775,0.029310554968671073,0,-0.02690256369745842,-0.20408160862805894,-0.0043744774465848705,0.8395858362013698,0.41589598149263673,0.04796612989986148,1,-0.06971822795971665,-0.049920055024030324,0.03553426447638366,0.42431841502647627,0.04560182324764568,1,-0.02705963813136936,-0.052587541708116914,0.003965594865962527,0.4786609443076281,0.19661347360702452
232,0.49707122587583524,0.04604804759440313,1,0.5075873006969405,0.049743602160266825,1,-0.034299485454582994,0.041886786151523386,0.301693153714798,0.02978401658912114,0,-0.002771538536507349,-0.18515375405531262,-0.010381553693382006,0.8274714239707456,0.4673975667402692,0.04717967405943688,1,-0.006945488589909001,-0.03834707659619602,0.012690131926374273,0.4876539214979803,0.04665731580141888,1,-0.0027598985569919437,-0.01683554024833476,0.007249360303307122,0.4273307193072907,0.19216131938666475
233,0.523550278422441,0.04310776963316055,1,0.6960695049744612,0.055040963382852304,0,0.0501909028961434,0.1458786020783178,0.33291363852063405,0.030278534936301792,0,0.022596254681281472,-0.18250188431757067,-0.007180731843076695,0.8231471501799525,0.5226989998469289,0.049022985017518034,1,0.05645308853573487,-0.05201580791898087,0.018261719230174927,0.4947535870737944,0.04622835495716825,1,0.02212565679842089,-0.02859808133295901,0.0012260116083325783,0.41931396087675066,0.1996924904863476
234,0.4865372211815553,0.041768394717885036,1,0.5497146531487394,0.056990538425067586,1,0.026795003445742798,0.022919649702996637,0.2938886362011122,0.02797834805443701,0,-0.0126173720946815,-0.17935031252785696,-0.014143679176349282,0.8341006433626912,0.48017949309740054,0.04423732729447418,1,-0.03170279284934362,0.019977376474185952,-0.008095090527441872,0.47772365662356486,0.044498619030263836,1,-0.012578277318591725,-0.0005398203503226742,-0.009158245707520862,0.44512711350682344,0.18756944097145542
235,0.5484937431403387,0.04268053825287473,1,0.5984605045585114,0.05155914488688644,1,0.06808581067148942,0.030374693887021936,0.3534959535956443,0.027839845058532153,0,0.04555377370145589,-0.18354769877495547,-0.008510121330856074,0.8462612850392983,0.5652229825110341,0.04422670926083115,1,0.11583315107683545,-0.06239188210070772,0.011781713534906113,0.561530542559604,0.04212157878949872,1,0.04393613745107481,0.003203964972543313,0.014390440135985894,0.47406324700843655,0.22659957864817093
236,0.5090801558428241,0.042132737333676624,1,0.5508278273319905,0.05843671330793416,1,-0.01600181804562672,0.06682964537761749,0.32093457994021646,0.0285454603226486,0,0.008390357651253216,-0.16628702703962886,-0.02116875067140788,0.8361591703133382,0.5047621806859244,0.044396799201280465,1,0.020688020093848153,0.011561542466228472,-0.027487381874152263,0.49420934723692783,0.04386410626989871,1,0.008313247886580489,0.004175627077156756,-0.01827952772680931,0.4028473226242979,0.17566787654544258
237,0.5145673652092744,0.04394208910372765,1,0.5334019109339874,0.055812590103325024,1,0.05511895845947175,-0.02171704752548438,0.3228178792979917,0.03002405257318772,0,0.014350166951571671,-0.17415399151200467,-0.017378296141575236,0.8355964023626681,0.5072905272929887,0.04759951852621152,1,0.035763568000313356,-0.013176348629481489,-0.015296692077843089,0.5144630299183478,0.04571780518282729,1,0.01414833877994461,0.011295176067928908,-0.010980484929525768,0.42186687021921454,0.2342733121407782
238,0.4855826377251654,0.041481351446693286,1,0.5754003605870396,0.05043405351019702,1,0.05305576099437045,0.022344599592669184,0.30227971865728764,0.02668364599800392,0,-0.013470192107272622,-0.17591052936709406,-0.00833955986834566,0.8523224246437091,0.4780639006805195,0.04238030728216398,1,-0.03432379140103028,0.0074295192894323885,0.004958172792117442,0.47293051618188003,0.04176738091299087,1,-0.013312770926011802,-0.014864599318895642,0.001107886426787498,0.4281929311117029,0.1850679790013096
239,0.4678909975357775,0.04357613645610529,1,0.6230799243792386,0.061775903967285536,0,0.03267141425464491,0.09040851012459378,0.2736275632835644,0.029779874361352515,0,-0.029512898618294026,-0.17980659990077189,-0.01705293819736968,0.833990262916463,0.43473272236762495,0.047427369825107625,1,-0.07498947765251596,0.030541052411611005,-0.02081885239147009,0.4428507277541774,0.04730117991200189,1,-0.02924346232167164,-0.01035005035666082,-0.017555759567490177,0.41960662640200663,0.17931088105313212
240,0.5215434765286107,0.0419688897037103,1,0.5661672598918258,0.05622012943856654,1,0.026153253845883025,0.040014006045942706,0.29795906632019736,0.027019266934521922,0,0.01986258126149437,-0.21478574430316244,-0.007117770638134511,0.8412911754963941,0.4840244997385792,0.04317724761615737,1,0.0508240027407235,-0.08384398248328216,0.01704447948113797,0.4969216960977381,0.043731311727157406,1,0.02030679616926938,-0.02526495858078653,0.0018798585092553279,0.39516746463784336,0.20989697147733347
241,0.48127144567555247,0.04001952033511012,1,0.6210350377965308,0.0536430925636174,0,0.005964217989028777,0.11507081980750192,0.3076171767024704,0.02720230902745402,0,-0.017708461721589477,-0.1460956222017532,-0.02857873937418692,0.841599179111469,0.4824504351261357,0.043172822824644776,1,-0.044507967904127435,0.06607201782696166,-0.03911361479669853,0.4815664255189656,0.041761765465509276,1,-0.017599101184369963,0.01331393525642185,-0.014148408553086285,0.42943654177145596,0.18349704706056327
242,0.5344947618161167,0.04086951130318525,1,0.6640877816341573,0.05336287487632122,0,0.075556488571501,0.08853129306265632,0.33664298326953307,0.02660574380268257,0,0.03193193723323651,-0.17124054279979678,-0.024048411163906783,0.8351765092904004,0.554779918711405,0.04216845149968683,1,0.08263606400548762,-0.010744870535665847,-0.017111274758416898,0.5489042541304278,0.04278405120474692,1,0.032504432771625076,0.027387651531054946,-0.010987830172252347,0.4491264849451513,0.20718860240442227
243,0.46149204147800754,0.04120557359015441,1,0.5949993724752576,0.053028034805943945,1,-0.014826842226049025,0.10982621470130657,0.2799784617950369,0.027651779554728695,0,-0.0358784324060269,-0.1655108268860906,-0.018632278912845603,0.8470771526495442,0.448915666920147,0.04399380481557118,1,-0.09149005939341759,0.05535337827702452,-0.014947651963459907,0.44385893716136365,0.042264200265217024,1,-0.0358974143323936,-0.010414963498936707,-0.009828685007306045,0.4080537718391941,0.18168785957371522
244,0.5151716274795369,0.044633585520494304,1,0.50028082170149,0.059505406917599424,1,-0.0003544213970620281,0.0006352430985519916,0.31827224840680085,0.029887884001431223,0,0.013947205345525687,-0.17192910758875496,-0.023745849349969764,0.8367685561099396,0.5110189373719451,0.04737031740445919,1,0.03573942629329596,-0.025251708881495513,0.0005312199601447428,0.5006997385185151,0.0472344655340684,1,0.013833436160974523,-0.005394774179466785,-0.007738923462992533,0.44443655595561476,0.18071562256097817
245,0.574088806934482,0.043443758418578206,1,0.6055308727578035,0.053840521374119855,0,0.015232390448407025,0.09029848230939655,0.33709362342559707,0.030281452461291446,0,0.07097740339453176,-0.22609859429365645,-0.007785185675278263,0.8332340514670399,0.5435306568407058,0.048429625549712786,1,0.17710048209742787,-0.1567164487653411,0.023146623508618958,0.5575929804235781,0.04679269663183299,1,0.07025456627872351,-0.007030549946793666,-0.005631035908351833,0.43345747940815,0.19590532536629043
246,0.5595648517257221,0.0429649752748717,1,0.5548245069482028,0.0572329162635904,1,-0.012764100218033503,0.0675886071662364,0.33349533530820424,0.029117699153411895,0,0.05473737575394039,-0.19857776600867794,-0.022664274437058086,0.8276176890079548,0.5433559619360203,0.0461947023205073,1,0.13896497967142832,-0.09397283296873497,-0.0016361847666730483,0.5381393951265374,0.04697079356416733,1,0.0558242805013047,-0.0023627897428401975,-0.015322095631926923,0.4593184482562528,0.17910810539991606
247,0.4487548828041909,0.040837939463637056,1,0.5406406066353343,0.05179436049424848,1,-0.03258327373991377,0.07322388037524799,0.27927372370887604,0.02669625136850953,0,-0.04695052520795121,-0.15523092437477462,-0.018544826708398136,0.8381918246626183,0.4451257889353661,0.04352558951608853,1,-0.12138274592285762,0.09257345406673463,-0.02606491920851088,0.43470425965715304,0.04167391994788561,1,-0.04709993030180458,-0.012205006572790618,-0.005990803468251841,0.41834157826144897,0.19662954584074838
248,0.4998117704324247,0.041578681338222664,1,0.5172604367989965,0.05100972429111134,1,-0.042019761976811475,0.059280198775807834,0.3098262097040442,0.028256722434319405,0,-0.0001744004666495394,-0.17391911464652837,-0.01608027518277799,0.8381664401279023,0.48877573926448076,0.045097495598853454,1,-0.00043788016141382526,-0.003736177389114701,-0.007050203184990791,0.5189967581230596,0.044137606514021634,1,-0.00017418802781548836,0.02095247582667573,-0.001781529675800803,0.41308848841697665,0.18944529562919263
249,0.43052057437220287,0.044610001604729,1,0.4691664459483241,0.05566651749125185,1,-0.05325907764093276,0.022425523589256768,0.2676942852925634,0.029031584463030228,0,-0.06425666101556496,-0.14605714462262706,-0.021991909069244604,0.8399690145214835,0.43085879270562266,0.04608160985127674,1,-0.1606808007750749,0.1374191321089035,-0.04587953862820595,0.4282730689043177,0.04529701098510509,1,-0.06353281767676723,0.014185011582698432,-0.022379125001613383,0.4029341755091999,0.18372378513224472
250,0.49022855459445913,0.043468100948278646,1,0.5959692412887516,0.05388660812192436,1,0.018778929194436373,0.07719031209431529,0.31007016178787167,0.027868292152903085,0,-0.00924005820295738,-0.16181846150112209,-0.018871318508048854,0.8558810603274909,0.4951190329911793,0.04454913161440536,1,-0.023505200976632983,0.037834199376537314,-0.01920996540872499,0.491364131811758,0.04300896380116698,1,-0.009399395305012227,0.008216936045799761,-0.0074534089290295685,0.4169376136413882,0.1984307152762129
251,0.4321805132789375,0.04298237622320959,1,0.5106627688181188,0.051207838338547175,1,-0.005479962245748711,0.01614273106386751,0.28229424849650836,0.028439982096342915,0,-0.06400999710866657,-0.12948278467622776,-0.024212969718597273,0.8378262274688832,0.44884309033875514,0.04539653919246087,1,-0.1606135922847186,0.1572303133107164,-0.04777363068724269,0.4539237814360103,0.04427875321058176,1,-0.06439182913786554,0.018636672369994774,-0.0003210617961190963,0.4505034310684162,0.19559918948547408
252,0.5006378631000793,0.039564835323697554,1,0.6177506184423696,0.05103248141073172,0,-0.002665428978740603,0.1204160474211103,0.32855604989719916,0.02675259741016956,0,0.0006015110626538227,-0.1527470808020859,-0.019298380363368842,0.8384087311126451,0.5158322505238588,0.04219983510076761,1,0.0014895582185235478,0.04095565447808436,-0.026612962172748982,0.5137260873410403,0.04213224051188119,1,0.0005971111793083544,0.01793367970673707,-0.004804703545005157,0.421704326991901,0.19220356366435845
253,0.5177821980885811,0.042193946581252195,1,0.49213962862731725,0.05575520924073059,1,-0.036079573881010796,0.02821920250832801,0.3079239472784195,0.02872173149101058,0,0.01661983781353213,-0.19651374867361776,-0.012182141861494794,0.8239972424555196,0.4958319157042277,0.0454587473565313,1,0.04121884002316237,-0.06431779169634656,0.018930867377411807,0.5021844072911679,0.04474992176923619,1,0.016433633556104884,-0.020780050495725927,0.006530824230788985,0.4276205412937823,0.17843377928646184
254,0.4743479467788143,0.04161341294299283,1,0.43936478141957663,0.0532914484988415,1,-0.020524938405247398,-0.04011028017517591,0.3019968258793165,0.028993463072689803,0,-0.024553686589628546,-0.15757084353197845,-0.015878643999076403,0.8472349633521857,0.47968055525224457,0.046641170373398724,1,-0.06128274805791051,0.05438533321891868,-0.013422029908763641,0.4904523500835965,0.044496784542332773,1,-0.024164143855005288,0.010084713781031403,0.0045317801575704185,0.47273713700921677,0.20735083773464735
255,0.4660476935983694,0.04183262436254871,1,0.5819223654887896,0.052769737511313274,1,0.0007887259646160366,0.08113363952417353,0.29532365507232367,0.0279817657738821,0,-0.031943856103563234,-0.1395708716930515,-0.03316161713106163,0.8367120334185411,0.4669756677282975,0.044460941905684594,1,-0.08022406669249858,0.10798067727276331,-0.060780942851967126,0.4974417315813652,0.04438231283379506,1,-0.03248526607093266,0.059800602073468434,-0.02987360442117057,0.420624923268857,0.18691867068742943
256,0.5088099913349942,0.04043137432642455,1,0.6118722502914115,0.04989594796952642,0,0.01757057695621725,0.09430167333519424,0.31407000247847183,0.028128430771655114,0,0.008340713355421608,-0.18320417014770438,-0.011066540729245468,0.848478437589044,0.49745205249776836,0.04526730980421071,1,0.02096840127868735,-0.022417580573508337,-0.0010987682074106123,0.5105114307207743,0.04298497382233726,1,0.008154265160950061,-0.0014775915471956285,0.0038347571070198733,0.42304738762607635,0.19953501545399124
257,0.5128193555298308,0.04429691918625763,1,0.6299958819813962,0.05554670649821785,0,-0.02674601952117111,0.1567419015025673,0.30658997730328685,0.028326673512370202,0,0.01184534684914856,-0.1980439064678338,-0.007211463078027964,0.8356612796365518,0.49015907647539986,0.04557134381350135,1,0.02988344821979132,-0.062393263693379455,0.022668891948987968,0.4872949216347094,0.044530684311611314,1,0.01165689112134093,-0.02546494422280958,0.0011029747361780452,0.438656325677003,0.19723301786136735
258,0.4865128038003997,0.04324892696678151,1,0.5784001479413353,0.05358365716129939,1,0.0018858206306693983,0.07651432731066596,0.3158302799318356,0.028985934649139223,0,-0.012532294461757998,-0.14721054483194768,-0.02442688077445872,0.8360178673956355,0.5110418011078361,0.04630149665870116,1,-0.030814665585030966,0.08151101058986325,-0.03965454389699609,0.513686975745692,0.046148609689071966,1,-0.012386763618727804,0.032616068746717554,-0.006542329382297711,0.4284111100612833,0.17504513924926707
259,0.4995279222323203,0.040595073434415825,1,0.5749542499524224,0.05171451449002417,1,-0.007711620223981826,0.08266587017640413,0.324421905201009,0.027363731956764312,0,-0.0004360076583353556,-0.14450445546436042,-0.03063763167629517,0.8468597177579686,0.5200090052194468,0.04336913682229454,1,-0.0010844505576282693,0.06216398262431481,-0.041070526847239525,0.5118891836390733,0.04302349887050853,1,-0.00043997188794629873,0.024963136834057525,-0.012633981307037924,0.3987813761910386,0.1890458254052839
260,0.5406657680003887,0.043467894776788585,1,0.5858546949221911,0.055880171080512436,1,-0.006589707093038871,0.09244440201523006,0.33670952291963574,0.02803974090711369,0,0.037180429291357064,-0.18015577616368023,-0.020315130208041092,0.8395082286159392,0.5320245791943575,0.0455233982506221,1,0.09560361005291082,-0.05453887767568858,-0.009040153182864814,0.5583492725500245,0.04459608222106311,1,0.038289568204829184,0.023202136209352884,-0.003142431864157558,0.4361325387706244,0.1858098379447915
261,0.4978376719290242,0.04211058982501269,1,0.5395536367952564,0.05196559903044895,1,0.007711283193603581,0.031842353601652676,0.2997301508713292,0.027238491617405405,0,-0.0020041463270634888,-0.17405410958947062,-0.024211593212136662,0.8368834062718619,0.47038169089862975,0.043354746557769545,1,-0.0050267120628453114,-0.01949205524948733,-0.005099541789037495,0.4995588149225178,0.04241121804359502,1,-0.002004808275866573,0.007066173311233034,-0.005502550112848742,0.40935064427594764,0.1942082346397301
262,0.47716658574010207,0.0406094579358907,1,0.5415533399021429,0.05356495947997646,1,-0.09005722470304987,0.13161056460519271,0.2920093005796027,0.02727303024688062,0,-0.02047910189192514,-0.16034539216887195,-0.027166205359600168,0.8332837118813825,0.4867135748637517,0.0444185200823145,1,-0.055041672390281626,0.08118160755161757,-0.03942636029758423,0.47455260833335294,0.04276748247158702,1,-0.02080891084074788,0.009483776124372366,-0.014122256950271589,0.4466080444495167,0.2028465091691555
263,0.4877795484991605,0.04221407250160211,1,0.5126307312074598,0.05350079944919332,1,-0.02905197957415327,0.04168271078161311,0.3007942024210492,0.027759261967970527,0,-0.011455373957069664,-0.1822095112158342,-0.005540912406046905,0.8347332422636554,0.4733559188061265,0.04389508973589034,1,-0.02900111459186126,-0.006846024153976057,0.009203057551963753,0.44167743943249677,0.04350499851581831,1,-0.011342823376191368,-0.055129191370050755,0.008149454178738887,0.42163810073534425,0.20812390142938955
264,0.4932752529223158,0.04566128840565683,1,0.6025425276018085,0.06242544810534994,1,-0.04835260718152415,0.1508951347833328,0.31021961113956753,0.03107001307638186,0,-0.0063103528376711815,-0.16556879127377244,-0.017901244748988823,0.8300184520760125,0.49775485452854495,0.05151087073000736,1,-0.016040662376504203,0.03842344094835784,-0.024627924043308748,0.4862240118664157,0.04822855283022332,1,-0.006408505951069228,0.0022257554432547873,-0.009593237625769862,0.43069286705420556,0.19501645701311557
265,0.5151983132730747,0.04202036155335564,1,0.6057809445864721,0.05174637958102352,0,0.07617263828754839,0.029608306298923765,0.31421668174225614,0.028208916379842543,0,0.01433476456890049,-0.18185297864702202,-0.018265104179622238,0.8323262642222566,0.5033283861841914,0.04530303298880587,1,0.03664105363673328,-0.03002952823140153,-0.0032831392211403756,0.5044979225757833,0.045110436172108165,1,0.014824602610434862,-0.000415081529365946,-0.0099115985052857,0.4259141628099676,0.191876145072293
266,0.4636240526876435,0.04333155468458145,1,0.5060279229159342,0.05725065610945998,1,0.007479920003308907,-0.0014519970873746258,0.2793525135581826,0.02880271723535013,0,-0.03415425129298828,-0.173923521268672,-0.012569713880157242,0.8398507367407331,0.4510912855441209,0.046106752631139496,1,-0.08694180173257438,0.05988275239783945,-0.02184966512114416,0.4645892823910443,0.045339870234823575,1,-0.034091392024386054,0.00996853909807297,-0.011287864682642621,0.4379020669662742,0.1951864901617221
267,0.5039722543695963,0.04109225158945695,1,0.5781372599427166,0.05225310876327442,1,-0.001255719360543859,0.07939297930326038,0.32210132705968814,0.028826295238250463,0,0.0036867473940455802,-0.1704908521740258,-0.011094568160331665,0.8343552850758054,0.49723732898479034,0.04585775575211514,1,0.009405045733528085,-0.014853821428887122,0.0026861046801493205,0.4744770181730375,0.04378236523995832,1,0.003586952815011735,-0.025007271219508367,-0.004102663422466003,0.4403549447066035,0.20183522541248702
268,0.3861264990447763,0.041003660031972256,0,0.5001365346133235,0.05849905078263188,1,-0.08762389528000765,0.08776042989333102,0.23340395328519242,0.02721151325261899,0,-0.10507373969417849,-0.13607207561602003,-0.02545023140460907,0.832890892726131,0.3712992824836673,0.04293267107990579,0,-0.27240597409597783,0.21408455071262805,-0.07037929413298287,0.37006179719675686,0.04189723467297656,0,-0.1076551382694107,0.0042928660357980835,-0.02657593056963044,0.42601533374913836,0.19977448935994996
269,0.4202592173368522,0.04141004737609167,1,0.5605007571534592,0.05330769133484527,1,0.009364211404826638,0.05113654574863249,0.25480738421526233,0.028335108105671372,0,-0.07437997796321325,-0.1467496780262224,-0.02406295979530199,0.8407635536633347,0.40521145621457566,0.04513475107943295,0,-0.1913604646304629,0.13588661523164017,-0.039314694386601616,0.4050873436303199,0.04510625636001854,0,-0.07588940442549132,-0.0006990095534638017,-0.018324242390724898,0.42660882129943006,0.19700553086174794
270,0.49402833618059766,0.04643958090886503,1,0.628303379571625,0.06235760011973708,0,-0.034947443958496915,0.1632508235301219,0.3057474683784167,0.030434730817279133,0,-0.005463321367895931,-0.16352874203404963,-0.025260468219637684,0.83231401377849,0.47784181168083134,0.04980298514443958,1,-0.013675369492462635,0.0055348384501765465,-0.014017657276882579,0.4721465320444721,0.049570807253347456,1,-0.005543411585378292,-0.012051043378807403,-0.010259012991342095,0.4614298407232359,0.18470771323264337
271,0.4393712459417452,0.042077732900152966,1,0.4642394426433029,0.052984302311177324,1,-0.03705883273411145,0.0012982753774143237,0.2673052954870137,0.028505389150949113,0,-0.057635550403794984,-0.17357579915332877,-0.0014833549558625444,0.8367473919505508,0.42092187740488635,0.0445708227373414,1,-0.13893843877513995,0.05718253129887731,0.0026777848811489827,0.42265145727293596,0.04320952444970053,1,-0.05582508237876263,-0.025397152471996774,0.0038736921236954326,0.42369532144140604,0.2058446110006798
272,0.5066119570938807,0.04417833489247946,1,0.5555870773324192,0.05081723984892017,1,-0.0013737242238014702,0.05696080155622073,0.32606174418078177,0.02929123671625204,0,0.006092630863150251,-0.16632134511369073,-0.013709541568677654,0.8361808747427832,0.5147597661090776,0.04535512543232823,1,0.015112226802664098,0.008272975414409524,-0.008625436107996,0.5307367710423853,0.04548940546499044,1,0.006192302788835275,0.03050749820910888,-0.005963029955559007,0.426717051768079,0.1804218179666531
273,0.5833512919932207,0.0448182518268924,1,0.676296924024847,0.052420296552372084,0,0.08683553867654689,0.0894613853483002,0.3615661731685455,0.030607880615233177,0,0.07702775366802204,-0.20019413836480413,-0.015267442134672314,0.8360816618616926,0.5773631742771415,0.04985925729428587,1,0.19503969817813538,-0.14979408502474856,0.03211756112375456,0.581486441963554,0.046363753087748275,1,0.077347685634878,0.00030620427783520663,0.0038325520508409885,0.4171380270418286,0.20048482916563493
274,0.4750660969784814,0.04440912575293139,1,0.5434388556931803,0.05574627168719526,1,-0.04782988073676662,0.0912687364299469,0.28734048959780273,0.030108137430522198,0,-0.02373565424741762,-0.17413540519244597,-0.014788450962333699,0.8278846922122813,0.45264190754162337,0.04732476989284056,1,-0.058744600376757446,0.03206487373124176,-0.020678365812860994,0.45192190091942946,0.04581006058907605,1,-0.02341825710184,-0.015223213251410994,-0.009436628727319606,0.4047038280316945,0.2011007776769554
275,0.5099077106848818,0.04390383912838647,1,0.5615153967641914,0.05521989893061489,1,0.014428271387959322,0.04708712537623201,0.3161509444612392,0.02925750836606333,0,0.009063405813197605,-0.18047520685373325,-0.01243725449822514,0.8221521217692959,0.5195463468731218,0.047085393460385004,1,0.023053861658220938,0.014075593026497801,-0.017583107811596953,0.501716081219788,0.04628201038785607,1,0.009209827969755287,0.0024398574757459436,-0.009933604225713375,0.4355232767697551,0.19056135367931973
276,0.5897848576024638,0.04016619661433688,0,0.6756599627225043,0.05105686128279748,0,0.08073235049505902,0.09492761222744533,0.35792190208539804,0.02766953376311703,0,0.08271287144441723,-0.20599937506444416,-0.01879159429457499,0.8274090595679746,0.5865994518199477,0.04392066817968128,0,0.21025502064489007,-0.13785805253986189,0.014202483714919476,0.5946446881377613,0.043013240971418114,0,0.0834690935143578,0.014167368703302865,-0.002991774079899433,0.44777125950750485,0.19772655951518592
277,0.5185454897707021,0.040397942378672586,1,0.5684628884697971,0.05071756885218726,1,-0.009431104863687445,0.07789399333348468,0.29514113658227087,0.02570318339745747,0,0.01717332152826919,-0.20623106740498118,-0.015801117541017217,0.8424505503742558,0.46300307851407296,0.04174567239588031,1,0.042984886290224365,-0.10490785338783147,0.024926045611680086,0.47954615636340975,0.04102923212629301,1,0.01726715849324329,-0.03290805381324122,-0.004812948316592283,0.4568565945854258,0.1887229362732046
278,0.48214856893340413,0.04151287399463012,1,0.6173583828065526,0.04808110709859538,0,-0.010255842528988148,0.12761422533554084,0.29998528249802936,0.027409792630372538,0,-0.01687504659726394,-0.17143110418403953,-0.011708566720667156,0.8385535888291383,0.480569854597215,0.043223244018425165,1,-0.041830083635335975,0.03097951572224785,-0.008579577489696861,0.4767826906922056,0.04173043608236388,1,-0.01696285338385176,-0.004585366725763551,-0.0016690891981791902,0.4072327600417784,0.20500454786820513
279,0.5637319836790035,0.04099404545107496,1,0.659359246937497,0.0475961224952694,0,0.022154726282200273,0.1372045206552967,0.34542754395011593,0.02612804167179315,0,0.05924339844739576,-0.19748689736126826,-0.016328957136011676,0.8439422546677202,0.5432359191448395,0.04128488495989075,1,0.14900711880456116,-0.12604335832403857,0.020272158664316933,0.5448711020287212,0.04168675664625059,1,0.05875013625975676,-0.01096111822025753,-0.0029179160107779766,0.4238149174726924,0.19167035112797476
280,0.46511843628163546,0.04487080249934055,1,0.6147014943071943,0.05918538232258076,1,-0.01769835419765888,0.13239984850485317,0.2788077625054215,0.02999095250661274,0,-0.03348233257287064,-0.16373887437147094,-0.023971030550236926,0.8247581730031858,0.44087825562182903,0.04830345842963331,1,-0.08619767168509213,0.04566114311515106,-0.018585215808229916,0.44920896383281794,0.047269053201992164,1,-0.03303346486724015,-0.006981554057059047,-0.010776017242882801,0.4613884395991498,0.21314785155062016
281,0.4684790243986419,0.04313595006016531,1,0.5747190132195723,0.05864301224057136,1,-0.0023696274845701644,0.07708864070414238,0.2913281220537696,0.02918304689082041,0,-0.029423366518907746,-0.1630362139785102,-0.016212297448812463,0.8286427446296799,0.4620282574514028,0.04594797664664091,1,-0.07291857061490323,0.04362814958317154,-0.00868132151686558,0.45442917205514183,0.04655784169232811,1,-0.02920178019446979,-0.01385003605644698,-0.0025190116939413473,0.4290056460035832,0.20505405626608494
282,0.5349138070034196,0.042098622952956535,1,0.5511374516953688,0.059572039528069484,1,-0.04089179042047722,0.09202924211584598,0.3481855837470587,0.028752123055479927,0,0.03260182623665904,-0.1623857725839124,-0.022030469905687928,0.8319816035639507,0.557256113415769,0.04695689558061942,1,0.08400962967976358,0.004900518367192866,-0.031654034631187294,0.5488866660706311,0.0437474357666635,1,0.03310805577725581,0.027624069612727113,-0.011845459319351723,0.46041328209120386,0.20850321857494872
283,0.4632918370998391,0.04066747914226031,1,0.5694709728584385,0.05284215001644343,1,0.020495277768288456,0.04897569509015009,0.28795708169164824,0.02806373980508819,0,-0.03379428364341928,-0.14273151662307315,-0.03551711804185926,0.8328798416851747,0.45964971820387873,0.04451885520988286,1,-0.08685850131638963,0.10778126718927476,-0.06127304766900647,0.4636859538368807,0.04338059503872742,1,-0.03415698865664651,0.023720631896206407,-0.025877689402679368,0.3854897748774178,0.20345687827994616
284,0.510635182265591,0.038644228963698214,1,0.532222272643252,0.04954783967465077,1,-0.027397242987189308,0.05961951563044128,0.3243884457383121,0.027880813647226426,0,0.009738976903092606,-0.17843350635646324,-0.00691702480831733,0.8488352968027277,0.5178789493807417,0.045148901009841015,1,0.024557397643165176,-0.011627835027888195,0.00494938676546483,0.5281184834496281,0.043944013972803,1,0.009926721690585949,0.00688845848692501,0.011303303272117026,0.42183916560528956,0.18688458217869108
285,0.4768427124504851,0.042891847579376106,1,0.5926348661857755,0.05427722813899602,1,-0.023378065689509238,0.11601293187528476,0.3215559771120739,0.02925844868926701,0,-0.022229468608005495,-0.12485625645507363,-0.03135829782484704,0.837692514811365,0.5206839341497741,0.04687984347644845,1,-0.055858187254601926,0.14405274768960075,-0.06751062628522468,0.5086808987118185,0.045671938820971765,1,-0.02278458172779999,0.04733552576052519,-0.015870045320906575,0.44117734743648257,0.21345879074018057
286,0.5227708580752999,0.04453402795877671,1,0.5468288432490254,0.05469872370535209,1,0.027276339461118206,0.01955250378790719,0.30088199592940573,0.029913175425288523,0,0.021228851296836992,-0.21344062348526913,-0.006906231882162054,0.819429538533739,0.48834404193397135,0.048743360961637464,1,0.0546785593518726,-0.09593679249045461,0.029602275072553353,0.49877428237175825,0.04616666326657088,1,0.02149954518628486,-0.032840225428763276,0.010114962614236663,0.4543959939179843,0.21522714403127452
287,0.4757910730451686,0.04396535520024853,1,0.4918207021456348,0.0568032961192071,1,-0.06814272918913249,0.05996343133476727,0.28639722652057176,0.03107705542933382,0,-0.022997412235126725,-0.18122723798169074,-0.009378123262610678,0.8324749668675739,0.465157780298003,0.05008638763897955,1,-0.05787525215643559,0.03775093156487892,-0.01471789911044038,0.4556624599813466,0.045731718907820865,1,-0.022373624215976076,-0.02326977684066759,0.001305861037990176,0.4326113703129401,0.19587083130383692
288,0.5764010802576456,0.04033480398855524,1,0.6330685847035348,0.05177288121180856,0,0.07676636360804881,0.056302221095485966,0.33606276106664085,0.027835222951899538,0,0.07078379022813935,-0.22382221824909362,-0.01089881091240493,0.8403192758277324,0.5252854333710074,0.043739821774992214,1,0.17710911162435336,-0.19356774495171655,0.041744066698370726,0.553833764709822,0.04317036203683997,1,0.07075862258904866,-0.019049454674880954,0.002124596795654289,0.46431202751243644,0.21336513382467326
289,0.5023443223803346,0.03997118383414718,1,0.6252559180753998,0.054721072562622874,0,0.0665259700190073,0.05872994805639248,0.30073796670658376,0.02768182761485445,0,0.0022144827536922547,-0.18697493295545117,-0.01450158309165734,0.8337304776929809,0.4766693269407119,0.04371971583692116,1,0.005534591624393822,-0.025709652785408755,-0.003155611898273236,0.4778241977611761,0.04312179490295328,1,0.0022084846606704104,-0.013302915357215178,-0.011081371542279329,0.4536704042239491,0.18736476379527545
290,0.4607068613975219,0.04417558394743437,1,0.5426666049889246,0.05663180471970435,1,-0.019752175676345535,0.06241878066527024,0.2836448091304999,0.028537132284853273,0,-0.036870538811530996,-0.15791307027146484,-0.02157158178650422,0.8339933359437357,0.45706109592819005,0.04600103733324414,1,-0.0938666372206788,0.08238697331307147,-0.03145924016420274,0.4560018766639875,0.04482554985544604,1,-0.036754995032920484,0.007436338675067767,-0.014679466978159776,0.44108437357879926,0.19797192954710816
291,0.5125959210894059,0.04510380279294804,1,0.6359293420572247,0.06675968757319461,0,0.037317117575349126,0.09861222448187554,0.3342747385967021,0.029522138017515593,0,0.011666940455186983,-0.1341558102312645,-0.04323639162722043,0.8336527031934797,0.5244979804869212,0.0460826044146337,1,0.029494804233045808,0.06748748225969624,-0.07248430600582088,0.5247139032844766,0.046245157578357836,1,0.01171018355961346,0.04716747651737747,-0.03416375679251422,0.4341661942601895,0.19975081907359638
292,0.48354533090279433,0.04127053037954235,1,0.5904012770841143,0.04710154212424878,1,0.02552342496776976,0.06487785211634456,0.291832646129311,0.027534473163483557,0,-0.01549444205129994,-0.1761663978636769,-0.016506513955712118,0.8417530820662079,0.4652553440943811,0.0439005092642312,1,-0.039991616021322146,0.022995441470643165,-0.01774848135493994,0.46940491117583394,0.04325798754766461,1,-0.015575139804332255,0.0003030961375168004,-0.015323045157350527,0.3989044024153187,0.21146577022434182
293,0.5676753572136272,0.03973954210539052,1,0.6049521178933224,0.05311423223526993,0,-0.012677201422297536,0.11762931931561994,0.3556185748787504,0.026910764619369903,0,0.06424758772835114,-0.1921528050677852,-0.016476207781815612,0.844084897146934,0.5739884767197644,0.042799564895948626,1,0.16008620431395834,-0.08175468236921021,-0.004343045224983685,0.5560912481656664,0.04260131155415256,1,0.0632498541604536,0.005132882024459597,-0.012291488019246923,0.44899172783879865,0.19694249143941547
294,0.5297254048173821,0.04361291321190133,1,0.6874207571868179,0.060698438946952704,0,0.05629214257955011,0.13112861460726788,0.3485450835595063,0.02998658750717715,0,0.026961968244386753,-0.1515834850577387,-0.026833399627141714,0.8300574512790075,0.5482160661546023,0.04757464114001069,1,0.0681758157363505,-0.007359438263975291,-0.012600311317773075,0.5346949048587866,0.047673103015171824,1,0.027354081171428103,0.013483978065606856,-0.0061431543782482865,0.44140462079675613,0.18987548381161998
295,0.4249621901097313,0.039149411253172964,1,0.5161087164520106,0.04879153363577788,1,-0.08029817767981742,0.09640689413182804,0.2736000093286201,0.025175881250736578,0,-0.06741138801518638,-0.1303928316512634,-0.028595771004930104,0.855062729817146,0.43193272720381365,0.04026538375172491,1,-0.16943631510726623,0.15998495600156037,-0.05861591369048053,0.437906945700945,0.04075284273783664,1,-0.06769568618086286,0.02441515232674997,-0.0188125204449421,0.4061854546400072,0.17632713626023214
296,0.4770983893704566,0.04063025716801575,1,0.6287215860018093,0.05803651796701028,0,-0.021067081111870403,0.14978866711367972,0.29116759127836034,0.027725310629257736,0,-0.021364932466048984,-0.1665102098588259,-0.02095726639676479,0.8357746572039865,0.46557433027454376,0.04447661458110262,1,-0.053794914439674935,0.04033561433661768,-0.020966369622399072,0.47792503751034826,0.04364832561412767,1,-0.021349669681164356,0.005503379784756455,-0.0062286725932439455,0.44101929217878594,0.17832364777928067
297,0.4927829991577042,0.04289264291584177,1,0.5169391845322808,0.06202966227153772,1,-0.03439531014653899,0.051334494678819724,0.2867597638594036,0.027612327021294632,0,-0.006620189203661705,-0.179907029120255,-0.026713017816679663,0.8410041799750061,0.45330107806521064,0.044786768428579295,1,-0.016977540933668406,-0.024192793927505576,-0.005528587073615375,0.45745278682704416,0.044440804981206485,1,-0.006762157006272701,-0.025866330425034383,-0.009918725741648662,0.4182267475429883,0.2134952677287909
298,0.46668360297077593,0.0448397902035407,1,0.5985423783103105,0.050725030040860875,1,0.0029085884634125667,0.0956337898468979,0.2713443757221751,0.02977923772148885,0,-0.03077022400825946,-0.19456448784817307,-0.003320912421392325,0.831154967767393,0.42082844570481,0.04696645604768629,1,-0.07757899676621664,-0.0053217103909491146,0.003729152861975688,0.4583149072741092,0.04631055035745026,1,-0.030529201990833796,-0.016333992822078015,0.005178102087020896,0.42207409021057163,0.1810277509348067
299,0.48460721785204447,0.041009327851036774,1,0.7362924613866945,0.05596400861779534,0,0.08298629013460226,0.15330617125209228,0.2924427691659561,0.027951239647427652,0,-0.014334050093055791,-0.17189052487871978,-0.02133265586226834,0.8437903695822581,0.46716387123458014,0.044766741262973156,1,-0.036359874129894006,0.03182223797975645,-0.028298492615282302,0.4625773347444149,0.04401077931999984,1,-0.01429707554133387,-0.009261013280323815,-0.013864576433927352,0.45909391549978185,0.20734801985001877
300,0.4757494607784698,0.042107719223949215,1,0.5802961394129982,0.05569910341601083,1,-0.0016102173068266831,0.08190635671982469,0.29355299219415515,0.027704071216468545,0,-0.022938815848323968,-0.16210793737546333,-0.021400254582057514,0.8437863582825852,0.4558270918838667,0.0439234922783605,1,-0.05794294557892865,0.04234891967303308,-0.028578882210237674,0.4609973248155828,0.04414995148482597,1,-0.022843548850446628,-0.0033476892320775547,-0.012811437101892994,0.4260948154996376,0.21139418625580533
301,0.6478309884946283,0.04089074333144533,0,0.8302079335584116,0.05964540892872103,0,0.12653744879340684,0.20367048476500477,0.40600295438784434,0.02859756141477342,0,0.1404565520921223,-0.20937831426179906,-0.025075283442478866,0.8381760512091425,0.6526622930915663,0.04583400519677583,0,0.3547893711339863,-0.2191678832218904,0.017040805179470393,0.6564299914205606,0.04473561711279954,0,0.13914138141163396,0.025260299911081606,-0.007971689902154935,0.4349315646860034,0.20686871175529647
302,0.5046765557809149,0.0422491201276248,1,0.5688757072406889,0.05610256191209265,1,-0.025307954430844184,0.09418366167153319,0.30772141532397107,0.026907804078087853,0,0.00443181954478708,-0.15750888395675122,-0.039201520264064864,0.8357913721549322,0.4831591550430017,0.04291081681979069,1,0.010957536930975786,0.013686930796822122,-0.041485312684796154,0.47839117781858137,0.04300923944853806,1,0.004402249382627436,0.005622043961468906,-0.03163311552551491,0.4155905470165639,0.22010419890537175
303,0.4722810267822512,0.038487418044556215,1,0.645563327330048,0.05025940835156126,0,0.0027049268005253915,0.14285840052952273,0.30758852977822937,0.027031044189967327,0,-0.026535353517131273,-0.15043590145558722,-0.015440215249052135,0.8346276926984707,0.4796885706871811,0.04224340971690223,1,-0.06534543764155068,0.0703884317875511,-0.025354423458819234,0.48893736765970486,0.04120682403290703,1,-0.025599291078137493,0.017090919302085613,-0.0025542605642433318,0.4445371679607859,0.2036266729457878
304,0.49770617446821125,0.04076597407642849,1,0.642919049746172,0.05557899454439871,0,0.0768223486671523,0.06609670107901974,0.31544829087140824,0.028751403850766577,0,-0.002147266634930422,-0.1527527260191238,-0.02965171647453751,0.843637651236455,0.511166859018709,0.04630597524775953,1,-0.005636881925763535,0.05603194203238044,-0.03922820108790784,0.5192673211336003,0.044972852940012346,1,-0.0022121608119708546,0.028842130040703837,-0.007362648095132675,0.4544985630820899,0.21890363234714838
305,0.44953766131103085,0.041112860760428784,1,0.5275136667982592,0.04798761551865832,1,-0.032108842191266196,0.05962250898952547,0.2717945914767653,0.028501318710452993,0,-0.04701513907394391,-0.1623178402672864,-0.018872429182004383,0.8492064387303564,0.4299766404383566,0.04560281365022998,1,-0.11711310770610772,0.07310361459184918,-0.026013866447384865,0.45607645013828985,0.04592157858145005,1,-0.047865512229742155,0.012814462891517614,-0.008872500523485666,0.4256738437285633,0.2019666071512721
306,0.44728490965514595,0.041231922019621725,1,0.4547728628811349,0.053364402029893954,1,-0.05655914100862655,0.011332003889761477,0.2760669940709579,0.027274651349580716,0,-0.051010361049747224,-0.13893120164480113,-0.03399144323449373,0.8394311928788905,0.4350095245521435,0.043029349169680604,1,-0.1299035887215923,0.12139955670457159,-0.056486443430835934,0.432514712805868,0.042376605770013655,1,-0.0505105396498384,0.005155786597011055,-0.02213053414130457,0.44263736051142344,0.23485778643242172
307,0.4148889520038093,0.04312718175813292,0,0.4151418759805701,0.05714145274182118,1,-0.15560132270041607,0.0707431986809861,0.27803471428205573,0.0283269835340061,0,-0.08116075185474975,-0.10543828499414439,-0.03536624886905011,0.8466358837886853,0.43700413941998084,0.04560496138148323,1,-0.2079929277614427,0.2307423784182557,-0.08574531123683204,0.43676064598636544,0.04604775664090968,1,-0.08104001053134349,0.03594376313516735,-0.01814310661745838,0.42462990560546215,0.19295998051598054
308,0.4948834035296902,0.04457541006420757,1,0.5371468601269072,0.05316401543763182,1,-0.03715874401642666,0.07430560414333383,0.31940668642005987,0.029616953820385858,0,-0.004747414609948459,-0.13618984401909512,-0.039656054950896545,0.8399260390699674,0.5076252428585631,0.04713445512486295,1,-0.01206915617679621,0.07931114461356516,-0.05961674557820579,0.5133286444082424,0.04738379522507323,1,-0.0048529875083532644,0.03944598294240189,-0.021264351025806115,0.4243322129493414,0.1975221069913281
309,0.5344124928334217,0.04044632509854316,1,0.5510895282199827,0.055096712409691,1,-0.03397480743725699,0.08506433565723957,0.32015799280688456,0.02751059622428252,0,0.03207481969126857,-0.20020448847368982,-0.011712338410694223,0.8424480750452856,0.5060417191014447,0.043381583978751644,1,0.08017257280852093,-0.08685815146430394,0.012727297757227763,0.5007604821603342,0.04209778330034138,1,0.031277886485639984,-0.028366277077211396,-0.002151127248094298,0.4395786946658856,0.20643808052730017
310,0.5445678210591678,0.04276972996970613,1,0.6331788433179205,0.052033752860980075,0,0.06634428627859233,0.06683455703932825,0.3491739454479016,0.028954158432451277,0,0.04125367670920544,-0.16112133201624446,-0.030958399245059314,0.8414344925610053,0.5614163021876809,0.046117053186029454,1,0.10555479093914567,-0.009145306557276101,-0.03499318219418875,0.5680814564209236,0.04456430934809799,1,0.041971084664907315,0.045297313524834605,-0.0191869417688183,0.4280004204960068,0.2000998040830238
311,0.5727100000099202,0.04359313998392627,1,0.7267031067344542,0.05674636541396427,0,0.09273603456338686,0.13396707217106735,0.3645084837162421,0.031125295385497923,0,0.06748257510486189,-0.1745156333660174,-0.028458458022602353,0.840881008375603,0.6013561816508157,0.05076420758109338,0,0.17472893875072643,-0.06148294630567803,-0.011889810794232588,0.5853845047180511,0.04806832717194997,1,0.06929364606016206,0.030341922546753778,-0.014251063888864723,0.44648810353515794,0.20025059573432702
312,0.4925731178045456,0.04190780218987331,1,0.5122895982016064,0.055924471959211075,1,-0.09875718385012928,0.11104678205173568,0.30210620039957287,0.029762249301080845,0,-0.007165080692233827,-0.1688695972975192,-0.021859121610674034,0.8341295764331595,0.47286384551639327,0.04765243366068928,1,-0.01806775284480455,0.020505445083228224,-0.02957384672203039,0.49257731628619356,0.04632231418331269,1,-0.00698563277544039,0.01856743780231206,-0.019004488740678015,0.462014754020403,0.20738835806392075
313,0.5153038872239838,0.04617807212047716,1,0.6675963188710499,0.060496663744243104,0,0.06406971794369684,0.1035266009273531,0.3203623521108848,0.03209267844288919,0,0.014211184973886997,-0.16474323008938963,-0.02910560277361246,0.8288506693183307,0.5166372289774984,0.05140589587294445,1,0.03679675188238613,-0.0022674569391415056,-0.01789206596574622,0.4895390159060654,0.04939555701439044,1,0.014424268257365747,-0.008799828177741983,-0.016085424173558557,0.4428276202858938,0.19256881015354213
314,0.4989767789789604,0.04041020237838983,1,0.6235422665482602,0.053930679477119874,0,-0.003797652264563617,0.1273399188128237,0.3304717395097772,0.027453500217058738,0,-0.0009811273671464463,-0.14888880097270307,-0.019658332150373287,0.8371779123384568,0.5226800768352354,0.04380988252753523,1,-0.00248052753269749,0.06715794709992365,-0.041997342731990794,0.49945904148929504,0.04196272735332836,1,-0.0009703537568614556,0.015102241653670738,-0.014672846407514163,0.38844104686032704,0.20036080007088478
315,0.4105123116184207,0.041656212632775,0,0.5594495883579589,0.05760712280510509,1,0.01210311035417863,0.047346478003780224,0.24870858436710228,0.02796577429289544,0,-0.08317437841350893,-0.142999708288119,-0.02511732893126988,0.8393243632293304,0.3894380652030744,0.044519109901134155,0,-0.21081494720169952,0.15227283922116697,-0.05201982681639296,0.41332398099511497,0.0456045797018317,1,-0.08383488522552217,0.017075855499076326,-0.019916989278439098,0.40718200450572933,0.18474354637224025
316,0.5229170452116956,0.045372365871701445,1,0.617621673984652,0.053773420523070374,0,0.021065655157301248,0.09655601882735078,0.332625064021273,0.030870820611891198,0,0.021455488077136,-0.17306936497783446,-0.015761059078028546,0.8395965994259313,0.5401013890868873,0.048746558004132357,1,0.053975189827325167,-0.002055181303330575,-0.01181861943710741,0.5483441345666062,0.04768394838153508,1,0.021363320573811368,0.027230400596700472,-0.0002495866039057103,0.4429893502808225,0.2049174729223593
317,0.5016897326547299,0.04056696407271261,1,0.6360230571704182,0.052506467338477206,0,0.06042302350889368,0.07560003366152451,0.3071060618874174,0.026702828195283836,0,0.0015475193433537365,-0.1670253723100714,-0.027416085145864997,0.8310843140821039,0.4844364359252811,0.043225455716461,1,0.0039014743638228527,-0.0006195255993532735,-0.018845512839188512,0.5109947550413431,0.041069143713891296,1,0.00153616552963789,0.018955986794072798,-0.009497397282367577,0.44160134257916633,0.1880737532541481
318,0.5137651458776394,0.041304324233886434,1,0.5875054131258302,0.061992817045118935,1,0.04290831112261506,0.0445971020032151,0.3172589114289177,0.030995382204210976,0,0.013199034391981442,-0.19163652042832863,-0.004303602534735079,0.8290933337129586,0.509233117130897,0.05024029635311356,1,0.03290153562251792,-0.02466539012794815,0.0009969716363272953,0.5105935201757645,0.04753860045441391,1,0.01326830252302972,-0.0009409793136494895,-0.0017338030336158058,0.4309308638589494,0.19862110427452562
319,0.4964881713582326,0.0423484527016487,1,0.5749653608121231,0.04960922013719252,1,-0.0181082422559275,0.0930736030680506,0.303322093858594,0.028246295411346812,0,-0.003299109936785624,-0.1773194756720789,-0.016059320532541433,0.8542214451758467,0.4760392941171216,0.04531526703815853,1,-0.00821356227514564,-0.0029308346000329884,-0.012816309007699731,0.48722492882397866,0.044184988500128794,1,-0.003345589567119669,0.0003449716128454686,-0.009774453221747198,0.4205891650568996,0.18817981613692034
320,0.5288201993612945,0.04314417082785665,1,0.6952110738031357,0.05134995581100103,0,0.015787835709263683,0.179423238093872,0.3377204003615845,0.029118030051072306,0,0.02669167863672089,-0.17112074252918452,-0.017850535745951884,0.8410674312688711,0.5303284160808232,0.04624734345591211,1,0.06805572340507718,-0.03131220130107179,-0.006415106023182189,0.5382593332158924,0.046980119474646746,1,0.027308283870362656,0.01661613671740862,-0.005665087371878892,0.4229800364855087,0.1904585687266503
321,0.4902299945737418,0.03898236454998926,1,0.5559873339773874,0.04852907038050445,1,0.012019970584969982,0.04396736339241748,0.31448880009700303,0.027155716542324362,0,-0.009383884444715775,-0.15081965231263905,-0.025307663145642232,0.8481050907688237,0.5041588369834477,0.04377002591033355,1,-0.02366587607575789,0.06477588059495525,-0.03695116753574972,0.5115590077175588,0.04194712037446957,1,-0.00945584803191436,0.041064350696768843,-0.02004949494729573,0.440508339489448,0.21592776203789757
322,0.5326327596920696,0.04138577786252427,1,0.6445717372419109,0.052302898674031185,0,0.06172718946141515,0.08284454778049571,0.32317299813599604,0.02758568166952664,0,0.03043112935655465,-0.1916057430689067,-0.015652388151651975,0.840057592074345,0.5219159256042203,0.04460241912167986,1,0.07723040835003382,-0.07376273806716821,0.018448255321354627,0.5433895907507186,0.043336473276301614,1,0.03016290948511953,0.010927877759497545,0.002298803506101475,0.4659597492248389,0.1972833086890507
323,0.5230352485602153,0.04371685771152054,1,0.5844304899478446,0.04712233128032592,1,-0.03826386483366666,0.1226943547815114,0.3159802326684095,0.028844895759577924,0,0.02173526544031807,-0.18504842636080465,-0.020706606411103914,0.8426972695746049,0.5099396146848708,0.04644739843004042,1,0.05568549567668506,-0.03788295590322035,-0.007862925088593905,0.5067210156684382,0.04499927543143108,1,0.021201040637939938,-0.007565122320172957,-0.006914902649328737,0.473350955015886,0.19964173571348875
324,0.45032474108695214,0.044835332734295776,1,0.4534771872267713,0.05213917864823525,1,-0.06971897223365534,0.023196159460426788,0.2919247225166293,0.02953247696160448,0,-0.04630667663488786,-0.13535920239032834,-0.026409398458154584,0.8252287610552207,0.46792429005472225,0.046806477961698574,1,-0.11717936630534079,0.14818633949487067,-0.06308268313480768,0.46800016910109343,0.04617523789421781,1,-0.04763599448572121,0.03282785316826611,-0.017191689581451345,0.4394539576358411,0.18509850756755022
325,0.48523076601710036,0.043297881983968604,1,0.6241023280580433,0.05085707470150879,0,-0.019084544809298165,0.14318687286734144,0.3057633240615047,0.02928848290770938,0,-0.013924212586352265,-0.16182436557480723,-0.01848809777733587,0.8430970289880076,0.48471907201712633,0.046728052320381366,1,-0.034917198379972335,0.045914024865382506,-0.02627775446828386,0.4836675659242083,0.04476653359217772,1,-0.013652028316345988,0.007886656856351365,-0.01056706261579703,0.38812688780607707,0.19482884843934437
326,0.49324062272356256,0.04069822803997144,1,0.557494549658357,0.05623934044689705,1,0.001794634032978976,0.055699915625377995,0.3148215351616109,0.029189838849021887,0,-0.0062452392705525765,-0.16325280952129145,-0.015680416046545083,0.8396817007733312,0.499520629189588,0.04609838591689809,1,-0.015889671583408697,0.026757684083288203,-0.011347383310291562,0.4990218399780221,0.044296661059252875,1,-0.006357678537645926,0.0009622133369155286,0.004417305178752478,0.46884927354957634,0.18268844907704393
327,0.4765909321124025,0.04072603003027391,1,0.5147516970001441,0.05303798026285189,1,-0.025898361004590136,0.04065005800473425,0.29179645765795664,0.02795806506462221,0,-0.021916266707767775,-0.1692238538620155,-0.01706342177226002,0.8396032794686826,0.46039871938492377,0.043951123861524145,1,-0.05514478577421989,0.016846461265062406,-0.0013029561059187736,0.46618545845424153,0.044341178433556006,1,-0.02210613194843611,-0.012917395575101614,0.0012089859777791167,0.4099400572721815,0.21738159054622508
328,0.41753468337021754,0.04013004721798916,0,0.4810360192808476,0.05324001475287457,1,-0.033118369253368765,0.014154388534216392,0.2571621120664357,0.026686188239743117,0,-0.07384462214867561,-0.15017474732360866,-0.018818518461280173,0.8475055076201501,0.40974497102390356,0.043359171502123296,0,-0.1954645050820419,0.15293203981280012,-0.04772256370685476,0.41740559100136276,0.042767254319319756,1,-0.07505190734190352,0.007786994641497176,-0.015329496298230933,0.43779469172883956,0.19573713029733517
329,0.5317851793299209,0.04274746928875476,1,0.6168767325522065,0.05852886416924569,0,0.033052764607582455,0.08382396794462418,0.34313947558886654,0.028995714511884454,0,0.03048715848608283,-0.16170575943339366,-0.025641923463822634,0.8231754222187518,0.5536450000571567,0.04597212619297546,1,0.07810237743201842,0.011536625084488644,-0.03599400245935046,0.5463447137616511,0.045427421176304855,1,0.029939281045478484,0.034325952539567224,-0.01792051982339476,0.4057357784874907,0.20082212690582793
330,0.5037803796563355,0.040139985185400226,1,0.7063640214107748,0.05090587213286901,0,0.11013737383567361,0.09622664757510113,0.3280592927158275,0.02733378786481604,0,0.0035281848751960777,-0.1464147400001795,-0.029054152159189023,0.8447841166577096,0.5156197942022035,0.043026930096871696,1,0.008881617183042723,0.0408254798466825,-0.03408730282752176,0.5227056856464999,0.04246357382024147,1,0.0035422157906555333,0.03541390395764163,-0.01625043410179716,0.4028365420652102,0.18384362044844757
331,0.5420187158281983,0.04458183133588569,1,0.6202947392696494,0.061007545882938094,0,0.0368261983526572,0.0834685409169921,0.3273236955955834,0.03098281849063597,0,0.03876636746223754,-0.20266297358297117,-0.008779698283683109,0.8318115059530322,0.520333827236578,0.04880494748784402,1,0.09716861006013526,-0.11294385559459222,0.03610907277103496,0.5126895508818832,0.046954237936867094,1,0.03837172625239101,-0.0361996855271818,0.010517510156674008,0.43421468449414063,0.18352678055588922
332,0.5160834057330544,0.04009625726725251,1,0.5354507853343364,0.051777686985708726,1,-0.03951259702403123,0.07496338235836762,0.3147366867581567,0.02686333734315733,0,0.014473821150421088,-0.18474827314765668,-0.014988861244607684,0.8312515317515433,0.4989842785230716,0.04255079953390697,1,0.036885027778861226,-0.045405318887421546,0.007504569631631937,0.512601317286253,0.042642498081760204,1,0.014625849063984581,0.0017432955102065504,-0.003767827287938201,0.4254541466109812,0.18576466636011463
333,0.5309747635338521,0.04741090532197295,1,0.668765370808733,0.05839598064258718,0,0.04053050607153052,0.12823486473720244,0.34605898167147725,0.03181420706080752,0,0.029385216746690358,-0.16369119344806565,-0.01963504162714748,0.8392408592627558,0.5565697448131196,0.051351425538708924,1,0.07358545483563944,0.006839046460220551,-0.02385475648274042,0.564995717544402,0.047937807633593024,1,0.029061162436325696,0.04441715734723648,-0.008482602239160234,0.4161574928508423,0.19408179240305407
334,0.5279963346906017,0.04210723741302524,1,0.6673648868794586,0.049844531009986065,0,0.02169265121671915,0.14567223566273946,0.33773751135880553,0.027459432966533106,0,0.02638314904809546,-0.16234907461090228,-0.026296563078387698,0.8241971673569414,0.5349078178374125,0.044186618898600524,1,0.06616533536066056,0.0009691684097772449,-0.0322266859330253,0.5684620956932784,0.04226699004625543,1,0.025887772490658885,0.05957329630415452,-0.016998973101535093,0.45046846539133045,0.20904368243323204
335,0.5060705870675529,0.041236046347960596,1,0.5570568023979466,0.05086457365049754,1,0.02168453353830325,0.03537226885964352,0.2904941769007972,0.027916394780804186,0,0.005713422127182328,-0.2091589975902636,-0.006060247636121566,0.8404036742429122,0.4620176563353051,0.04446370054262923,1,0.014429855140099462,-0.06585341863006643,0.01344121982527205,0.46804285816107405,0.04329934373461635,1,0.005754976448688957,-0.029946151794897537,-0.007765966492717416,0.42597321134388993,0.19783815682592018
336,0.5271215232958011,0.04026624539824439,1,0.5808460129939629,0.05416220742333985,1,0.03330782505264553,0.047538187941317346,0.33403943001336595,0.0268297709300973,0,0.025106112538645076,-0.15800209285882535,-0.03306458966645372,0.8499548197096853,0.5190718265642155,0.04285193388224725,1,0.06459569794050095,-0.016894815765769528,-0.02862905561051596,0.5287513053323801,0.04196398816859151,1,0.02548026400681725,0.02030193170278931,-0.017030890377226632,0.4338925387741033,0.2047339838637673
337,0.47356550794127894,0.039916273890177684,1,0.5700199677091164,0.052873081451712614,1,-0.011336470130184009,0.08135643783930059,0.29699893945608785,0.027940261957623055,0,-0.024914295593539828,-0.15840373557118195,-0.019683029379190448,0.8317656819369499,0.48000001317765073,0.044612444581236546,1,-0.06258552485225335,0.0703032459536397,-0.027717707923735665,0.49825270398369814,0.04346587643652364,1,-0.02488769307663053,0.032300901153398495,-0.009160504093069781,0.4099710945658953,0.20117329936671408
338,0.5792853582674085,0.03905210277555903,0,0.6204492634899317,0.048364035666209934,0,0.05706096390612384,0.06338829958380789,0.3494460995011859,0.02691608503386965,0,0.07269408984112434,-0.2011770089131654,-0.022070981426773134,0.8354769876180745,0.5690917577818884,0.042913310030702395,1,0.18487794101839236,-0.1393544211228977,0.02356823788639372,0.5532640661822328,0.04178658852626783,1,0.07408127295066358,-0.017429310003523234,-0.0033878967649075263,0.4125799206934697,0.20030040703848023
339,0.4647515016881646,0.04251277502198483,1,0.5602830105375854,0.051166405315133355,1,-0.033666553469649675,0.093949564007235,0.2890919190788571,0.02805387427045978,0,-0.03259386723390952,-0.16515275283350245,-0.013161460853730805,0.8297845207319529,0.4607768278095826,0.04551016525333099,1,-0.08237634626089237,0.052884032456869325,-0.009730858386394307,0.48250023954450283,0.04544104614171724,1,-0.03269188673149231,0.014764094647061873,0.00042803162893331027,0.42834894441297044,0.1818035791180915
340,0.42450426735275104,0.04143231768552266,1,0.5614935669791741,0.05332272930548156,1,-0.034355001466090364,0.09584856844526447,0.26061500991684017,0.028284136802211205,0,-0.07066409221685067,-0.14857104299696908,-0.020149854869340105,0.8398037778655747,0.40445382681721287,0.045721033390758316,0,-0.18206398984315922,0.1468293133257641,-0.06031149666539196,0.42041369682401875,0.04566652235730615,1,-0.07180643366585972,0.01345170804071667,-0.02123157755083823,0.4419666646598555,0.21714608558126086
341,0.4887101301589355,0.043321303428799,1,0.6901421667077462,0.05961896309180223,0,0.03126412874239358,0.15887803796535246,0.29513944720397906,0.029307126934240136,0,-0.010289374493087637,-0.16786670763528902,-0.026704470667644295,0.8426465206781845,0.48702957191077734,0.04692871442074819,1,-0.02690169435187485,0.040394382175060015,-0.026463115912407815,0.5023725340162805,0.0448550452631028,1,-0.010275699633168838,0.01874372049679993,-0.006095486847350644,0.4103072251431415,0.2039211212856296
342,0.46707656980194323,0.04099814807810095,1,0.6085603719131295,0.053122449432500864,0,-0.029576345480238114,0.13813671739336766,0.30176540420855036,0.02778467129246533,0,-0.030901471250706667,-0.1420973512453524,-0.025235773295390576,0.8461026671442797,0.4784007325219017,0.04371363973470374,1,-0.07864728201449027,0.11283872912466861,-0.05579071458827659,0.4649256954793926,0.04425261550671196,1,-0.03106306756177345,0.023515435244353726,-0.027526672203187674,0.4479887073444177,0.2059276117405351
343,0.42916358145970007,0.03990519731441123,1,0.4793353179413636,0.050979505285011516,1,-0.13797196771673723,0.11730728565810089,0.25056385332756,0.02769523857137749,0,-0.06637947845648455,-0.1802306437527256,-0.0028260244632299543,0.8464846218472735,0.4058731844730593,0.04337924355994967,0,-0.16743634910110608,0.07973686566695663,-0.006427332092791193,0.4214131026583616,0.04258161644029239,1,-0.06654577552097164,-0.012000380220898787,-4.0741599767974816e-05,0.42872223607537213,0.19388180152197182
344,0.5380509936050755,0.045770421970775105,1,0.5195655151627305,0.05428428033402889,1,-0.0419113633900204,0.06147687855275083,0.359855921544373,0.028934841693073816,0,0.03554451811933114,-0.13533437678192334,-0.040354219793034794,0.828868961760699,0.561559128577912,0.04597112877330873,1,0.08904278825636566,0.01601986106773941,-0.04350352074619311,0.5628848911532339,0.0460173695400827,1,0.03542338841139145,0.04738944504115333,-0.019927942299311007,0.43714637675466533,0.204183763427084
345,0.5432427179251129,0.0438163176364577,1,0.6252041167911999,0.06011676044693728,0,0.060806411578295506,0.06439770521290422,0.35238268348834273,0.028427937639470657,0,0.03951398831535513,-0.15288168990091,-0.03424961492610233,0.8381541194722117,0.5591448517016139,0.046225326718402175,1,0.09935060632408665,-0.0002091294603838417,-0.03999662516208893,0.5504699441763253,0.04537512176224646,1,0.03955437880908388,0.029217709702971998,-0.018302144335730786,0.43836031108767715,0.18564001564197086
346,0.5236336979417077,0.042175761799563505,1,0.5704552712928811,0.054244265318757486,1,-0.05384527887636442,0.12430055016924564,0.3097232641940001,0.028984419095125533,0,0.022597451443569755,-0.20655873545171247,-0.0063154517978571585,0.8377196924156711,0.5013016088376481,0.04532239208767589,1,0.056154359347674175,-0.06710124190168724,0.012248491391661214,0.5026282947868648,0.04484887728809818,1,0.022446045225191377,-0.022652555795438862,0.002834805357112324,0.4462579809620007,0.19965494169098613
347,0.48275838678367183,0.03989861183360325,1,0.5847215278504456,0.04921302605311927,1,-0.01341856474738504,0.09814009259783057,0.30462242861233974,0.02769473490454746,0,-0.01618145598793614,-0.16685203755571382,-0.012344077844010225,0.8383194791292563,0.48591043230939907,0.04379456044972448,1,-0.0407189332389699,0.05142685167653534,-0.02479748612816647,0.49631767349436023,0.04269317153522797,1,-0.016070219352907547,0.019042875351093173,-0.006654982503825315,0.42695644026296486,0.21561652069328566
348,0.4620812212363552,0.04056104524420872,1,0.5582509724327112,0.053681970659456346,1,0.01988489054014403,0.03836608189256712,0.26688692368876665,0.026653918078689574,0,-0.03413887558342267,-0.18470865366491676,-0.014265547062893983,0.8422482325781466,0.44645023487416347,0.04217790146782053,1,-0.08801203509736065,0.05006827729567207,-0.015606007324147865,0.44125773989855877,0.04166152906737494,1,-0.03420321786065146,-0.018417739755704803,-0.006121302485085012,0.427079319061592,0.20190805760222102
349,0.4630669026897317,0.04833006522799668,1,0.5147867653217936,0.05988039812567817,1,-0.05868566033925504,0.07347242566104861,0.2882738754912805,0.03230918586470903,0,-0.03358413043346746,-0.1596918543138118,-0.01845013976144037,0.8393604993034742,0.45123806931287797,0.0511338798409019,1,-0.08432809140577498,0.058846988257958394,-0.02328082753930539,0.45137217049135203,0.05061909330487366,1,-0.0341786127874207,-0.005103761685563975,-0.0093454550356634,0.419800400327643,0.18764723424621227
350,0.40272029101370943,0.04513081506706349,0,0.5172037004159024,0.05742614000018985,1,-0.054480125194235306,0.07168382561013763,0.24444294618017576,0.030735994520919133,0,-0.09224025903904717,-0.13767374504070493,-0.025643049740072154,0.8414377848348848,0.3997877578048401,0.048545462964658836,0,-0.22812677269465986,0.18202741610598547,-0.054112885606485424,0.3817959139977866,0.047288397305709384,0,-0.09004648068711286,-0.015827647225602228,-0.012329958089498294,0.4128067125953535,0.21094135895445343
351,0.5843501329187263,0.041818969645377804,0,0.6483424225266597,0.05198699473531462,0,0.05507723706994196,0.09326518545671796,0.34452149394801224,0.029229542147798018,0,0.0788170063420989,-0.2124017839957843,-0.021893728398302316,0.8299583887637528,0.5491599747287759,0.04670612843694846,1,0.20227120036105276,-0.18404631627027915,0.030935090638002274,0.5648610537638764,0.04590480834023744,1,0.07933437822273855,-0.0120809738056661,-0.002392350653195994,0.4398466765113307,0.21067807448472065
352,0.6257436545895256,0.04215297423574976,0,0.7121808956603153,0.058991598549447924,0,0.05802408092475598,0.15415681473555926,0.4011259127231298,0.03205778477651748,0,0.11804027420999143,-0.1928088640304615,-0.024105497456400102,0.8176220283951741,0.6428601912888197,0.05184645086969181,0,0.30080302303254347,-0.16010090626738185,0.002158074523658051,0.623044430698084,0.04921161103015167,0,0.12071212319651439,0.020490846255387368,-0.01815853875381768,0.4527444537546649,0.188123602281765
353,0.48818162276006277,0.04455927087255964,1,0.5671680092056538,0.05337511159723714,1,0.0931772171974265,-0.026009207991772663,0.30194641969831826,0.029556394724069318,0,-0.011152899442207865,-0.16216430421899344,-0.024736376640480513,0.8413137821806528,0.46974566938284085,0.047453165815587034,1,-0.02812870260549835,0.013190941724634303,-0.015316569736294867,0.45871690726273884,0.04539865670387255,1,-0.011074991451196987,-0.02107283578125845,-0.009135265504805765,0.41302803222922724,0.20835555045826748
354,0.35030233717965614,0.04129974817807237,0,0.44913987503512093,0.05129725198339252,1,-0.08364335047912261,0.032783225514243466,0.2227075901380888,0.02617190663144104,0,-0.13856774101227903,-0.11108645733021479,-0.02763821151941735,0.851597821597885,0.35446306417926776,0.0414433825859119,0,-0.3470921507757216,0.27526946616632697,-0.07371425121133761,0.35024249390922896,0.04093470183522605,0,-0.13728523991546682,0.004202187237246047,-0.016674453412550215,0.42534926943554613,0.1983294416547897
355,0.5705231689335253,0.04327988381510435,1,0.6404717386148009,0.05226247683390606,0,-0.0024776869319240303,0.142949425546725,0.3476923300824362,0.02985993510235648,0,0.06641147394660213,-0.20511930618067808,-0.013599837683487864,0.830270801020386,0.5359405983958374,0.04774205243375061,1,0.16732741868443407,-0.16244871583496914,0.031061895546372464,0.5608559067144033,0.044100207643624684,1,0.06481477259726369,-0.002011957745350291,-0.0019469081375101194,0.39817487463658774,0.19157716304119396
356,0.5549628111512322,0.04645275792562026,1,0.6188775103950462,0.061665195893724115,1,0.049611237183137,0.06926627321190926,0.33833800228388594,0.03178133920994358,0,0.05231091768242079,-0.2000183109799509,-0.013954604418584038,0.8317831984670728,0.5402536818371848,0.051021187938221406,1,0.13215668898448715,-0.11229321446589269,0.020390207318590307,0.5494815238182116,0.04948796867828633,1,0.05200320537540602,-0.0024565565089913815,-6.512504820310298e-05,0.42570880011422707,0.19490765056934817
357,0.4882278594946533,0.04408145863435424,1,0.5491353817218249,0.05884356060559225,1,-0.005682465054465556,0.05481784677629031,0.3005111168844761,0.029801886270368547,0,-0.011223359294347108,-0.1630596435843002,-0.02520588023687658,0.839967038185145,0.4615173818367953,0.046393270260150304,1,-0.027817232853660244,0.010162806948831305,-0.020828192258375823,0.4848221041879943,0.04696107208264409,1,-0.011071725100286204,0.005948313831580819,-0.0100544845433002,0.45409807983020084,0.19894639172092235
358,0.4844637426568656,0.04364696986548601,1,0.5017040534169626,0.057158021266373316,1,-0.11565520799954462,0.11735926141650718,0.29274831370244997,0.030258850217247203,0,-0.01477064463435698,-0.16905232790572214,-0.023428713757470885,0.8303505989292945,0.4698267056787694,0.04820724680071531,1,-0.0368635598379353,0.029510939735690064,-0.022820674218985395,0.4818421506869471,0.047250087277467066,1,-0.014744573735553216,0.012761470184653826,-0.016174745762153615,0.4561381171780304,0.20792097847146862
359,0.5242935670270823,0.03909340967517558,1,0.5409691993487712,0.048494550676707576,1,-0.037789590621863836,0.07875878997063501,0.3145998071212644,0.027618530215936504,0,0.022598125230937693,-0.19554597448462224,-0.012452343625051043,0.8258713685719655,0.49359200967704536,0.04409962850029907,1,0.057823330969638376,-0.08922775089247831,0.024996429599885416,0.4820728421553101,0.042780641838199816,1,0.022569953542600663,-0.03434237627685174,-0.006154735110438967,0.45751943529337447,0.20221709910255875
360,0.4882078375435966,0.040183050706044575,1,0.6151902722686609,0.05270166591864659,0,0.040995779619670394,0.07419449264899029,0.30756647052889174,0.0270707729288268,0,-0.011153133998456681,-0.1678795563888454,-0.013400839083806125,0.8366389249987772,0.4849133966926539,0.04234959852836568,1,-0.02726516546029048,0.027490486817188856,-0.015311924664244596,0.4778038265053036,0.04271109251893986,1,-0.011232840853935975,-0.004759249717517733,-0.00620408292324265,0.40643221203457436,0.19506527826747116
361,0.5010432494108495,0.04131529450893407,1,0.6047342742371727,0.059694162660375624,1,0.048947967801416324,0.05578630643575652,0.3139848995740787,0.028473461843848583,0,0.0009628870032680405,-0.1680285409859186,-0.018949446443270863,0.8465644236931822,0.5047405746815442,0.04601357072119073,1,0.0024128552580901146,0.019150683450142512,-0.01682296402668841,0.507756045353636,0.04466238560097736,1,0.000971653941458098,0.015216202684613152,-0.008431811272435258,0.4436770079169223,0.18865901749812278
362,0.440032713481183,0.03955314182986079,1,0.5104453530648569,0.05000707204203641,1,-0.043700045098876414,0.05414539816373339,0.2646415515870093,0.0259530133346373,0,-0.056740714830156996,-0.1553254891164142,-0.023292244466419545,0.8365908444181117,0.42456826892336985,0.04189827833350272,1,-0.1461896315262636,0.10852746874736706,-0.03776956829773354,0.4258412088069087,0.040741906061119194,1,-0.05779913061420413,0.0038943756164717697,-0.02025403619535903,0.4094726535165049,0.206404555776234
363,0.49565059092825486,0.03965711866537124,1,0.49387088129621587,0.05076319314851022,1,-0.05037968199397713,0.044250563290193036,0.31317234575545133,0.0279921001694084,0,-0.0040597060307053946,-0.1607272526950721,-0.02204069551877113,0.8383022177942769,0.4890232263275222,0.044689664917549485,1,-0.010029525802402824,0.0281547414575304,-0.029101989327605216,0.4888867618308889,0.04390927371064073,1,-0.003956298354309695,0.013029146047139988,-0.020186085861941292,0.4307735634738152,0.203150391838896
364,0.5397118145817509,0.04158215595820768,1,0.6936340588409075,0.05581463376704782,0,0.036113861094853435,0.1575201977460539,0.3293739113798344,0.02913490268877267,0,0.03789031936067838,-0.19238100977532102,-0.01613539820552291,0.8343380984674268,0.5150722821209759,0.046631217853537014,1,0.09576523574327966,-0.07860275479646871,-0.002090198825835053,0.5044940529987655,0.04418044552500715,1,0.03787789007859087,-0.013978278926633477,-0.01940555815319186,0.452637028712636,0.20548062964140304
365,0.5305310548980051,0.040742456492316094,1,0.6203040549626958,0.05279919443959926,0,0.04185082198231604,0.07845323298037986,0.31766197058152246,0.027545302819922256,0,0.029264013767657825,-0.19773544225035822,-0.013866600935777238,0.8513582767426638,0.48967831710597504,0.043368909877666235,1,0.07272149674656703,-0.09782594412571952,0.014782764485127527,0.5028829251173342,0.04246285612611429,1,0.029154736148227146,-0.02377725607473716,-0.0024945549561556377,0.42186486187097005,0.21229858070125
366,0.511804247377144,0.042555289496391535,1,0.5487214082938282,0.059159411421853304,1,-0.0016006733948204128,0.050322081688648615,0.3061273572158309,0.029736817211262173,0,0.010886102611715062,-0.1947024706638756,-0.010056274732008505,0.8434792845586278,0.48534206770894806,0.04796898447959211,1,0.027540855378302538,-0.06492758968948201,0.02272880202012759,0.495439964154387,0.047836566040968434,1,0.011231163388320368,-0.02580692924838388,0.010015730014450582,0.4704788068166987,0.1760895357287646
367,0.4723830251142765,0.04130835145243268,1,0.5241595425401122,0.05520310409520967,1,-0.08403781240951903,0.10819735494963124,0.28281314602455565,0.02836128975940601,0,-0.02699535373233906,-0.16427249539911473,-0.02591900484399044,0.833013170183621,0.44374325012657434,0.045194207644955665,1,-0.06774438434662197,0.04080851690210176,-0.02932088242890547,0.45433957269822844,0.04469081972244011,1,-0.026985273093572668,-0.0008029483873010517,-0.017872205820897907,0.45093828416720333,0.2277666739251454
368,0.5093011456571956,0.04037349079384525,1,0.5613882438903118,0.052280730487131284,1,0.047884410150578045,0.01350383373973372,0.2981481502156112,0.02709122927357096,0,0.008538395991866149,-0.20160092001594296,-0.008789325760311974,0.8418036262560665,0.4827722033486488,0.04329921967234029,1,0.021839848687374847,-0.04152388437449436,0.002456239035768276,0.4734135815975963,0.043977478730957434,1,0.008698444322722342,-0.02846469279240861,-0.006820169932717402,0.3967921419362505,0.1917179986954048
369,0.5854493289604452,0.04009710647681528,0,0.7032710930720831,0.05216747547134522,0,0.13276639320542158,0.07050469986666164,0.3609752760166993,0.026280919403145867,0,0.08058796518374724,-0.20465981463336708,-0.014952874533680828,0.8471389118535219,0.578618971175325,0.04185778670182607,1,0.20831500047180404,-0.15319603334950024,0.023500004053021058,0.5487448117564413,0.042103373189196276,1,0.08095096392501003,-0.0205819514277204,-0.011624200740848297,0.4552372840070893,0.19975478310876776
370,0.48575301615874966,0.03902449007958778,1,0.48157412179023756,0.053013720724189084,1,-0.10960719000115111,0.0911813117913887,0.292744864681184,0.026680896964043684,0,-0.013393772002510735,-0.17745327755529575,-0.01640808576100949,0.8362584735629824,0.46100337192200513,0.04195935249193038,1,-0.03288562712900411,0.007376061973169387,-0.013487062922160165,0.4590987814484316,0.04210208693996095,1,-0.013245934609515427,-0.013288532634868361,-0.01436675130718459,0.43329879294654716,0.19504869912012837
371,0.5356674219819043,0.041583295252223734,1,0.6136458602524739,0.05180113202278896,0,0.02424173199035094,0.08940412826212303,0.31117259117423324,0.028057830964500822,0,0.032905220122188765,-0.21017886621147444,-0.011553762736481085,0.8434826065194652,0.49897123686010353,0.04479355768807357,1,0.08357868532749402,-0.10444701915372942,0.019839570686338907,0.4826745685729167,0.0448911446788132,1,0.03328790531168732,-0.04337067081078571,-0.0072426659279849455,0.39344544016616584,0.18090714721911919
372,0.4843793156833817,0.04053376203742358,1,0.5930705076900666,0.052492137286762997,1,0.00655072385552218,0.08651978383454444,0.29718523757895954,0.028135736215102364,0,-0.014358654152315816,-0.15644845700751028,-0.032007651261214395,0.8479114050723837,0.4704010743288032,0.04610288836932095,1,-0.0363142962432676,0.03723994338501937,-0.030524572812948552,0.4806149236946884,0.04393370013278171,1,-0.014417831981245969,0.012626453547810251,-0.017593697871876,0.4295472678884186,0.1884908519396841
373,0.4933502798072454,0.04132562178382318,1,0.5688351372920377,0.05361595016711334,1,0.0506763847912964,0.01815875250074125,0.2992233290374422,0.029025090513832553,0,-0.006344280290533231,-0.17472228060679648,-0.01971011006522813,0.8428732071012365,0.48210727618175453,0.0463086058377632,1,-0.015981720601419492,0.02212340091778521,-0.0240344041346112,0.48996301759804073,0.045377950677955,1,-0.00635272228449245,0.010792770541830246,-0.01447703065929695,0.4463947687261503,0.20636448178676833
374,0.5215473256120213,0.03842308608730273,1,0.6264230853591415,0.04789507481169864,0,-0.013106888616952507,0.139529973976094,0.3055215198788896,0.025664453267415375,0,0.01988185872143895,-0.1998901662020035,-0.014470172640545785,0.8398531664959386,0.4917854691592309,0.04016535985569224,1,0.050742331473208765,-0.06592711630280046,0.006970253988822582,0.5130935252347351,0.04047226461682336,1,0.020182190117488934,-0.0094799093150614,0.0023912444323074956,0.4585636940596343,0.20998261792439238
375,0.44578369887166713,0.03978692751916686,1,0.4941409902268918,0.05180640406724624,1,-0.10510852175512272,0.09924951198201448,0.278850962180654,0.02595416965626275,0,-0.05172092315224293,-0.14920202721376918,-0.020226087453333878,0.8455912601918606,0.4404918496297772,0.040730386786587414,1,-0.13017382422060747,0.11592842268216451,-0.04526274883177989,0.4658905096857983,0.04125990074171962,1,-0.052055640641613124,0.03392057673136226,-0.015974426403950796,0.42907035626580514,0.19072459238759507
376,0.5175806556102474,0.042276091345577416,1,0.61946288638578,0.05435179010161084,0,0.03814333244946973,0.0813195539363102,0.3032203848878783,0.0288848115624605,0,0.016459197886379572,-0.20787340188258405,-0.005365411115917292,0.8393351349248529,0.48598308842625554,0.04744366915833424,1,0.04214031211055332,-0.07217979949007887,0.016022575805781165,0.501501899902013,0.045398096329258016,1,0.016570643397934195,-0.013585513553973956,-0.0014832299419472797,0.43362827215648164,0.20100513309136636
377,0.47879835046558605,0.03829332973261784,1,0.6596310855759617,0.04500993386329053,0,0.03004536107461722,0.1295857245013445,0.29359711583419373,0.024671341843996008,0,-0.019658235976424823,-0.1675155825752578,-0.019229065614123665,0.8436846417697937,0.46113076105632544,0.03967725676897744,1,-0.049802161261060664,0.021810396288868023,-0.010877473971481956,0.4738284047305459,0.03997631788871537,1,-0.019999544212124794,0.00708600313111323,-0.013258054188442536,0.4481389214431617,0.19031963917487044
378,0.5020750030973901,0.03900081185047275,1,0.5991365876366112,0.050154955047182925,0,-0.022469497341403005,0.12160608497801416,0.30415532026723985,0.027335751134634302,0,0.0019609432326588806,-0.18515411776069332,-0.012651505204725777,0.8458854222446828,0.48654272837674095,0.04306202002906687,1,0.0049052890029631846,-0.0060240866683081064,-0.012338473957914004,0.48792847944032863,0.04186956341253555,1,0.0019230674440674062,-0.0014600612043427468,-0.012534526799395915,0.4261882421337683,0.19273319536376093
379,0.49056722831040883,0.03854336136182339,1,0.6203824446716545,0.04685163202985735,0,0.023572888707463047,0.09680955596419138,0.30409105748829096,0.02617917478781564,0,-0.00883310724413683,-0.16308549530523486,-0.023990339962337185,0.8325880276166304,0.4823395561077588,0.041164899021686026,1,-0.022124195409588,0.03976269657371682,-0.035298945056370025,0.4860337201337751,0.04076508573295547,1,-0.008782353885361279,0.013150969281836011,-0.01833489526269963,0.45236576745285717,0.20138208448551684
380,0.5525646612850583,0.0398175281427538,1,0.6185268408933025,0.0530277419256032,0,0.02623959672346381,0.09228724416983865,0.3396049730873895,0.027169296319760478,0,0.04892567698072201,-0.19972487049563933,-0.009595833397693073,0.8298814759499222,0.5295456569809002,0.04207920256488863,1,0.12298383224602984,-0.11915079398244365,0.025712618717314093,0.5183461847465181,0.04122126169139775,1,0.04832897439559783,-0.03247117104756671,0.002488381398486951,0.45238212946389905,0.2191939552106154
381,0.5101172408946577,0.04313415337761816,1,0.5137010745790158,0.05358232847584584,1,-0.043253126322927764,0.056954200901943565,0.32833084081477987,0.02930878370338398,0,0.009401856086605449,-0.1671012141516922,-0.013969801120133307,0.8329074666502579,0.5142142327338208,0.04537978766792812,1,0.022763037927858373,-0.009744579207694502,0.001195774013657124,0.5271980146933807,0.043197418930213,1,0.009096406933914588,0.01013573114683791,0.007965876612628355,0.4271904363523509,0.20311945952308472
382,0.5773212642529731,0.043018522960473475,1,0.5339454381810381,0.0541907473656536,1,0.00870902944144787,0.02523640873959029,0.3489234703729665,0.029077631739456926,0,0.07164086264730095,-0.19248454631122805,-0.03023284596310644,0.8299955951663573,0.5526317955629043,0.046491249278696106,1,0.17900092827180117,-0.12384562215590939,-0.0025235105529875235,0.5718050390084948,0.043370867784220675,1,0.07062763799874847,0.014543083376686897,-0.013365682366940579,0.4213112064480036,0.18651469796513978
383,0.5280998539975413,0.04373605947927743,1,0.6300008112162745,0.05059236671429746,0,0.052980671860449045,0.07702013935582541,0.32372221548686403,0.029095760081713207,0,0.02626781093785254,-0.18819358223521604,-0.014352013215772329,0.8332152937689674,0.5137822911082736,0.04626415815564566,1,0.06528963663211582,-0.05725475253526721,0.00574740701142497,0.49697599989713,0.04392010189685533,1,0.02614885098963715,-0.02462590437527869,-0.004546946717228425,0.4454275101563665,0.2063137469997822
384,0.5215164850442146,0.04372528881019097,1,0.5360923705687004,0.05487842597204899,1,-0.060497691854984464,0.096590062423685,0.3242927687126929,0.0288974999966696,0,0.019975880293624,-0.18366489216878576,-0.012018219412145325,0.8246018586070243,0.5174350564070199,0.04600261124625889,1,0.050245756940136214,-0.03980569519637997,0.006994994663263705,0.5117653229345049,0.045004039057308126,1,0.020233604066713436,-0.004278414616090887,-0.004189866516117515,0.4406068522468306,0.19386688672875507
385,0.628894565588288,0.041978087290847885,0,0.6279194296061622,0.0538643634734005,0,0.040045549652411375,0.08787387995375077,0.3897392744367178,0.027968460024311335,0,0.1212415461962547,-0.21621125870138205,-0.015291013058154914,0.8267139666719847,0.6255568048187979,0.04461664865705975,0,0.30658447153571605,-0.21024672156977575,0.02921905485285784,0.6395152982513762,0.0436650661839219,0,0.119743494199546,0.018762813459614384,0.0010089905922159275,0.4411177264738693,0.19947282593943919
386,0.436910080567933,0.04214776707652683,1,0.4717731042816885,0.055435560673180194,1,-0.1379825662493848,0.10975567053107332,0.26827469447187274,0.029996513606741826,0,-0.05876479667581152,-0.14926833987327967,-0.023692168979036046,0.8455761628026139,0.4253975542457253,0.04858793367209206,1,-0.14736817757949966,0.09350384604859817,-0.02073811422337318,0.40834648096076054,0.04571357461075677,0,-0.05839467829392644,-0.028891234380209706,-0.00436760636510326,0.431300414421807,0.1798127226028452
387,0.5528356181024734,0.04040324202977482,1,0.553814099824896,0.04938174044938918,1,0.044592814664979295,0.009221285159916789,0.34076564551620636,0.028475489911091337,0,0.05033491044070332,-0.19165996335679478,-0.0179093015677022,0.8462350469133955,0.558393315545783,0.04450660730415969,1,0.12804684274300732,-0.06786404599759846,-0.00178948119962587,0.5429938665939531,0.043795088781694316,1,0.05090550216860972,0.002916462296294137,-0.010828097870950628,0.4184721161130796,0.19556364767346973
388,0.5078492467530297,0.0435047094746198,1,0.5706243285684248,0.052637703118948005,1,-0.02130942600401634,0.09193375457244114,0.334004913385707,0.028838728126361214,0,0.007276865400737442,-0.1392365618595702,-0.03403539015546019,0.842048563578893,0.5388006875374898,0.0468315195034406,1,0.018841173781496037,0.07460407466799296,-0.05464456091199914,0.545287063523616,0.04748841167321434,1,0.007394115812071301,0.05556857412549723,-0.017675626413952542,0.46471845319474486,0.20999503277210047
389,0.4567879100236409,0.043645576124738725,1,0.6622133601456829,0.0529632265171497,0,0.054747088422281015,0.10746627172340188,0.26447565478239593,0.029693210226974243,0,-0.03958095790186966,-0.18760938021899934,-0.008334007096735051,0.8536727168750207,0.4150144175669273,0.04776893141108844,1,-0.10070687490298073,0.003591282822496694,0.0121300096474112,0.4407680311646345,0.04534404298644727,1,-0.03973742340449847,-0.029611578771556714,0.010117033340689665,0.4161479514959907,0.18167171535623772
390,0.4849755711855707,0.041561173627448475,1,0.6746021049032063,0.060994094832535,0,0.0496093828617779,0.1249927220414284,0.2860876726012675,0.029491945894819425,0,-0.013966166101806938,-0.19095936320883122,-0.008986798088094328,0.8431006511674237,0.46452856419787714,0.047061029502388343,1,-0.03528504055649429,-0.004630951171313689,0.004444555925685143,0.4577923441248312,0.044075001280282064,1,-0.013740903652547827,-0.028180538658815972,-0.0002862135638050118,0.45403979757825824,0.19685039732200738
391,0.5008457930146432,0.041315341693825995,1,0.5045561348053733,0.05504545641045823,1,-0.09738489905112327,0.10194103385649664,0.29105370933261904,0.02728009513707276,0,0.000801184303241357,-0.19174166874739093,-0.018005806223231363,0.8397391542228116,0.4574353588421573,0.043553066517762924,1,0.0019976953966661212,-0.04680748926854595,0.0022451527140371556,0.43720337970279977,0.04458990894661888,1,0.0008169057625840791,-0.044835963251224735,-0.018777562808559498,0.4718926398044197,0.19865551915199597
392,0.4574854882516516,0.04394731906800041,1,0.642033696467272,0.057251888365782516,0,0.02555675371501487,0.1164769427522572,0.27202167997439686,0.029238205967439052,0,-0.039164078498457634,-0.16680616031445766,-0.022008081212687866,0.8461232742516538,0.43358892532319754,0.04697186898021663,1,-0.09941598786107322,0.04702469031055266,-0.014019777126281921,0.4468699803284892,0.04508477496086117,1,-0.03896296969309238,-0.009404630829502087,-0.0047624191489164065,0.41452321027841477,0.18232242178873012
393,0.4844637303614227,0.04314781821778864,1,0.5341631436609705,0.05425687206771831,1,0.0355358712000705,-0.0013727275390999969,0.28715569420538906,0.028767802897076967,0,-0.014784173203599036,-0.17730416938215096,-0.02075596320886097,0.8272210852856496,0.46811291148406736,0.044413508909974246,1,-0.03677205049586832,0.028015369985089057,-0.023130408005153372,0.4490995892803366,0.044728170554838076,1,-0.014632271992872113,-0.01985981822041832,-0.01640832050637298,0.4385112915299305,0.2227944488330009
394,0.4352791726142821,0.042911953184118404,1,0.46401518850292545,0.060155162327397795,1,-0.06689283750999987,0.0309080260129254,0.2581100738540288,0.029944572549788863,0,-0.06041644681531041,-0.15290611844488647,-0.028567360885774263,0.8330257763229378,0.3975231955006416,0.04831272491155654,0,-0.15158012153079675,0.09417215877488672,-0.04506884174344827,0.41464366706837014,0.04672509238914571,1,-0.059785075313418715,-0.006751718428515357,-0.018819539189695738,0.4410867882743287,0.2051147958869534
395,0.5041520176923537,0.04439207474872759,1,0.5692447508284421,0.056734268470359464,1,-0.03856683278950836,0.10781158361795043,0.29934707421008,0.029909738951635758,0,0.0038247265701251173,-0.1797390718783748,-0.024738580481670356,0.8402565868401358,0.4711767430901454,0.04757680097815987,1,0.009636250713067665,-0.02209562803679031,-0.016363879586131932,0.4863486584854493,0.04695496312965659,1,0.003892930017481684,-0.008268910713015602,-0.009275360819016731,0.4330540537802128,0.20329568492270722
396,0.448353734668645,0.042724418868305365,1,0.5800637355884212,0.05947823576592237,1,-0.04653844268104185,0.12660217826946293,0.2681964250837273,0.029045000329333725,0,-0.04690677484433518,-0.1589467232148356,-0.025950076857101902,0.8309571647779209,0.42999163927088335,0.04623258734520983,1,-0.11850082506249142,0.078204690810851,-0.029712226477476233,0.4198946023742299,0.04605154154316756,1,-0.04759648670216629,-0.014574987390892401,-0.017933923532711362,0.4172951179887106,0.1868751532833794
397,0.46125323488088565,0.044292637699190056,1,0.5354919869151178,0.05758653757393512,1,-0.02514218036468005,0.06063416727979797,0.28857904529124706,0.029895040134841667,0,-0.03582867631490055,-0.15514162164661707,-0.02045065674723538,0.8423482506707631,0.45095070323946596,0.047671620869085246,1,-0.09042424414088805,0.06868445032672024,-0.02730950294636625,0.4439393423495506,0.04680091771156544,1,-0.03665686858582707,-0.009646093470972512,-0.00975769559364986,0.4036723009209849,0.18287844289503766
398,0.43245293053103023,0.041088197647151735,1,0.5515093733587247,0.0472438793279526,1,-0.06484999384391384,0.11635936720263862,0.2832894699701176,0.028156638640920228,0,-0.0627173512571503,-0.1356358946132531,-0.018357284159479004,0.8466523043591406,0.4609427368893127,0.04476087575254973,1,-0.15791015853352486,0.16436778525698334,-0.04551488983414577,0.4432977266083564,0.044597613877216905,1,-0.06295612988104596,0.009854512249484944,-0.003600655760082495,0.45105754201681886,0.18764917599408504
399,0.508036806849732,0.04279115131873191,1,0.6284873189678586,0.05021665657984893,0,0.06062177531761952,0.06786554365023913,0.301244525381083,0.028001360194709137,0,0.0072386607975415,-0.19372724485973633,-0.01226689055672217,0.8350604261016478,0.4925336346262786,0.04492879044540264,1,0.018610299652319046,-0.0361601434867727,0.01008347846073213,0.48110060234311375,0.043720970666092915,1,0.00728571722514558,-0.028284750297658753,0.002099635415626955,0.4251532469352255,0.18656209141926242
400,0.4991639653119347,0.04086986423496274,1,0.5583529210850898,0.05206319945302441,1,0.07502326003059202,-0.016670338945502194,0.30107402925912335,0.027558163931135696,0,-0.0007658903784036814,-0.18527153233202492,-0.012888548030448026,0.8560195462648036,0.4739237775515202,0.04436237274750633,1,-0.0019445559601626917,-0.03779446273132706,0.013662796243010073,0.4758056162838597,0.04231092685010914,1,-0.0007651584418889752,-0.02277586665293555,-0.0006533586213158342,0.4417580158622418,0.19697224532117455
401,0.43625431179513285,0.047933664150395294,1,0.5791174972415136,0.055735686946685126,1,-0.004627651601379904,0.08374514884289345,0.2682734836530089,0.032731160424797366,0,-0.05998901153385662,-0.1377070611591523,-0.0340304436539822,0.8386266099507846,0.4325726682205579,0.05175787934987355,1,-0.15367914289723045,0.15471352493975404,-0.06846171382196561,0.43086583487909635,0.04954774043083148,1,-0.06050449935823359,0.019801910339760153,-0.02843157610243006,0.42473141193138136,0.2063648239343567
402,0.42668746164585336,0.04251690992973855,1,0.550487763782064,0.057784573838256845,1,-0.033864148324653766,0.08435191210671777,0.26782251278690505,0.02909012626507339,0,-0.06937461008628107,-0.15010969196752327,-0.01269318515929056,0.8336159774572494,0.4258496820251398,0.04665859846745066,1,-0.17421810956765832,0.1267145655488307,-0.02664677395603257,0.4112883648251416,0.044679344140841556,0,-0.06781649319093944,-0.016347061889675517,-0.004548080094243512,0.4233715977762439,0.20893856976525474
403,0.44333810347329106,0.04220523905069872,1,0.5235718235247092,0.056186478008222615,1,-0.049839676933721946,0.0734115004584311,0.27788246296107166,0.028095842024947856,0,-0.05461266402302511,-0.16349214099039353,-0.00401273202550961,0.8293458825916102,0.44856398254616686,0.04502804515233492,1,-0.13723365150389152,0.09555560336051343,-0.00975796931045499,0.43155834688529665,0.043917959003966923,1,-0.054441734640337455,-0.030131054302119077,0.016131135827753152,0.47702804302765994,0.22412549102500193
404,0.4622949600307075,0.042493702818943366,1,0.5285972423292422,0.059028559009120886,1,-0.05478756184752289,0.08338480417676512,0.2868526544215593,0.02953839213378121,0,-0.035792676885721346,-0.16029769834297342,-0.017056970349745845,0.8282147752332194,0.4503535186924874,0.047289349816631826,1,-0.09072351675838287,0.06331450158164269,-0.022237466130772283,0.4705960284960849,0.046763562636113164,1,-0.03563133807285516,0.01163059559717495,-0.005403229028234869,0.4514707946160094,0.18927312882586805
405,0.5024739231486758,0.038490268016379565,1,0.5717099990215581,0.05235124829459425,1,0.027342985667706772,0.04436701335385127,0.32370845245375834,0.02562874814699282,0,0.002341614641160199,-0.16101642226799048,-0.017616739919411335,0.830106245737358,0.5265207648753903,0.041212051793046066,1,0.005950644808843264,0.04621865055417107,-0.025648530487623996,0.5206573581372086,0.04042774512639902,1,0.0023587295515663004,0.014415991608665385,0.0038826369769769586,0.4392301280329019,0.21121426916458433
406,0.5824914453560722,0.041784107337797645,0,0.5785106627577288,0.055423765483958554,1,0.028652084557861855,0.04985857819986702,0.3416337778735092,0.028227345866129506,0,0.07622036671689603,-0.21357938554951558,-0.021007203293871207,0.8491551594280867,0.5395838429878674,0.04494553354347362,1,0.19219237993631935,-0.172770584706053,0.02016204775760122,0.545646088129459,0.042887118277718274,1,0.0760194525416496,-0.027642022228457224,-0.0027313421837332334,0.45287517018390794,0.18643506382399197
407,0.41972053500102885,0.04289849711766252,1,0.4453089348487999,0.05417233491695402,1,-0.07690038664003497,0.022209321488834775,0.2789834944003786,0.029059407574671573,0,-0.07329588170693621,-0.11455207214898008,-0.03316855174370505,0.834869914176913,0.46095806502046177,0.046605487614033124,1,-0.18952823945885847,0.21971981944319383,-0.06923351496387367,0.44337532405656904,0.044876456976799414,1,-0.07432260903325245,0.028660296143045248,-0.010962363053223774,0.39359221011279044,0.18752882373677526
408,0.42193904489008216,0.043845636066614006,1,0.5564026905369269,0.053312884068176955,1,-0.050368128583437664,0.10677081912036472,0.25310069357883697,0.028999828901790863,0,-0.07409169177873946,-0.1542600266422898,-0.018547588000133716,0.8529590028949938,0.3968619194842227,0.046379112671049015,0,-0.1858980111026601,0.12955665386563997,-0.04679672327875714,0.40024960929756537,0.046587043336835665,0,-0.07293265712168231,-0.009381084161080522,-0.01743664941967184,0.4333555208261041,0.19783545175172895
409,0.4874875337230509,0.04158562790736762,1,0.5661692023379521,0.058035201091349076,1,-0.05256673430076246,0.11873593663871446,0.3076728169724919,0.029473311567873747,0,-0.011929112379744,-0.15583446856202016,-0.024563602085743933,0.8287085867009045,0.49466729221424194,0.047964811022534026,1,-0.029721038739088667,0.06164183760933645,-0.03725350665600592,0.4849444009931939,0.04474148339497055,1,-0.011529182211955225,0.011681931201961778,-0.01520834799681277,0.4282322802009145,0.20318265666804688
410,0.4981453819681528,0.04394757011401578,1,0.5898937975472724,0.05358993663321826,1,0.028537340494736448,0.06135645705253593,0.3133128755011416,0.02827672029714222,0,-0.0016696497342908255,-0.1593696549396418,-0.02564781982492566,0.8288940681004136,0.4982747681703437,0.04611202361979627,1,-0.004290660401585618,0.015776000805980954,-0.013210572234051627,0.4994974503664108,0.045470536100579696,1,-0.001688025882752395,-0.00011588520937570156,0.0013013614585388165,0.41601924886382546,0.18102203866929806
411,0.4830435731955883,0.03898048103785529,1,0.5748064333598906,0.05281557618924201,1,0.01947141330700805,0.055335020052882565,0.29702534688630816,0.025791142549816067,0,-0.016010991573652874,-0.16727092792956866,-0.01969273361047028,0.8584293620317831,0.4754553400352491,0.040827643449242716,1,-0.04099391672426195,0.04541117603219984,-0.028961919272688853,0.4931825582363836,0.04123349982010715,1,-0.01608292304161148,0.016411777506779385,-0.0071462962287842085,0.4497221979778053,0.18533665006855496
412,0.3920871680041606,0.04125195637675151,0,0.5499326080818907,0.047577189236925777,1,-0.02542164744640631,0.075354255528297,0.23566515808662009,0.027780922403846678,0,-0.10384128276993727,-0.14455158678866806,-0.01594197235477449,0.8570692458550097,0.3653130079408943,0.043564904891696586,0,-0.2595030716376878,0.16074961437579013,-0.03593353479720795,0.35415946080914307,0.04372428639914549,0,-0.10038258160803468,-0.031042865767544208,-0.014415091815278072,0.43453607523891574,0.188183051033475
413,0.5199275798163555,0.04126090194873408,1,0.6372571284778629,0.05283188319707642,0,0.0005787468367974793,0.13667838164106538,0.32255390331595946,0.029323755181113232,0,0.019603485133464226,-0.19268817050343165,-0.004361411314073017,0.8398713457965129,0.513478079160074,0.047652260021133465,1,0.04843419496473697,-0.05325212829841473,0.018296012493751772,0.539901089539343,0.04503920136976652,1,0.019062446773873795,0.010040444524783086,0.010798198240686138,0.4378247617788677,0.21306288030285014
414,0.523922640652803,0.04351754676939418,1,0.6004981708608074,0.053591478760750336,1,0.005916947512286738,0.09458122334852072,0.32042172391857543,0.0296479513479646,0,0.022772526062730815,-0.19216286194814772,-0.010187940196007533,0.821656586127651,0.5136990192426326,0.04739593595593841,1,0.05811549469381718,-0.05193955130942661,0.007523075858242027,0.5419472559922655,0.047173107095073614,1,0.023452205722311135,0.007941084120964543,0.01055396614898968,0.4702254442551017,0.20575399853950294
415,0.43564959798686614,0.03978006575721813,1,0.6123872291484287,0.047724867719730314,0,-0.02261421679372798,0.13500144594215643,0.2735008661238296,0.02765091424346414,0,-0.059599554837187534,-0.1347205650439186,-0.032179013995064246,0.8525980534658895,0.4494896474468745,0.044610373449618684,1,-0.15296376900814332,0.18987432124780107,-0.08742090479278326,0.4592246856007048,0.04189709102640724,1,-0.060880868740278406,0.04688989916110785,-0.02678434482012473,0.390141349707844,0.1927876769994667
416,0.5040257388588063,0.04331741168427736,1,0.5022884121502575,0.05110845318712374,1,-0.07979786209151266,0.08208627424177023,0.3122538730208705,0.028622412411086633,0,0.003839720216427226,-0.1702338246865687,-0.021352022508987954,0.8259750582599139,0.5151759584354617,0.04476783952297192,1,0.009583840655188408,0.03823878660706469,-0.0326466688267913,0.5224517787952148,0.04437693414590517,1,0.0037889618295648933,0.031906757101258454,-0.013243940135608588,0.41980312597315844,0.19042481133574565
417,0.5376828066000735,0.041691291629916596,1,0.6008883860066403,0.05424816222990472,1,0.033264848798327855,0.06762353720831246,0.34094219373673584,0.027705947405650074,0,0.035911690558832386,-0.18406382928614856,-0.01090566753594797,0.8369382076829439,0.5309722472519968,0.04406586533110737,1,0.08990697903530934,-0.08094701554304622,0.022012283759733603,0.5337433533471455,0.04346409412745358,1,0.03535994578666048,-0.011347737844467206,0.009731145404952238,0.43920834641278444,0.20402416411428287
418,0.4617528695996664,0.04330560422541433,1,0.5754678563256167,0.058195879731323744,1,0.028578527731298344,0.04688932859431831,0.28670148271939966,0.02873291056445313,0,-0.03614276618528562,-0.1466305297259865,-0.03052522136932828,0.8394907512321544,0.44642460410286466,0.04625185215180283,1,-0.08975932424955217,0.09613941483505473,-0.059955486482637904,0.4523225644449018,0.045340630390470996,1,-0.03595419650645339,0.016813518289179173,-0.028536757337823928,0.4085617040474544,0.21203186981216252
419,0.4863026416525337,0.04083928892767318,1,0.5161375082690842,0.0453021324302157,1,-0.0225877171024036,0.0387252253714878,0.28381499013720135,0.02726544000090782,0,-0.013306531951957135,-0.192987628495146,-0.009890849415695421,0.8525539995835516,0.44484100884775696,0.043995651792297905,1,-0.03287364888462647,-0.02517275746373567,0.002887415196119113,0.4517651362064292,0.043341207773669746,1,-0.013066654174284924,-0.03068877036443993,-0.004479439254845985,0.4255174150493717,0.22137290432461407
420,0.5723111010765194,0.041232313793686796,1,0.6421261550957066,0.05737146310467444,0,0.014491706892626155,0.1276344482030803,0.3625575704672163,0.028956246770439606,0,0.06849073948305155,-0.18236873060052483,-0.02356443841531047,0.824638405155516,0.5730282522878388,0.046617079559170736,1,0.170706205022913,-0.08770253517958525,-0.009975417555488857,0.592987989458883,0.045310549842710296,0,0.06714879941814433,0.038266075015050485,-0.012426884974311795,0.44684983483806257,0.2067262057269306
421,0.43737144572554354,0.041169776671436925,1,0.5359244745510402,0.05006510670589272,1,-0.04092887311632747,0.07685334766736761,0.24317742796728065,0.02704562538780839,0,-0.05686275789972565,-0.18923333687980903,-0.010726477253184638,0.852670481719871,0.3977292190287568,0.04433009298037337,0,-0.14631808037155825,0.04696086934071624,-0.0029135699404010114,0.39645557173308227,0.04362434002798198,0,-0.05813962582537425,-0.04390964635165392,-0.0014951560898895575,0.42994555255663436,0.17530854824479353
422,0.4281881113744515,0.03805105945511083,1,0.5336527026920209,0.05802006553931904,1,-0.03571163946806196,0.06936434216008291,0.27035160942763,0.026767001702462382,0,-0.06445601454537088,-0.15511069271470151,-0.010081683312297638,0.8542513700967775,0.44858041464097914,0.043445620015717286,1,-0.1668747039218393,0.14222062823211165,-0.026765509669293107,0.4241928805994992,0.04196713835171873,1,-0.06572892876160387,-0.01026819212333397,0.00019000148443714933,0.43180291036604806,0.1820641690405539
423,0.5583063302199851,0.04394931941048154,1,0.5505673546439337,0.05192787359133153,1,-0.028953370427437772,0.07952072507137142,0.3360945314831724,0.028830271723972605,0,0.05450259121704668,-0.20819053004930618,-0.010217529684567997,0.8243582868836211,0.5428296259443229,0.04526286020210729,1,0.13992548008678307,-0.11871040103746347,0.021614546895003448,0.5479538313366937,0.04510292509548083,1,0.05575048362426262,-0.010876906360264477,0.003080254072695691,0.4151981330369175,0.20331213164476186
424,0.49310213919528867,0.04270316968028621,1,0.566702099433573,0.0558741392170938,1,-0.027775749712077216,0.09447784914565018,0.29988530286872384,0.028339232708003474,0,-0.006451659016127232,-0.1695212676336998,-0.02414177048144922,0.8406993726463515,0.48874836708818464,0.044891059410696994,1,-0.016239762917762517,0.031210751569591164,-0.026222621563643914,0.4987467870487811,0.04330154704962255,1,-0.006240809753142932,0.015474283829712495,-0.010486687027788513,0.408639417593425,0.20043203393869644
425,0.48831515816917265,0.04179858120840249,1,0.6587675947122739,0.055144519249247105,0,0.09448758797227244,0.06428000674000126,0.2825669476020008,0.02708182265291275,0,-0.010849827132304521,-0.19907796561005664,-0.007505259655638061,0.8535324841920098,0.44143661965445347,0.04323796072797402,1,-0.026970637994745316,-0.04870372037002625,0.017110978019225054,0.43395025127510567,0.041867541583518346,1,-0.010574331077592756,-0.047590721078829896,-0.007884696568471681,0.4032926297919503,0.20992806295245606
426,0.4555157608403661,0.04364977617045055,1,0.5569233806269196,0.05188552444853624,1,-0.0072402259328457575,0.06416360655976527,0.2980326078168254,0.02936519747225626,0,-0.04308619381248136,-0.1362283272937641,-0.022652871076929156,0.8396177326982,0.4709457770890235,0.04671366197884217,1,-0.10892837537293494,0.12937816541307556,-0.04950401295111722,0.4795190444685333,0.0463101862265516,1,-0.042114756108535996,0.03502240734441245,-0.013388606767343136,0.47577984349886293,0.2032376831171007
427,0.5008529240760685,0.040825064642944206,1,0.6339305239271051,0.05541762710661546,0,0.03405457730206328,0.09987594662504189,0.29219656217208134,0.027144116825511516,0,0.0007886192990487019,-0.19968865103399216,-0.008903406092975253,0.8463523856497885,0.4707851209687313,0.04441304172376671,1,0.0020050170631227557,-0.0383521225423225,0.007132226447931088,0.49146532048065644,0.043168284961985354,1,0.000796944604841651,-0.005513254945004924,-0.0038183691791802993,0.4263897756152287,0.18591388259381164
428,0.5991579651938095,0.03886099472582964,0,0.6854942125782124,0.05198022460009797,0,0.12577046853582644,0.05972374404238597,0.3721374531176952,0.026862609655997516,0,0.09359595627061157,-0.2061874231660304,-0.01527107998688585,0.8498162859163537,0.5996346022267816,0.042946437712390664,0,0.23759292764143858,-0.1598513765325528,0.021893051117895898,0.5913007457980177,0.04280897678170903,0,0.0917798657501221,0.006233078502424346,-0.00671219845452882,0.4267380092867642,0.1957084646906456
429,0.5160258782454584,0.04368101781194677,1,0.583690299981164,0.049915392838008936,1,-0.016286066859855793,0.09997636684101988,0.3240485914043478,0.02884730035131479,0,0.01475369830860721,-0.17303659316049425,-0.017668513743765272,0.8412401805814971,0.5219293590413482,0.04572177264531698,1,0.03634720770532929,-0.004644199650225785,-0.009773649013755336,0.5114121525451966,0.045321596641406774,1,0.014819681078070714,0.0005964276370442532,-0.004003956169918422,0.43608165125147125,0.19670787647713378
430,0.5324745360359994,0.0398864628357082,1,0.6389380996246903,0.052996536072569086,0,-0.0032246214028880268,0.14216272102757846,0.325843287321916,0.025976632514062504,0,0.029648693048647055,-0.1808651787369426,-0.022940226989788468,0.8430873416706066,0.5272770210154385,0.0417606192093467,1,0.07587853012139312,-0.04180670839323228,-0.006794800712722246,0.5211948170657276,0.040985363483337416,1,0.030252028592456702,-0.0010259281136044444,-0.00803128341312477,0.4488256083338525,0.1964287740089397
431,0.5103833507201835,0.04078494557417822,1,0.5601899850808315,0.05291541793522503,1,-0.0028142401429108394,0.0630042252237423,0.3048126958933005,0.026614501308396207,0,0.009481462518662597,-0.1883952864610987,-0.01627348016426341,0.8381302194261435,0.4959881040762037,0.04222188852646296,1,0.02439278102969046,-0.03308826776096039,0.004683590807473628,0.49598947804190113,0.04257031440955034,1,0.0095521394186255,-0.01564935129932444,0.0020866899226000446,0.48313305139033,0.17826762249326866
432,0.5217229290256861,0.04173990743083852,1,0.6243868349042028,0.05301005817963025,0,0.03162629280124414,0.09276054210295857,0.3299171732768168,0.027754904203717862,0,0.020448096358129445,-0.16328852489650095,-0.027242398184811813,0.8309261311364238,0.5331530571238428,0.04364534651040861,1,0.052199848163500616,0.020278769056581127,-0.03932556009623886,0.5262715189562143,0.04284737724182207,1,0.020265789261409112,0.03021136900000907,-0.024205639305203804,0.40637187708184497,0.20339647830521043
433,0.5427274187138613,0.04090379166910769,1,0.5588825802672108,0.051959199098379684,1,-0.0006889284502729419,0.05957150871748386,0.3051036254695474,0.026696641705381986,0,0.04060720958743209,-0.23745148008145123,0.0019478959635665272,0.8348675787103372,0.49722546444353344,0.04236049763726723,1,0.10218432799912462,-0.1495366309473797,0.04457776739178846,0.5229008975275943,0.042969389016530926,1,0.040936432153340405,-0.031836416597168585,0.013800881971422407,0.42005796309655846,0.2115251256948538
434,0.4949811087405042,0.04283779520480443,1,0.47289420754442724,0.05524370511754941,1,-0.05884335941907025,0.031737566963497554,0.27543135252807543,0.028330980967361034,0,-0.004683327105550196,-0.2103931253291396,-0.00949219503723484,0.8327556865754202,0.43936886374355455,0.045902332788094954,1,-0.012049402782881588,-0.07611130766674253,0.02752957419317863,0.4574958434536969,0.046100373387418764,1,-0.004713933475225821,-0.03922911907518965,0.0014388960041122883,0.4524426496385313,0.20184315777300904
435,0.5136119882102181,0.03918202500173243,1,0.5912814146957036,0.05036695378212743,1,0.05169260588857886,0.03958880880712456,0.301213546951504,0.026028865485418703,0,0.012695099331076057,-0.20380281968855057,-0.007678732691021598,0.8444594472159438,0.5008140894444887,0.041624498474798585,1,0.03256991504791327,-0.04297743995643061,0.011221614353005942,0.5068710962643371,0.04244454427507802,1,0.01313411726004465,-0.0037649501853360243,-0.0024980708103715396,0.46978053166474476,0.18718241923690176
436,0.44502170269346786,0.040724104912384464,1,0.5359115019365416,0.0495407049743805,1,-0.03855435312011423,0.07446585505665584,0.30647934102142615,0.02903415696624254,0,-0.052055759309559024,-0.11899294964585728,-0.022471950023157536,0.8461680498665154,0.48610663952880967,0.045612773886239584,1,-0.13037290208940636,0.18381943109969354,-0.06733988948147747,0.4866473503419313,0.04241782462661001,1,-0.05090592531142379,0.052017617356807336,-0.01446434170345218,0.430406969346766,0.197588196902547
437,0.44044031546790974,0.04338593877886806,1,0.5655372753023201,0.052539402861003205,1,-0.04648097532728892,0.11201825062960907,0.2819507958759052,0.028489609593025253,0,-0.05811579161049334,-0.13727518604438052,-0.022658226469220923,0.8413932688226868,0.4498517266040842,0.0459923400274811,1,-0.14627277224553475,0.15307942992666362,-0.05695493107704481,0.44491884109851165,0.045232878299918136,1,-0.056787169516031015,0.01585515704654788,-0.014149146432005323,0.4476544324585426,0.21161649844684008
438,0.5542356454015528,0.04304463136642616,1,0.57438183822238,0.05751488244677679,1,0.04669062285985214,0.02769121536252796,0.3401871579218868,0.02855566470030068,0,0.050546742964284394,-0.19283184692983385,-0.017527738112563612,0.8431413779475359,0.5493807340254976,0.04621353463474363,1,0.12844733588872514,-0.08177855655916258,0.0027119546959350534,0.5467179219110435,0.045299538792282885,1,0.050665008377143474,0.00313496323049945,-0.007082049696599424,0.4700187660647683,0.20965579091034608
439,0.4427493471558187,0.043883141004192466,1,0.45311090741821874,0.05422971076929132,1,-0.055852027007674,0.008962934425892738,0.2641062097917233,0.02985837767048971,0,-0.053877315774088386,-0.15508982193932627,-0.026926652494862115,0.8323025448214526,0.4231518384857388,0.047281617829510625,1,-0.1358909675163012,0.10229644919599401,-0.04325364319395407,0.4166758470350738,0.046623916436520245,1,-0.053456338059167476,-0.008225607517734459,-0.021642207388024224,0.453667030210068,0.21201090899720385
440,0.42721685271406273,0.040425603203713155,1,0.39581869077893117,0.0502416623773217,0,-0.1327452118003698,0.028563902579300852,0.24550137238192996,0.02840150663150459,0,-0.06867261550211858,-0.16750036512458397,-0.018325646991367534,0.8502606868467542,0.4044306481473425,0.04502560277661159,0,-0.17243776399608002,0.1003248119514859,-0.023456399808063428,0.42897640277233745,0.04402856601450166,1,-0.06676835381820886,0.003440530322947841,-0.00769577373240146,0.44056550633957675,0.20731268836300115
441,0.5220115397973315,0.042013650354581066,1,0.638589528628461,0.055847664922134874,0,0.06093652454102562,0.07765300408743529,0.3305940624579763,0.028852218018826956,0,0.020585666647078005,-0.1749016849482579,-0.01508991924084381,0.846343244616432,0.5265449365424985,0.04642933517848624,1,0.05204333020501183,-0.01045838791325504,-0.01504000574925834,0.522307348798486,0.04488816570290097,1,0.020354690446683157,0.01478938004381331,-0.012836721692010404,0.4189263839166483,0.18618533804253415
442,0.4723021421234501,0.04240094639814194,1,0.5781661831358087,0.053216462570090856,1,0.02272522047963779,0.05544096265617095,0.2895758624796924,0.028420860017178293,0,-0.025657788138784783,-0.16699547968623665,-0.01777086969528615,0.8402944286005851,0.46665355605241726,0.04533552970379831,1,-0.0648665505662575,0.05292538956568946,-0.02140528294701456,0.45858926140995965,0.04434361365003043,1,-0.02600013015954036,-0.010211732655795346,-0.005198875774704628,0.4286308359701325,0.18966719061148324
443,0.5064982560743113,0.040391618195641014,1,0.6672363828150232,0.04949957389873802,0,0.06697398905469167,0.10026239376033148,0.3266806848171504,0.027591255252056475,0,0.006021028068235114,-0.15663165611715743,-0.022708687133927357,0.8463085901942486,0.5217432738844955,0.043435447870772165,1,0.015195028502559002,0.045543308531536084,-0.038995063149599676,0.522702373515496,0.04186635757887563,1,0.005954707912975657,0.026807836237134227,-0.010060170634613988,0.44996481079432926,0.18922234772869287
444,0.518929328554643,0.04346812376386763,1,0.6112399190950156,0.05701583140522753,1,-0.003637375018758042,0.11487729411377365,0.3259414566123513,0.029713981978263658,0,0.017935154593989398,-0.17351230842336315,-0.018481389558274955,0.8301380626821345,0.5105920935877521,0.047894748827372866,1,0.04524908178308716,-0.037364097948755295,0.002707109753420158,0.5168392728450744,0.046627290976180256,1,0.017933869053155266,-0.0006660059932636164,-0.0004285902148172644,0.4219682095091131,0.19178300014485583
445,0.49755673034140085,0.04399518898057659,1,0.6089345570158152,0.05409233234808933,0,0.039803314402344955,0.06913124261347028,0.307756687805267,0.027602900875858195,0,-0.0022669441638187584,-0.17879811733550413,-0.011178250695410006,0.8467778895874418,0.4949267988229783,0.04465153638055714,1,-0.005769800413364713,-0.0004502236106650409,0.0011468228470080557,0.4854519708241385,0.04345414998570536,1,-0.002291376087980851,-0.014496739862582103,0.002240086774701395,0.43716726956597246,0.19648068131352028
446,0.4892329063597424,0.04285221947973408,1,0.5169320791281309,0.05511798618486888,1,-0.06591270511290492,0.08284478424103571,0.28954998475672517,0.02837497966782659,0,-0.010334420720642648,-0.18586907224047158,-0.01424652228216068,0.8399017374677892,0.46161392630937265,0.045236288886126186,1,-0.0264997822628989,-0.00043053721824938486,-0.011455754209479033,0.45532575645489987,0.045207038471572855,1,-0.010345990151913485,-0.025127314610235294,-0.009200938782951392,0.42908493289194005,0.2088060736398233
447,0.5292806169432901,0.042790064856345546,1,0.6089118303920699,0.05372623317834828,0,-0.0027569588353159656,0.11166878922738581,0.32818872447350356,0.02798419424779105,0,0.027530816342770322,-0.18821257648435824,-0.011129515384908376,0.8443260048516497,0.5147537647120899,0.044523435583514154,1,0.06890836436100578,-0.062261129615912285,0.008106529966996477,0.5049440092407084,0.04462901799326275,1,0.027237124544319914,-0.019475899601690043,-0.0028172157019215787,0.4357546795184103,0.19873480966271695
448,0.5543954909201747,0.04085185812096436,1,0.6155844077667431,0.05318928213301597,0,0.020955034340838227,0.0946293734259048,0.3580428942316789,0.029047832877779966,0,0.052366180152888846,-0.17220874327092886,-0.022114542650281028,0.8187985213366218,0.5522190636993323,0.04489489782219016,1,0.1301963193810666,-0.06434188134077573,-0.013635374340958595,0.5718358044446312,0.04485452854059358,1,0.051350705779152156,0.03455161355620751,-0.014066514890728419,0.47684161927348223,0.2035501494411857
449,0.5177948057947267,0.041673361146893115,1,0.6361156508137596,0.051518245303513226,0,0.009979663196409019,0.1261359876173506,0.3069777762320799,0.02810593060879677,0,0.017075519397970255,-0.1920081747610939,-0.01808956840479652,0.8318313308090586,0.49231844285482573,0.04417150436796304,1,0.04334847726649204,-0.05150455282455491,0.00047451841288852003,0.4797291865120764,0.04341252625215047,1,0.016647396930902458,-0.024465776627802874,-0.01245243379102322,0.42037818131829735,0.2149592508508101
450,0.49697623262748086,0.04155664303240223,1,0.6143400863694886,0.05599411763374523,0,0.041073136734395055,0.07326694963509339,0.3186304172670309,0.028191227242729624,0,-0.0028131097628555876,-0.1592085621453939,-0.01934791082471964,0.8514235303956332,0.5062681568046582,0.045384900166505954,1,-0.00707885369750232,0.028411404236902804,-0.015064393734742342,0.5134787717050324,0.043418178199097684,1,-0.0028289524931026672,0.016582798056503454,-0.00027507385836828745,0.41491570710084946,0.18850785944019416
451,0.4867529855346004,0.04220097827562205,1,0.5633148709054111,0.055528740479917016,1,-0.007551065603684247,0.07086593650909523,0.2923087685216218,0.027274395102886043,0,-0.012511761977616054,-0.17891565843780097,-0.016263811062961098,0.8392966980248875,0.4573846804867347,0.04376237465478794,1,-0.03126634480710006,-0.015541743296306264,0.004192768590140973,0.47361949237555295,0.04272780404794676,1,-0.012400701462457885,-0.01691712178866223,0.0029373156266730392,0.42630835594896066,0.2249695183100254
452,0.5750644580937596,0.03883258755780531,1,0.6918348415007489,0.05240966976451787,0,0.09955253998213745,0.0922823015186115,0.36546695910572385,0.026372707221639143,0,0.06906634119111368,-0.17664106757600817,-0.02695831450938165,0.8406560911059319,0.5835277803622416,0.04133226482105554,0,0.17198978360904932,-0.08367267825891565,-0.004789324987892209,0.5870075253606917,0.041060112433271075,0,0.0697971430429242,0.028632912336539588,-0.011422530018772007,0.4409089304834165,0.20313683597632004
453,0.517454820744737,0.04126752372294333,1,0.5621821386708961,0.06031731836657763,1,0.029354660886984026,0.03282747778391201,0.31509718694715216,0.029934144387630684,0,0.01615624895229995,-0.17781349103432498,-0.023245570970822693,0.8421922001388571,0.519962792162964,0.048537231315933495,1,0.04155993297592043,0.003991436934283622,-0.025588577747239986,0.5253693860930249,0.04525083041796493,1,0.01643172271757471,0.02050142305236789,-0.011563759676917544,0.4009152839452558,0.20903440957265482
454,0.44996557593032055,0.04230626646938938,1,0.5070375099732382,0.051206667408551156,1,-0.04138949060095063,0.0484270005741887,0.28144097074816105,0.02822776778953245,0,-0.046790883556774424,-0.14533768632635488,-0.02643045936870971,0.8407416520039749,0.451606353544489,0.04513814060468525,1,-0.11739881497559239,0.12269219603267474,-0.05368702751259334,0.4377682685805167,0.04447862263455829,1,-0.0456854887053598,0.0005737265672702029,-0.017119969281393633,0.4393903054207136,0.19776576463219717
455,0.5044287215278629,0.0441085881950774,1,0.5874358239123384,0.0531874292136797,1,-0.011825114924192623,0.09926093883653096,0.30737926572394536,0.028458512779993665,0,0.004224129972974308,-0.15987636686517934,-0.03696849738384966,0.8421124515910399,0.496107231027441,0.04527680158851351,1,0.010617609910281541,0.045656587051381245,-0.06016696593422181,0.49814693670392324,0.0439980046812942,1,0.004132631077150518,0.020355054116652123,-0.026340748489879474,0.41709135987555873,0.2033232730291496
456,0.5178673941746262,0.04221646761483899,1,0.5890447336632303,0.05627638742684667,1,0.0009805413508026633,0.08806419231242758,0.32534875868219065,0.028544334732344037,0,0.016838090091527515,-0.16458442865795794,-0.02690490275137891,0.832530708602618,0.5133569114181795,0.045599112551686055,1,0.04258596094136866,0.0036207542270356233,-0.032849803750224824,0.5057610429114165,0.045283577809635746,1,0.016583674344931774,0.02014574811246599,-0.03096837954598124,0.41646150668729415,0.20538049575054693
457,0.5214493544572377,0.042562627611528785,1,0.6415165692232384,0.057122909935367075,0,0.04202879324892716,0.09948777597431135,0.3248855558490112,0.029284617149973727,0,0.020177670996382603,-0.17553970942792552,-0.01975240571944582,0.8187295747892573,0.5156663848456478,0.04785476444959064,1,0.050794064244185935,-0.025751435015806574,-0.009376244382731607,0.5224118936833734,0.047326182855897854,1,0.020143098860078396,0.00567795754565502,-0.003409162722360014,0.43700738356629215,0.20494375504130613
458,0.5475189748249837,0.046326670877268154,1,0.6408664706025126,0.055861134782000964,0,0.04053115983709041,0.10033531076542221,0.3464215757269808,0.03176534855770426,0,0.044326259024961054,-0.17863831176416117,-0.019266371533819285,0.8265159218906346,0.5441564830875576,0.050550126587163624,1,0.11159960401200975,-0.05877494995538921,-0.00866817096906298,0.5574843152262643,0.04883962105093232,1,0.044338551310643806,0.02098862580089384,-0.007842861885273368,0.4272954602039925,0.17951935665130794
459,0.5446871239887451,0.04351968268578889,1,0.5746943918270494,0.0660526231130454,1,0.09083598391777405,-0.0161415920907246,0.31446817353882334,0.030232080877987816,0,0.04112332432725614,-0.20636386717950042,-0.02029128360893234,0.8338151523338726,0.5093788383568079,0.04879463554687166,1,0.10479308823052388,-0.10720165420504023,0.011787404331324185,0.5057392361434451,0.04748204833940092,1,0.04164031582759859,-0.01927800592361353,-0.016623073760539942,0.4049022415277982,0.19357318474676763
460,0.5343214026502938,0.04213860122293449,1,0.5308191827833969,0.0515734580188897,1,-0.026315930919988927,0.05713511370338579,0.3342168229912298,0.029459430569798373,0,0.031770474563796856,-0.17165672947145208,-0.025896922101115046,0.8373091624282296,0.5303629211544034,0.047703124777748906,1,0.0809484734652656,-0.04068712066961807,-0.009898431641244092,0.518650376184075,0.045562388428993385,1,0.032259143359105624,-0.0005721909617787299,-0.01303657621325199,0.42230271272070846,0.19654848796753824
461,0.460204193693422,0.04252381119146728,1,0.5304675037052332,0.05457944530852303,1,-0.006069659626124886,0.036537163331358175,0.2829181688886635,0.028698023473120265,0,-0.03615723606562993,-0.15404579607731872,-0.026878798968387834,0.8355611640003743,0.4566898921809839,0.04597287349022397,1,-0.09229477955313631,0.08407429327677458,-0.03508962154265447,0.42926612117009794,0.04459518157536254,1,-0.03593693878831427,-0.020395748034485767,-0.014401192007102048,0.4069267056615523,0.1838908948762849
462,0.5126679225001336,0.04249824569782281,1,0.6154670196486574,0.051730985262619995,0,0.0010799183954606278,0.11438710125319661,0.3366763661577175,0.027961999231251925,0,0.011768254775810288,-0.1534261750766823,-0.021665713541410385,0.8430620187073643,0.5390570168076916,0.04489426516128601,1,0.029669452406591194,0.03811701526857669,-0.028729450867476303,0.5391940164856276,0.043979401245070764,1,0.011761018771377914,0.03436335858566286,-0.006930360871413178,0.406981273611355,0.19890343796587778
463,0.5764155220397539,0.040097218341013464,1,0.6743994362759508,0.055323791247420886,0,0.03048368515412468,0.14391575112182606,0.38103390810148025,0.029403638152963922,0,0.07358934214418335,-0.1850192337160827,-0.007536200326620471,0.8407130335735685,0.599543306589642,0.04710966612848763,0,0.1806172559072268,-0.09951632435557672,0.018442375037992006,0.6023175648175229,0.045519014894117825,0,0.07273188043794347,0.021600149792341695,0.007985534587237678,0.4616290612512931,0.2213995074870461
464,0.4135247953515555,0.04142398386142342,0,0.4536844984791576,0.05198968725642997,1,-0.1218695321770414,0.07555403065619898,0.24818493503673955,0.027387785519414825,0,-0.08100411503556881,-0.1569514408074537,-0.013859509120238006,0.843398077519461,0.39204022959786705,0.043904887956240486,0,-0.2029628950548848,0.12144697327238012,-0.026443848619628313,0.38744831953964304,0.04309388650853483,0,-0.08241594419697329,-0.026954201268721417,-0.0031815349946622638,0.40803917288429553,0.19964908150507735
465,0.5183018571749849,0.04673136556120555,1,0.5966615923561026,0.0544023748225846,1,-0.012169443035038495,0.10883103539114118,0.3144196685416684,0.032300137501645156,0,0.017161401455277146,-0.18120092442453503,-0.021540808489073776,0.8401481709015897,0.49518463776845106,0.05219124744473758,1,0.04378547135789831,-0.050183215338297,0.001582381748849721,0.5102627155608513,0.049174024098641585,1,0.017319322051146537,0.0019964661640328716,-0.009053072654328097,0.4581116178861063,0.20148318655682365
466,0.48452715016395037,0.04212226969917071,1,0.595470676916422,0.05340091757259779,1,-0.049497008761663436,0.1449676856780853,0.31059571162904626,0.027373229380303846,0,-0.014269035306214189,-0.15266078730366417,-0.022474465761075407,0.8358112628684953,0.4948213506291706,0.04354941575021613,1,-0.03549735339305759,0.07761755876192337,-0.04729885473969524,0.48937165534275895,0.043221661122047506,1,-0.01404109278749358,0.024519998601600868,-0.021107250471348253,0.416167220668912,0.19377124447630772
467,0.540056605855372,0.044856540383266794,1,0.5787477312881929,0.05612868705656612,1,0.01692423510677399,0.061823496181418955,0.3430337028785557,0.03062070309992264,0,0.03827741557168095,-0.16745329840367568,-0.027790414289449568,0.8443207653172365,0.5396147718674569,0.048488513993751994,1,0.09658664401027196,-0.04620237813135731,-0.010769494011457775,0.55871317420781,0.047091708826285175,1,0.0375129715916627,0.024283947523459914,-0.003083744907312665,0.40391257203885594,0.20941682445691237
468,0.45706646449700367,0.042088125778320766,1,0.4703068507380429,0.051667004156288505,1,-0.08509279832662513,0.05539964906466803,0.2663130665592335,0.029947369187327023,0,-0.04085761265862235,-0.19182292148201543,-0.0010063993001287726,0.846627875915145,0.42995741821709665,0.04782290359217064,1,-0.10298882247741949,0.026824057779463617,0.006122182915052496,0.40957272807458367,0.0463068200248889,1,-0.04074498641175019,-0.048148833849172984,-0.0015334516644930577,0.4424100956138214,0.19211218566276334
469,0.5058266592140205,0.04305576267671936,1,0.582692808051101,0.05209380297375878,1,-0.03861028600617041,0.12130309405727141,0.29456991494872314,0.02773980544782624,0,0.005202361852541824,-0.1958339767856413,-0.014798470118177335,0.8431540123165622,0.4852241870559303,0.04399010932854784,1,0.01327199185764952,-0.03898510014485972,0.01093729534314064,0.47577832227304445,0.04328886649041997,1,0.0052143782685974294,-0.024900885195775876,-0.004535170799777129,0.44232648895885573,0.1837421147263495
470,0.603737348399233,0.039048570008497464,0,0.7037249846194061,0.05539572458079815,0,0.021905844705609172,0.1818191399137972,0.3743975063995368,0.027137268643375775,0,0.09753005905450655,-0.21642641768274337,-0.006706134972226383,0.8270098373907262,0.6006919234297522,0.042689837043870145,0,0.24271587906112874,-0.1710880247472784,0.029064069115901967,0.596266763571613,0.04207466562244454,0,0.09709224443073391,-0.004649224054644082,0.0038237431955231668,0.44508749354684785,0.19603653394731668
471,0.47491869924804103,0.04151560047554041,1,0.494894499522487,0.054002169574551215,1,0.003353524795516846,-0.00845902527303,0.2957674317562679,0.028081055324677754,0,-0.022730451565704357,-0.16222435241144806,-0.019277764266579584,0.8362364583374341,0.4632166149167673,0.0455751570908792,1,-0.05685787616533603,0.044136902729966086,-0.024062411647862807,0.4560358877558235,0.04301966542278593,1,-0.02268978362350595,-0.015142646483890953,-0.006131682136779672,0.4435264746533777,0.1826697544027107
472,0.44945380577801913,0.040823777651744296,1,0.4154615784494261,0.057924749852983105,1,-0.10180317135194704,0.017264749801373117,0.2523688338537825,0.027213877987709714,0,-0.046603034903267476,-0.17939922925173957,-0.021628901991210453,0.8438827729106396,0.4127634183340903,0.043330343447607944,0,-0.11813114288672309,0.04231585344226398,-0.011421292221450706,0.4127742030628312,0.04336361793205785,0,-0.04684439592003754,-0.03372795502062901,-0.006653445996502284,0.44706982445342613,0.20689803219531813
473,0.4383736700922171,0.04432003951541392,1,0.5191716770704031,0.05520529765460753,1,0.027141764944698017,-0.007970087874294856,0.26845040068792225,0.027968403138873985,0,-0.056824370151696287,-0.1550948830166681,-0.01963034614371336,0.8458887873219363,0.4333844523089465,0.04539737664260944,1,-0.14452155555685625,0.09945906920988339,-0.021553061344080592,0.4422777908642765,0.0450900091845471,1,-0.05661769268955213,0.0018338337867314025,-0.0029383502329028252,0.42223506049849624,0.19678066263973945
474,0.5259671093556876,0.0411554592920187,1,0.5992936682688704,0.06095588871558284,1,0.0472790833274308,0.052014584941439505,0.3388517511480633,0.029072297095945197,0,0.024370028049559508,-0.1647861696960799,-0.020732107205416288,0.8313723889380248,0.5336996197125579,0.04572357679990684,1,0.06051067092490582,-0.015107207998834995,-0.011703843213513036,0.5086453093737231,0.04540832413830624,1,0.024428227538649712,-0.006312731699888277,-0.009470186465038395,0.4518723779476857,0.18855699115877161
475,0.5273752096166664,0.04119989062897365,1,0.5423130932751833,0.054964682062201765,1,-0.04471844423275329,0.0870315375079367,0.3384915926680401,0.02779845069158914,0,0.025252000631664277,-0.17201365688977696,-0.014746751073847267,0.8485991088489353,0.5341303289142754,0.044215402470844434,1,0.06368555000682737,-0.022061395163136314,-0.007493825929415672,0.5453383460391439,0.04298255487500699,1,0.025588018164830275,0.02380672065380951,-0.004056392779496078,0.43506124140572366,0.1837772081902879
476,0.5014188470026115,0.04285742279702891,1,0.61698839268522,0.0539973665281051,0,0.0217791657622953,0.09520922692292472,0.290999225270978,0.028927850527168494,0,0.0013123531102493264,-0.19629561225188122,-0.01401751558739013,0.8430760639616017,0.4684192702129773,0.046575151838684735,1,0.0032794426956350735,-0.04420797596049024,0.009347803477832446,0.48039466331175557,0.0453174131656734,1,0.0013286455395527695,-0.011454035921103016,-0.009479946306694258,0.39968114982817876,0.19316201947018075
477,0.5022432416461379,0.04448196047747012,1,0.594685732576154,0.0528166620721827,1,0.0006382147799941619,0.09404751779615982,0.31974544478833533,0.02957682693646533,0,0.0021127648552643624,-0.1508868633984585,-0.0314804566684705,0.8396668954065003,0.5059206719489828,0.04687721512421224,1,0.0053286779965608,0.04418637698378957,-0.043594383031367576,0.4907217546019079,0.0469237627746602,1,0.0021235545185977088,0.01652222007482317,-0.027924019991513012,0.446668945256821,0.19471922530518973
478,0.48708496469268,0.04076955539623058,1,0.6618519668743645,0.05447409878369565,0,0.030506332340816882,0.1313456345335478,0.2887849665540907,0.027556972198182476,0,-0.011896341766921385,-0.18149208823086085,-0.01782660344812711,0.8382091009500852,0.4668811983674589,0.043519157700996826,1,-0.030171845644033288,0.0016557240470905993,-0.004602680035598442,0.46497025611143145,0.043328405379786855,1,-0.011911896135818032,-0.024013678176408836,0.0008958304236581691,0.44770435690848503,0.18757445983572935
479,0.4481903675805493,0.04283190140321276,1,0.5164332481801137,0.05409365039123232,1,-0.011709484153749053,0.028142732333862722,0.2876940435359968,0.02928967321541725,0,-0.047914491013314145,-0.13754216242489914,-0.02684930302578989,0.848333610102272,0.47824535455723244,0.04676521361660882,1,-0.12222394143294671,0.16162886300266507,-0.061159567012485955,0.44855135095058873,0.045513199166022054,1,-0.04921961823723845,0.01202095533299925,-0.014249986145171964,0.41428779973002766,0.19514453080239785
480,0.5125187250989547,0.03944935084148458,1,0.5642061140385379,0.04939831761540385,1,-0.008322817727217763,0.0725289317657559,0.31107174860386877,0.026603537341842103,0,0.011634516378533178,-0.17671990448026065,-0.0238428632944037,0.8422416858996673,0.4994069298493289,0.0426304102877369,1,0.030017583966332032,-0.016159009401292192,-0.014451644715710988,0.5166746233237074,0.04177581082879757,1,0.01171668548149543,0.014457591737983852,-0.009499653895771835,0.42020982717913674,0.1979847520000495
481,0.4883024794559473,0.04258964379545985,1,0.6715916546087404,0.05635172837999425,0,0.038021302658267836,0.13357035195047248,0.293760732364338,0.029219342192744666,0,-0.010769255620168026,-0.1746441946980691,-0.020825817317424885,0.8469743832063603,0.45872729638770293,0.046044779686289776,1,-0.02697833557066565,-0.006072930731777933,-0.008221437309853433,0.4583228407915365,0.04541664045016197,1,-0.010842274160281986,-0.01866031209176951,-0.012174572956411951,0.4088304096085614,0.17383378883133666
482,0.5460296197642223,0.04302649070946599,1,0.630169307048743,0.05527859956387101,0,-0.0053883503933357425,0.13555765744207857,0.3205111026033611,0.029088835837816338,0,0.0422487977045917,-0.2018053047822783,-0.019932390318952387,0.8387597650822589,0.5144038814191837,0.04631159123221174,1,0.10821862489869694,-0.10825851094992901,0.014443767470415722,0.5285579766744081,0.04503828014993512,1,0.04317521512167717,-0.00976199825504429,-0.004855240192224731,0.43349043427310147,0.190175539017439
483,0.495292404150891,0.0423641777003639,1,0.6005739103588413,0.05599927118222122,1,0.03935979684128349,0.06121411351755789,0.306850643555291,0.029751159668636697,0,-0.004423857498649198,-0.16490270273293542,-0.023822796213124376,0.8454379274327075,0.4950728807252158,0.04735543373774721,1,-0.011269760855183861,0.04093316667013141,-0.03459052508973171,0.49649625016573556,0.04630634592901416,1,-0.00455357814885886,0.022127125778577162,-0.021077297463982774,0.4532321651214578,0.2064196939447705
484,0.5015800885175286,0.043139284298781944,1,0.48612254724115733,0.055203005429830074,1,-0.07661632299801535,0.06273887023917263,0.3176343160583807,0.027548865952683448,0,0.0014579170851266718,-0.16244024875610127,-0.0213833522706447,0.8354396183126596,0.4774040667784914,0.0436059290005184,1,0.003642420695379335,-0.021217413583801956,-0.005020940333085998,0.47087249791914404,0.04366378952799492,1,0.0014800482577804694,-0.02521490253753319,-0.005392647801103244,0.4457538770675711,0.18884252055491416
485,0.5493916869711866,0.04351605143251565,1,0.67691745651593,0.057066556103914756,0,0.03749318379823373,0.13942427271769642,0.347076663766303,0.030643618328545057,0,0.04840530227793789,-0.18584669425363576,-0.015481944257999229,0.8404038327944753,0.5351700949395002,0.04936300352693056,1,0.12075838118283538,-0.09492928393776835,0.00934099769443323,0.5336908629417795,0.04664292516968848,1,0.047638608551909024,-0.003767549503294185,-0.010180196106835432,0.4296346707862989,0.2174255292299936
486,0.4643669599138638,0.04107970382982063,1,0.6461400332153914,0.054096787668661696,0,0.04415304808892014,0.10198698512647125,0.2971451725492851,0.027525291821114233,0,-0.03268774535246837,-0.1391368556447004,-0.031030226453546226,0.8397282586576267,0.4719883223841002,0.04414585517653369,1,-0.08460768118806085,0.11408301445684937,-0.05748701088468827,0.4790856506964329,0.04367814193815868,1,-0.0335623683996184,0.025678355306119,-0.013030336210067875,0.455845739471542,0.20748530299706114
487,0.4979307214775042,0.041772390806002216,1,0.5720230926119816,0.053670322014436264,1,0.02552221271884768,0.04650087989313389,0.3011267985556758,0.028319576108098606,0,-0.001901486406371064,-0.16720759349870776,-0.029764121539245316,0.8516975380476739,0.483669875337256,0.045262207985177404,1,-0.004844707777237942,0.004368980075066857,-0.01585439696057291,0.47553780034248866,0.04501249876889526,1,-0.0019416465511196128,-0.0037004262702753045,-0.018820126836116426,0.4031634039767703,0.19332991608354372
488,0.4968634681873871,0.04050353189060945,1,0.6398990490134091,0.0476167267917744,0,-0.009008480293681028,0.14890752930709,0.28607941061735037,0.027586614229755883,0,-0.002940449496153881,-0.1946324693133886,-0.01634767057310719,0.8449080578690179,0.46218076538297576,0.043476690961635554,1,-0.007395201473807006,-0.03337167107235105,0.0029476379291338214,0.47817500925855266,0.04309917631688618,1,-0.0029038931986042514,-0.00879080311343467,-0.010130294429408448,0.46216412034953475,0.1822174491085332
489,0.5684713430569475,0.04153763433713302,1,0.5993045287057509,0.05273627034520796,1,0.03204578865838993,0.06725874004736095,0.34718284985577347,0.02908394936962223,0,0.06509677990130261,-0.20207666459925466,-0.015837265446274586,0.8394915289640921,0.5543998784853329,0.04680121258333805,1,0.1629855513354752,-0.12389599402857801,0.01531032117843568,0.5588264456189218,0.0440436780942238,1,0.06481279272978784,-0.0007705296768739498,-0.005215817433992114,0.4214484838622011,0.19183377409490063
490,0.5160469011428727,0.042566404969211526,1,0.520463032170709,0.06108624673070689,1,-0.023581894651538406,0.044044926822247435,0.30257212933948,0.029340698791531214,0,0.015026937446649425,-0.1982364606599555,-0.014218347447213937,0.8427769705344291,0.49424717273121865,0.04677678741131366,1,0.03838414519301541,-0.04833852015022728,0.004201547688430509,0.4872579934634137,0.04471444054056699,1,0.015200846227254095,-0.021265019150974517,-0.006677833612865778,0.40508808812214936,0.21058210943818412
491,0.5017038466271129,0.04349498936967264,1,0.4895059852982495,0.052844255201733026,1,-0.03152569023330807,0.021031675531557593,0.31944779550120067,0.030461988048262893,0,0.0016009089996681018,-0.1663033371145468,-0.015849776383920683,0.8397820212050032,0.510498710369194,0.04855294472888283,1,0.0040068250392613905,0.0005195173512154582,0.0059723679787172055,0.5014600920018502,0.047253872493198595,1,0.001622078933185078,-0.00543247568679294,0.005270488755458057,0.4230870812567741,0.18892971768064815
492,0.4826625037612328,0.04224657864924884,1,0.5718373428609062,0.05311667093601935,1,0.01520983102560235,0.05662751183530379,0.2923995932188468,0.027292978309280475,0,-0.015956045665520415,-0.1729157973129718,-0.018728563802661063,0.8359518440968469,0.4727222812381695,0.04391508481655521,1,-0.04096865706884033,0.038853770029704825,-0.02516283172269502,0.4712254429614103,0.04305944349035798,1,-0.016272142942102923,-0.0011638733681556242,-0.011338540728331173,0.3896065641025395,0.16884698424744723
493,0.5791757486739517,0.041405993719185526,1,0.6342568021799021,0.05445951132920352,0,0.07251264833199028,0.061744153847911966,0.33771313155706023,0.028220966302715027,0,0.07431569637346844,-0.2296838820390219,-0.006918682777386252,0.8348783103325343,0.5454453078020804,0.044811072318820984,1,0.18960863553786542,-0.18394271920430888,0.03977939146852405,0.519722972692464,0.04350903657757423,1,0.07424721110330056,-0.05159059999244596,-0.0029336384183905793,0.4619992322939707,0.18818572313832
494,0.40499434667517237,0.04294468084685576,0,0.4857167124704622,0.055465033143725403,1,-0.1300092264384524,0.11572593890891465,0.26197576145750384,0.028797511104506818,0,-0.08853863265282302,-0.12774095419735304,-0.021744651692320146,0.8306823775248671,0.41662281446380667,0.04552030811135177,1,-0.2230889065450634,0.19266703497398116,-0.052955313965111134,0.41717295006241994,0.04589257263801407,1,-0.08909323626707918,0.013538156864809277,-0.007271970535310123,0.44403155029565,0.18762853239763896
495,0.4900006519218794,0.04099250499301949,1,0.5729070132966463,0.0531102675012084,1,0.030667033852192153,0.04223997944445404,0.30031337898445193,0.02836834993062728,0,-0.009355669740439918,-0.17664159787560466,-0.013689353399503579,0.843027932237854,0.4812716604561737,0.04552647217169704,1,-0.023781258340296006,-0.004220101488015862,0.009273020284485503,0.4832912949071502,0.04422616798888243,1,-0.009558189996077465,-0.0031172629665381147,-0.004033252130234141,0.4379288397406197,0.18954819908823936
496,0.47293452734235797,0.0404177483830886,1,0.4915075303581316,0.054058661154532874,1,-0.08039776891205085,0.07190529927018248,0.2795109775701775,0.02818583892824247,0,-0.025357828341749485,-0.17589200774442237,-0.019239186343650495,0.8269342834305624,0.45264467060960323,0.04487673722548471,1,-0.06472380002182998,0.039840971665645444,-0.022472501034212177,0.446987921318764,0.04347000114055833,1,-0.025242520869816147,-0.015880571188471502,-0.011888986622948424,0.4370163099287105,0.1903262781820638
497,0.5165300840700605,0.03954904415895527,1,0.5417735757090343,0.04748891477210379,1,-0.04607055304610617,0.08784412875514043,0.3035144734642323,0.02725674222056658,0,0.015305216131584046,-0.19886008305162586,-0.01293065961572588,0.8529986987959568,0.4935847359097322,0.043713806881935345,1,0.0400479938750806,-0.0650978047513522,0.01863454678600368,0.49458036794268634,0.04144624719267149,1,0.015253996197312747,-0.023095319439026447,0.0024216911844000856,0.43395536947591146,0.2069538701532085
498,0.537232983639027,0.040377835433042894,1,0.5434730111311857,0.053336151264991055,1,0.00451576309657235,0.038957248034613416,0.31982590062170024,0.027556349471394848,0,0.0337909722475798,-0.19902612360547384,-0.014938948020405797,0.8430214755827259,0.5136249070035755,0.04399357336028238,1,0.08560244888573328,-0.09727704707779461,0.025299505195636875,0.510301611171551,0.042629486708927994,1,0.03470538426135077,-0.022311803761591587,-0.002091969328208111,0.41128997149700114,0.18001387307427727
499,0.5334089560215298,0.042527763448856074,1,0.6121764985609015,0.05859423662143417,1,0.005689355396291375,0.10648714316461,0.35170887670046164,0.02955316779857902,0,0.031521871159535725,-0.1586568397001217,-0.021156154758952397,0.8426915455246078,0.5689060750228615,0.047242465477521506,1,0.07915189935320885,0.025909128853361697,-0.036154953183709156,0.5590565790991062,0.04429198762165594,1,0.03038757974767509,0.0332023046869969,-0.004533305335565862,0.43372051831055397,0.20312530013902222
