rep,c,theta,se,cover,term_a,term_c,term_b,rmse_l,rmse_m,prod_stat
0,1,0.45599286164415875,0.04181036400888902,1,-0.03436899614676156,-0.01375152398754512,0.004113381778465563,0.15443528436065,0.09892814563397985,0.7926177582868797
0,3,0.4796637507161322,0.042244053343659195,1,-0.033393162787245724,-0.02631476662287165,0.039371680126249545,0.3201263921367026,0.18206405052305769,2.8912965890457243
0,10,0.7379024248732644,0.04788936352975337,0,-0.02404595222510245,-0.04383604274802227,0.3057844198463891,0.9765323905523918,0.5201785698770985,24.62013303645625
0,30,1.353074425785058,0.0762745541504981,0,-0.021169863280362203,-0.08457469911875572,0.9588189881841761,2.0434483492378255,0.6215497665759951,52.38088285774844
0,100,1.373034915202342,0.07658113310680383,0,-0.021169863280362203,-0.08576351062282535,0.9799682891055292,2.074384896079997,0.6215497665759951,52.988944689592614
1,1,0.5844625734536714,0.04268070772041527,0,0.07895546769762272,-0.0016551796627965662,0.007162285418845328,0.15100784728635694,0.09185509481756889,0.7054471799115206
1,3,0.5991682573046476,0.04287845667706671,0,0.075316442742287,-0.010263814185193065,0.03411562874755361,0.24622047996718413,0.18787455407392598,2.5790085410095442
1,10,0.7173728695599711,0.04217012204180899,0,0.05256946416128266,-0.014875493939780667,0.17967889933846903,0.7158123865360561,0.543682345042896,21.654172176568345
1,30,1.292899409249169,0.06732424273151724,0,0.047246152019237896,-0.010951838515595665,0.7566050957455268,1.8198727606551877,0.6238622264710177,48.21062897723224
1,100,1.3851794095424461,0.06906662999676537,0,0.047246152019237896,-0.012089079491301094,0.8500223370145096,1.9516812287415781,0.6238622264710177,50.81098015460896
2,1,0.486353696694943,0.040647949019875555,1,0.007336672147745754,-0.017574551504069644,-0.0034084239487330776,0.18403067783476235,0.0957488940546477,0.8471294258856265
2,3,0.5172998467536883,0.04016226730504392,1,0.007090231256789803,-0.002590021216218378,0.012799636713116984,0.261217265130043,0.17016077878648983,2.3212264004774767
2,10,0.6973472813209649,0.041976573182284635,0,0.005402169411456219,0.005386545076483138,0.18655856683302569,0.7442048568917351,0.45932236062613574,17.481291083044184
2,30,1.2513688515072696,0.07410157464623933,0,0.00456854479271527,-0.033526088830150645,0.7803263955447048,1.7901944864726094,0.5894605236639553,44.3576699820839
2,100,1.4329085846967933,0.08055085065153055,0,0.00456854479271527,-0.03451629064327031,0.9628563305473484,2.025676953865926,0.5894605236639553,48.74715229389183
3,1,0.6204186458921287,0.0426058779358489,0,0.10654170380371682,0.013058629551724972,0.0008183125366868711,0.12315592440771671,0.09957187900054457,0.7013117845522648
3,3,0.6504715177814158,0.042594698397052655,0,0.10142634465821895,0.007822478304259134,0.041222694818937734,0.29551142059229973,0.19938617889470683,3.120400923321298
3,10,0.8749221290570712,0.05000373142254398,0,0.07483123843619725,0.009906473850433839,0.29018441677044016,0.9846306925913973,0.5177882959221634,24.60046369812178
3,30,1.3632859113548754,0.06969099352594377,0,0.06853724850806912,-0.02178424655605437,0.816532909402861,1.8608560597939798,0.5878457616051816,45.519689977752925
3,100,1.3632859113548754,0.06969099352594377,0,0.06853724850806912,-0.02178424655605437,0.816532909402861,1.8608560597939798,0.5878457616051816,45.519689977752925
4,1,0.37686818451076187,0.04102878342514468,0,-0.11711750848291119,-0.008493020017845484,0.002478713011518541,0.13231172107389708,0.0845044550307714,0.5793903879586967
4,3,0.4230899958939029,0.04091552599224718,1,-0.11122969736793292,0.006094658662463087,0.02822503459937269,0.24547868202259124,0.1909159519674831,2.6346420502897967
4,10,0.6718211792472184,0.04764256877884791,0,-0.07558930662448471,0.02490934954272208,0.2225011363289811,0.8152698119475803,0.5621939628768724,24.488735699655827
4,30,1.2717087198976853,0.08053657759182989,0,-0.06927925034529953,0.019813178053636003,0.8211747921893485,1.8437181729278869,0.6271991285794739,49.007625036153314
4,100,1.3477205070120737,0.08258987091449475,0,-0.06927925034529953,0.01777366115068438,0.8992260962066888,1.9630869876512773,0.6271991285794739,51.37515959888645
5,1,0.4895592434677267,0.04265619703570561,1,-0.016138616374979424,0.0028210306942087226,0.002876829148497469,0.13244578739906773,0.05541081706936527,0.3291705872822753
5,3,0.5328515984031686,0.04231520478503844,1,-0.015371366123172123,0.007050454267665864,0.04117251025867489,0.2994780365862514,0.17362542065540917,2.5975829956923486
5,10,0.7445071141817854,0.04539504945395785,0,-0.010759314601401032,0.0008609516517532656,0.2544054771314331,0.9418128535283705,0.5364285584316264,25.07594192691512
5,30,1.2398691786247804,0.060601935491722395,0,-0.01001905486629671,-0.0025149231884826094,0.7524031566795596,1.8070009892177952,0.5957439559961585,45.26549951452764
5,100,1.2581090434283053,0.06090152536821685,0,-0.01001905486629671,-0.001403565765168046,0.7695316640597704,1.8297722409175188,0.5957439559961585,45.694488902191196
6,1,0.4195923601543726,0.0445276925507058,1,-0.0783567453248348,0.009311863006705404,-0.011362757527497939,0.07315937578963075,0.10899368002335139,0.6278238034132244
6,3,0.46574286915011254,0.04602897186233478,1,-0.07726526086515088,0.03038015192884595,0.012627978086417444,0.2609282343299717,0.06723242090615515,0.6976944363734391
6,10,0.7687904361154707,0.05721158092009524,0,-0.06848644656551023,0.09915402222253668,0.23812286045844416,1.00888081406618,0.2539220801534115,10.139955189985232
6,30,1.4135024227165929,0.06852140441165917,0,-0.045795895405418265,0.11827380390921484,0.8410245142127967,1.9852792419348966,0.6090573012696474,49.96713708894402
6,100,1.4142932500060692,0.06774565886947873,0,-0.04468577659222042,0.11616226097786664,0.8428167656204227,1.9852792419348966,0.6294758682205198,52.048726267176754
7,1,0.5551757862996031,0.042424001438776594,1,0.0402860832866776,0.011329658882672651,0.003560044130252831,0.1374695705591846,0.10217657205505698,0.774322307840505
7,3,0.5977421425436035,0.04214247554212705,0,0.03818023168772956,0.01125966001291613,0.04830225084295781,0.32714390897503287,0.2156021193707926,3.700408584147209
7,10,0.858336108548214,0.04438057944893648,0,0.02597333577795098,0.011311503619814797,0.3210512691504483,1.0243529594815624,0.5875844443139865,29.95149210356517
7,30,1.3971181143142684,0.06780243510028704,0,0.02523135454835622,0.0021582661649660164,0.8697284936009458,1.8893271867556334,0.6111110238548916,48.32103689752304
7,100,1.3971181143142684,0.06780243510028704,0,0.02523135454835622,0.0021582661649660164,0.8697284936009458,1.8893271867556334,0.6111110238548916,48.32103689752304
8,1,0.49241554909912943,0.04117784003379785,1,-0.00840721616762138,0.0026944920871771506,-0.001871726820426431,0.13656847186113172,0.04869911733987109,0.28531232976215826
8,3,0.5175126015842642,0.040226906548596154,1,-0.007904470281809487,0.024519001134204785,0.0008980707318688138,0.1694813486606077,0.17276767529136414,1.869841126973403
8,10,0.676395396509439,0.03701600062065019,0,-0.005008628990152931,0.05391174036177028,0.1274922851378218,0.7059787736587705,0.5869719753965988,23.999342778240806
8,30,1.2782220285623056,0.06041479633011546,0,-0.00479171693810753,0.10341817306786046,0.679595572432553,1.8149964410987953,0.6220057429237315,47.93473302717433
8,100,1.3346745914922553,0.06157668262513858,0,-0.00479171693810753,0.10743010059969116,0.7320362078306719,1.8891345772128905,0.6220057429237315,49.392996702546
9,1,0.539247647232032,0.041974572675300074,1,0.026845922222452988,0.014844978930572884,-0.0024432539209940022,0.14631945165594237,0.07404848141018339,0.5160176476779931
9,3,0.5657783060390311,0.040941344104180925,1,0.025444406542973735,0.024422150934072153,0.01591174856198547,0.20708551531327965,0.18004880664629827,2.2042046958309918
9,10,0.7243476202354787,0.038732454367052326,0,0.01729480284273983,0.04457607877790107,0.16247673861483772,0.713012858179565,0.5510951048838898,22.029808427762198
9,30,1.3286264001435641,0.05953458328107719,0,0.015905114654733248,0.07357724241943929,0.7391440430693915,1.7682592894151086,0.6164564244142854,46.48780025576731
9,100,1.4381943309166747,0.06189282575154959,0,0.015905114654733248,0.07572501613561,0.8465642001263313,1.9184549966946962,0.6164564244142854,49.41572495504939
10,1,0.5874510013669711,0.043198846812435375,0,0.07393934984220205,0.006399880219712958,0.007111771305056318,0.19886400467776133,0.0475192294137051,0.37023761613202544
10,3,0.6366547154097093,0.043860801461960294,0,0.06952286004856686,0.0051514069134414,0.061980448447701085,0.363900020804746,0.15239515452945462,2.488107986813464
10,10,0.8754073245687708,0.04972623061549917,0,0.04647657647670763,0.003358591743260143,0.32557215634880304,1.06493544606616,0.5172461575811566,25.879364275640214
10,30,1.356148461587406,0.06764491474890526,0,0.04296026134514482,0.03884303911241822,0.774345161129843,1.881982656781326,0.5773931837443198,44.905191737949856
10,100,1.356148461587406,0.06764491474890526,0,0.04296026134514482,0.03884303911241822,0.774345161129843,1.881982656781326,0.5773931837443198,44.905191737949856
11,1,0.42987516392552116,0.040073364215898626,1,-0.0777257463691085,0.002174053419942012,0.005426856874687748,0.1611012021676698,0.0924680680789733,0.741461157545973
11,3,0.45630507497440315,0.04000246461828991,1,-0.07559206277465239,-0.0062878771083555995,0.03818501485741112,0.2837724234225909,0.16312501172396793,2.305305137051499
11,10,0.6609440065896555,0.04554465257374261,0,-0.05644467666654999,-0.025604807747922682,0.24299349100412815,0.8459602644214198,0.4852143131737964,20.42530820484275
11,30,1.1945841166321454,0.0755724646919151,0,-0.05040511829457578,-0.05058539478833572,0.795574629715057,1.8856470025719274,0.5830349165341796,45.51554010531854
11,100,1.1945841166321454,0.0755724646919151,0,-0.05040511829457578,-0.05058539478833572,0.795574629715057,1.8856470025719274,0.5830349165341796,45.51554010531854
12,1,0.4782232218993457,0.04043399034782853,1,-0.022226253802303007,0.0008499429322941338,-0.00040046723064549657,0.12103996785877362,0.08242100712101391,0.5302968388539478
12,3,0.508232469303111,0.039392959068819615,1,-0.02106386068837329,0.007491013717889115,0.021805316273595245,0.2004542076019476,0.19633339096882443,2.463498246944841
12,10,0.6735858564748046,0.03829366730477097,0,-0.014209528211794215,0.004456803452000004,0.1833385812345988,0.7059957281238837,0.570889602833252,23.05175692304357
12,30,1.2929682712516717,0.066582683791419,0,-0.013375959869538188,-0.014650823617160134,0.82099505473837,1.893893390463773,0.6167620104960093,48.967138220119764
12,100,1.38898966964503,0.06851516739067014,0,-0.013375959869538188,-0.014490090140859052,0.9168557196554271,2.0288551423230086,0.6167620104960093,51.59939542084684
13,1,0.4785583728673201,0.043677920355436606,1,-0.022879736373591253,-0.0040046778542301925,0.005442787095141599,0.1961878020462298,0.11242231307816782,1.0971415767379857
13,3,0.5052195461209333,0.0432278552441823,1,-0.021832301292981828,-0.0029744355892092774,0.030026283003124262,0.2704393287081,0.2226511907110298,3.4717758234785636
13,10,0.641564721342349,0.04107981882653957,0,-0.015696651144436007,-0.011496491295844178,0.16875786378262922,0.7455716464018429,0.5452053283130175,22.254164874340212
13,30,1.1552782562617456,0.05705622238125922,0,-0.014222177353416741,-0.034058385939306914,0.7035588195544693,1.6865685615407706,0.6146790579304976,44.731325671322644
13,100,1.31451952780791,0.06223405817907482,0,-0.014222177353416741,-0.02965689444296539,0.8583985996042923,1.8928582065171513,0.6146790579304976,48.74115460671558
14,1,0.47367134755472007,0.04170202506685124,1,-0.03128159187258673,0.002519125587204764,0.0024338138401020265,0.14749013468563027,0.09127598409601424,0.6891745381846072
14,3,0.5033167944802591,0.042178882150386114,1,-0.030104006983250088,-0.00017404020537143124,0.033594841668880625,0.3046915631235415,0.18310340618933202,2.824449020661014
14,10,0.7075103708278269,0.044852419040574056,0,-0.02192570378366832,-0.003038520796727471,0.23247459540822257,0.9069371786363215,0.5057471644591293,22.59324378107549
14,30,1.2350467550582922,0.06250183977631064,0,-0.02012426926444072,-0.016975996401544072,0.7721470207242772,1.8512807569387781,0.5776441452709168,44.368471078199285
14,100,1.2350467550582922,0.06250183977631064,0,-0.02012426926444072,-0.016975996401544072,0.7721470207242772,1.8512807569387781,0.5776441452709168,44.368471078199285
15,1,0.5290841212869034,0.04220896130912208,1,0.02173866314226812,0.005255829745367078,0.002089628399268294,0.16624722540186396,0.09176994397582765,0.7487710986558851
15,3,0.5635359911221501,0.04285159855434237,1,0.02135223423743032,-0.005193609363223135,0.047377366247942934,0.3442294757511959,0.12799819786647187,1.9114163176461714
15,10,0.8133735799203317,0.0487064973230622,0,0.01656092556389754,-0.015098148909104825,0.31191080326553894,1.0302710194025921,0.4214701746456847,19.3488896406169
15,30,1.2435690318733552,0.06111621788902054,0,0.013599844661418743,-0.013656581375655012,0.7436257685875917,1.820827772792593,0.5774462636120944,43.79357318566528
15,100,1.2435690318733552,0.06111621788902054,0,0.013599844661418743,-0.013656581375655012,0.7436257685875917,1.820827772792593,0.5774462636120944,43.79357318566528
16,1,0.5549131703990835,0.04078861517534417,1,0.05291244369364502,-0.007060822631320867,0.009061549336759445,0.16949330806899082,0.09235811022905878,0.7647684597537501
16,3,0.5794559054671318,0.040053190513781346,0,0.04965187346689102,-0.014839132237021815,0.04464316423726254,0.3115975755776021,0.20092970932269524,3.256575463695479
16,10,0.755271943040753,0.04139023969312824,0,0.03336654674262232,-0.028993111815327176,0.2508985081134578,0.9159254241704621,0.5864013473704592,27.858605021274453
16,30,1.3364897444512551,0.06567749957570893,0,0.03210905122062145,-0.03540517395952959,0.8397858671901631,1.8959605199349872,0.6213581770442683,49.46297335924631
16,100,1.3609713891545883,0.06589175663578704,0,0.03210905122062145,-0.03294327195994093,0.8618056098939079,1.9253657239048643,0.6213581770442683,50.04075829459462
17,1,0.4757102675117911,0.03982324847159287,1,-0.027135264816507586,-0.00033952680349928375,0.0031850591317979502,0.1309161759216692,0.08543588755145139,0.5845226938557251
17,3,0.5215527966207114,0.03889649154035781,1,-0.02544612978582505,0.003519773596954472,0.04347915280958188,0.32330758832128775,0.20826352522692115,3.5008587452897872
17,10,0.8009168851792727,0.041734774236601914,0,-0.01722286001265616,0.01145289117264887,0.30668685401928,1.0269475339870378,0.5554784048083,27.796529295359445
17,30,1.3251922322795258,0.06092171626623527,0,-0.01667301906035009,0.026477680571992082,0.8153875707678839,1.86005192179471,0.5799200789985708,44.74587330762718
17,100,1.3251922322795258,0.06092171626623527,0,-0.01667301906035009,0.026477680571992082,0.8153875707678839,1.86005192179471,0.5799200789985708,44.74587330762718
18,1,0.5188399206311359,0.042434293263786324,1,0.02273476508006052,-0.004235269867584231,0.00034042541865951433,0.13890487784306835,0.09740767764675703,0.7279138552244852
18,3,0.5531392143856048,0.043210456130673446,1,0.022237979097511795,-0.005517435812770233,0.03641867110086307,0.2970957552815964,0.1346794621988526,1.8389041169130973
18,10,0.771554384350616,0.05145534748300572,0,0.01696654066246096,-0.019722985576369936,0.27431082926452505,0.9187316323579356,0.4357836428478454,18.66615346138824
18,30,1.36853346866276,0.07328570435988274,0,0.014048361585264825,-0.026676887004234328,0.8811619940817297,1.9474927480122635,0.5889115570045386,47.23550456290181
18,100,1.3962411937280441,0.07252763197944571,0,0.01388814222302982,-0.02366898918100216,0.9060220406860162,1.980310382055232,0.5986134392451794,48.818561306781625
19,1,0.4091119381379602,0.04033400897388846,0,-0.10107815634756266,0.0007458774823756444,0.009444217003147225,0.14682574254986572,0.14374516297714018,1.3208252614089135
19,3,0.4383400687297924,0.04001557218454576,1,-0.09466354061343384,-0.009191269811526216,0.04219487915475242,0.2697011840607114,0.28671250116244396,5.044805564696974
19,10,0.62519934301504,0.04346061332027893,0,-0.06656212855709331,-0.018400800912482036,0.21016227248461533,0.7871274669846007,0.6303363775297788,28.254287606833774
19,30,1.2272395780993752,0.0790214152945233,0,-0.06656212855709331,-0.059260704254800664,0.8530624109112692,1.8792331973308884,0.6303363775297789,50.023216332382134
19,100,1.3219527284960173,0.08075008078908807,0,-0.06656212855709331,-0.07598828140907886,0.9645031384621896,2.0347840473560845,0.6303363775297789,53.12380931830416
20,1,0.412660918842171,0.04206592238376312,0,-0.08312302130762526,-0.014256694821405598,0.010040634971201954,0.17742880120037674,0.11733482009999027,1.0937065050593517
20,3,0.4444286805866924,0.04191752855052193,1,-0.076284073835218,-0.020722662999083503,0.041435417420993936,0.30379786165541894,0.26461776321038266,4.75647262479195
20,10,0.6378840035865532,0.04379592625191275,0,-0.0494893140915326,-0.027691817901320387,0.2150651355794061,0.8701981693922406,0.6319015283688778,30.01567846914303
20,30,1.2603317027515444,0.07422860161748861,0,-0.04948931409153259,-0.0489394287289835,0.8587604455720605,1.9423606338005306,0.6319015283688779,51.44014439928741
20,100,1.3414748712601055,0.0787607422651305,0,-0.04948931409153259,-0.04910441154804601,0.9400685968996845,2.088195318227157,0.6319015283688779,54.35428319042289
21,1,0.5318505688860943,0.045146093148302896,1,0.03101516746603506,-0.005501434620321441,0.006336836040380654,0.16480848841701087,0.11577400896105357,1.027239352664344
21,3,0.57172936800269,0.043172770627174395,1,0.028630414497016813,0.0025598284885246913,0.040539125017148514,0.29252496857770394,0.25899595085148286,4.51705069233043
21,10,0.7807130024730915,0.04215409553292664,0,0.01980064459080702,0.014572994571477234,0.2463393633108071,0.8810771738991939,0.582104688083148,26.93391007710562
21,30,1.3884606676243454,0.06557456471205966,0,0.01980064459080702,-0.012321972082538216,0.8809819951160768,1.9063441204866025,0.5821046880831481,45.80678464035467
21,100,1.404952278840108,0.06607510312997514,0,0.01980064459080702,-0.018006229901180313,0.9031578641504814,1.9410038908490268,0.5821046880831481,46.44479360047799
22,1,0.49406026708507833,0.04292774351648412,1,-0.01749483193049475,0.010125067060837769,0.0014300319547353737,0.1559414025001399,0.079218903314621,0.5891051808772643
22,3,0.5459612603616617,0.0430859580321323,1,-0.01694444933865251,0.018426314559038037,0.044479395141276155,0.3522691829766935,0.13422841620095638,2.0650243033910742
22,10,0.8118288959358612,0.04765436771156673,0,-0.012309588433356914,0.023279503333291676,0.30085898103592645,1.0618213429831156,0.4638059640683093,22.376119999476828
22,30,1.3457122289918875,0.06385660166936946,0,-0.010256519250779134,0.02299261392741327,0.8329761343152531,1.995361082232091,0.6095248313568747,50.20883103287242
22,100,1.3457122289918875,0.06385660166936946,0,-0.010256519250779134,0.02299261392741327,0.8329761343152531,1.995361082232091,0.6095248313568747,50.20883103287242
23,1,0.4715185559511287,0.04115934219150665,1,-0.04382722052921348,0.01844097031701763,-0.003095193836675399,0.08099327992096356,0.09179513348209382,0.5015731436956842
23,3,0.4936216529479545,0.042037985530881526,1,-0.04250840126065356,0.01386563270171366,0.02226442150689437,0.21604399145151593,0.1749796066435475,2.163666911506298
23,10,0.7344327726178942,0.051342434312206274,0,-0.03138213488210688,0.01481169708538626,0.25100321041461476,0.8751154871897238,0.5030658033432173,21.9245731267516
23,30,1.3280631854866998,0.07418336981210237,0,-0.02740811787735568,-0.002278142725458262,0.8577494460895135,1.896754961219366,0.6191529971419125,49.259809553523915
23,100,1.3280631854866998,0.07418336981210237,0,-0.02740811787735568,-0.002278142725458262,0.8577494460895135,1.896754961219366,0.6191529971419125,49.259809553523915
24,1,0.4257396391160622,0.042262991292039274,1,-0.07228276918055133,-0.0023378133385889535,0.0003602216352025948,0.12789321314255345,0.08283281765789646,0.5519765422539312
24,3,0.46191048362074416,0.041672500846725774,1,-0.06792820539209483,0.012587946517198231,0.017250742495640764,0.2313974653622062,0.19347611658107466,2.5994836477420513
24,10,0.6360182870155163,0.041742107172558544,0,-0.04585824085503685,0.026186507387569925,0.1556900204829832,0.7858128164568214,0.5558057626328575,23.58045110667622
24,30,1.2189547294314413,0.06334212536207921,0,-0.043488988337152625,0.04038979316648153,0.7220539246021124,1.7584837950158803,0.5971104616388688,44.479015607696255
24,100,1.2876468643042764,0.06305867088048987,0,-0.04289013878846276,0.04268262793407209,0.7878543751586672,1.8397001429329245,0.607550317991264,47.01762322982069
25,1,0.5640798554620258,0.03901611988996946,1,0.05600264561304258,0.009496887428161703,-0.0014196775791786081,0.1025259615953161,0.04352285232362477,0.20100894492282376
25,3,0.5907622580418235,0.03924683782020292,0,0.05398057229973881,0.01688927498981098,0.019892410752273677,0.22855282266833624,0.13321643076244666,1.5240157216010493
25,10,0.8095987899089185,0.04037215029041322,0,0.038023070490742404,0.04630631091602011,0.22526940850215596,0.8444574977811671,0.49813653089310134,21.149159046520356
25,30,1.4054665061823763,0.06428072618045234,0,0.03367689774858275,0.08793163028335131,0.7838579781504426,1.9054915444111615,0.5941882867233006,46.968692690302525
25,100,1.4054665061823763,0.06428072618045234,0,0.03367689774858275,0.08793163028335131,0.7838579781504426,1.9054915444111615,0.5941882867233006,46.968692690302525
26,1,0.505348360501628,0.043724794794283636,1,-0.004859738736941674,0.00854293529809235,0.0016651639404772535,0.14126700577646284,0.060098292922103114,0.3826896941392817
26,3,0.5419990532757849,0.043951630078107574,1,-0.004694204226382637,0.016961082423159784,0.029732175079007814,0.2693066033515824,0.13992683222570412,1.8108067802661718
26,10,0.7765483302334703,0.045640103645245234,0,-0.003332087881321928,0.03465832763431412,0.24522209048047808,0.875398001346327,0.48645608194109496,20.949526661621682
26,30,1.4166868758551827,0.06874292919238009,0,-0.002793373066422473,0.05557016814910519,0.8639100807725,1.961801972340143,0.6272833597029228,51.358239856618255
26,100,1.4166868758551827,0.06874292919238009,0,-0.002793373066422473,0.05557016814910519,0.8639100807725,1.961801972340143,0.6272833597029228,51.358239856618255
27,1,0.4789000835639891,0.04189620080736054,1,-0.023536774323958197,0.00019594040820568437,0.002240917479741665,0.13981857623214206,0.08317556670585291,0.5865286418260345
27,3,0.5148160472853862,0.04149093818822775,1,-0.02241703544975484,-0.003855478266522904,0.04108856100166397,0.3001847305837788,0.19272612391531777,3.0040625344183036
27,10,0.7536266553226421,0.046454671117095316,0,-0.01595058467397677,-0.006504970782323964,0.27608221077894285,0.938764862783563,0.5405142186596779,25.28466702836351
27,30,1.242404442977771,0.06664857855898035,0,-0.015124237220526141,-0.02684033121823946,0.7843690114165369,1.8369598211176912,0.5826619690872162,44.58247340153106
27,100,1.242404442977771,0.06664857855898035,0,-0.015124237220526141,-0.02684033121823946,0.7843690114165369,1.8369598211176912,0.5826619690872162,44.58247340153106
28,1,0.45060236773188594,0.043403049297517135,1,-0.056448204625367766,-0.003875243403465603,0.0109258157607192,0.17111680913360489,0.08311195172896194,0.6681718296614851
28,3,0.5124418998328122,0.04398896157317129,1,-0.05344125645545487,-0.006026727460732553,0.07190988374899955,0.39025897263266246,0.1959581028227326,3.632634394995324
28,10,0.8414325756041328,0.04889215325794214,0,-0.037626940202940704,-0.012608571583779421,0.39166808739085296,1.1509829041498731,0.5351429301683093,28.53381064461848
28,30,1.2893368974464197,0.0625882991784245,0,-0.03477110112369715,-0.02049830338157949,0.8446063019516964,1.9168225127275988,0.5976351343934514,47.52043923251875
28,100,1.2893368974464197,0.0625882991784245,0,-0.03477110112369715,-0.02049830338157949,0.8446063019516964,1.9168225127275988,0.5976351343934514,47.52043923251875
29,1,0.3898171874587939,0.04131663897473637,0,-0.11496776260624929,0.00326511103160967,0.0015198390334334965,0.18708813675241293,0.06480045025270137,0.5161625766467022
29,3,0.41452226753820914,0.04115493566549071,0,-0.11009550440161447,-0.0019370011813219267,0.0265547731211455,0.26918342126774075,0.12932139725792993,1.6296861150077973
29,10,0.6105176242986962,0.052744932735245526,0,-0.08059312621758404,-0.006752207976810918,0.19786295849309102,0.749735374598628,0.465652364657935,17.89685269860034
29,30,1.1897437679116956,0.09667708068580316,0,-0.06855249906308668,0.005561358964130121,0.7527349080106519,1.8294277822510017,0.5993671714671776,46.03453959214659
29,100,1.2977872131198458,0.09536023339798054,0,-0.06855249906308668,0.005481477616994881,0.8608582345659375,1.9940635934283306,0.5993671714671776,49.154989820489476
30,1,0.5110946206622357,0.04165518681346776,1,0.004785946761385409,-0.0023469084390586215,0.008655582339908893,0.15008006509337593,0.10279268599165642,0.8219856727174923
30,3,0.5628661875531721,0.04195832225329366,1,0.004522115477563856,-0.004164431332179075,0.06250850340778724,0.3520770773796535,0.22440369938084617,4.090862119935151
30,10,0.873403660932852,0.05131109981823412,0,0.0030158168310751203,-0.01532324722955729,0.38571109133133413,1.091838999389712,0.6120469774830437,32.97807385026352
30,30,1.4593402202876085,0.09156589839062187,0,0.0029459435119051592,-0.03699954999401813,0.9933938267697217,2.079235502524602,0.6318234111343233,54.166985783370116
30,100,1.4593402202876085,0.09156589839062187,0,0.0029459435119051592,-0.03699954999401813,0.9933938267697217,2.079235502524602,0.6318234111343233,54.166985783370116
31,1,0.4795939344795047,0.04278454190967124,1,-0.026673412727462986,0.008657105658172893,-0.0023897584512053496,0.17071089888616497,0.11421157951285832,1.029050886535308
31,3,0.5090000656905435,0.04223522625543519,1,-0.02557094019378818,0.011221950441226924,0.023349055443104862,0.2504455897163852,0.20698964774779968,2.9941823218996255
31,10,0.6862135269567128,0.04105670601604481,0,-0.01811339866947194,0.0023859043634639615,0.2019410212627206,0.738269421179298,0.5470712141073637,22.236278323844683
31,30,1.2185190124485392,0.06352084877413489,0,-0.015867114290968806,-0.053462907142858763,0.7878490338823667,1.750045861681935,0.6465983472988907,49.004747562487765
31,100,1.4278244226182286,0.077406682075576,0,-0.015867114290968806,-0.06474866679676688,1.008440203705964,2.0445063680605267,0.6465983472988907,55.02565076043952
32,1,0.543663925238872,0.04207725436386831,1,0.03779624335797743,0.004820023978978716,0.0010476579019158684,0.16761754567031567,0.07888408517741796,0.6149066506427422
32,3,0.5720849645977978,0.04221679814321368,1,0.036485273465468024,0.015553166902123253,0.020046524230206548,0.26378216217452005,0.13415167331933847,1.688134175385504
32,10,0.766063266704595,0.04374058068611609,0,0.02668291558226808,0.0406144251182001,0.19876592600412668,0.8185767641404151,0.46827236707005476,19.055755170527444
32,30,1.3534821715282583,0.059214278591925885,0,0.022026273230760663,0.05262415921959113,0.7788317390779066,1.8453192392748001,0.6180634198112984,48.146522038723674
32,100,1.4274801818807705,0.05974246464349616,0,0.022026273230760663,0.05025581481851277,0.8551980938314971,1.9426517027634886,0.6180634198112984,50.0488734988821
33,1,0.5171838797218747,0.04366332789028497,1,0.025897254125469955,-0.02069198247649655,0.011978608072901301,0.21159473948527685,0.10198631464429474,1.011327261226177
33,3,0.5544696063864226,0.04287463986789041,1,0.025145677188589587,-0.028548265823418267,0.057872195021251335,0.3421544464872124,0.16950598633209188,2.7426278035156213
33,10,0.7607573172297829,0.043066510780602835,0,0.018862475411522004,-0.05928907885444594,0.30118392067270705,0.9343858616106278,0.4910907083965094,22.137154728220708
33,30,1.2418114580119393,0.06609394760595953,0,0.016808617978376694,-0.08811008923968176,0.8131129292732442,1.8688790854651791,0.5812107290884982,45.03141850526884
33,100,1.2418114580119393,0.06609394760595953,0,0.016808617978376694,-0.08811008923968176,0.8131129292732442,1.8688790854651791,0.5812107290884982,45.03141850526884
34,1,0.4802801247785346,0.041192872633923176,1,-0.027762288036989324,0.012276218645162642,-0.0042338058296386705,0.14552877986567578,0.10164184519879339,0.7944551715662463
34,3,0.5107429615870908,0.04102259873520448,1,-0.026324523257619904,0.015016868075527363,0.022050616769183143,0.26435969765553785,0.2094062324156706,3.1372810715753308
34,10,0.7198514806170934,0.0444597870713742,0,-0.01840428654609623,0.025633761808748132,0.21262200535444156,0.8473148269289861,0.5676611457379944,25.40026424476282
34,30,1.263206877366512,0.06642958341678627,0,-0.017596250584066317,0.01637838991302848,0.7644247380375498,1.8273840536541692,0.6047244572451744,46.50937258737308
34,100,1.3671451995980919,0.06959815884453088,0,-0.017596250584066317,0.022528367785373177,0.8622130823967851,1.9685616961658743,0.6047244572451744,49.20912202172535
35,1,0.4827700960735493,0.043248999092741776,1,-0.03564975784077779,0.01563475912911199,0.002785094785215229,0.11836654320079419,0.08779179751700421,0.5723409912010957
35,3,0.5300798594590075,0.04302630595861052,1,-0.033910441258941194,0.019874026408653746,0.04411627430929486,0.2856092592657584,0.20291038206816264,3.1346300901859965
35,10,0.8412578941100006,0.0468158731835203,0,-0.02293708230953094,0.027694720632118,0.3365002557874137,0.9936609357048434,0.5679081627939474,28.043958599038035
35,30,1.409313754050753,0.06988969099111271,0,-0.021530867410688655,0.018161726246676845,0.9126828952147645,1.9477826279700838,0.6157069037491145,49.912068830921484
35,100,1.409313754050753,0.06988969099111271,0,-0.021530867410688655,0.018161726246676845,0.9126828952147645,1.9477826279700838,0.6157069037491145,49.912068830921484
36,1,0.5008655335434543,0.0429506331303683,1,-0.001423440205178213,-0.009490345819080415,0.011779319567712842,0.189895730897595,0.11192069134746223,1.0682016656274818
36,3,0.54121052294815,0.045436428142358216,1,-0.001382478190570903,-0.023551037304531973,0.06614403844325273,0.38211443286430213,0.18332601024037667,3.278015139803124
36,10,0.8505938079217598,0.06258453232204411,0,-0.0010210508236286522,-0.05005192153332084,0.4016667802787092,1.1020117296199339,0.5060142022623356,25.73094606421214
36,30,1.419872113240939,0.08741763046701785,0,-0.0008835414794053895,-0.07775751545264266,0.9985131701729871,2.0514207344285476,0.6217838441062338,52.56196948990359
36,100,1.419872113240939,0.08741763046701785,0,-0.0008835414794053895,-0.07775751545264266,0.9985131701729871,2.0514207344285476,0.6217838441062338,52.56196948990359
37,1,0.5258641191264736,0.042932419775533005,1,0.03204998376282471,-0.015595249828263073,0.009409385191912003,0.17792736550488925,0.11542673049824885,1.0707758084123669
37,3,0.5611263756148559,0.04322414711009341,1,0.030969609295834283,-0.036700972847811764,0.0668577391668334,0.382577606278302,0.17978215728689606,3.1971339120081184
37,10,0.8202583970839061,0.05099088581345718,0,0.024073654949743634,-0.0859541418762416,0.38213888401040413,1.0761457468495967,0.46660042369531074,22.763529777845086
37,30,1.2840464358694719,0.06492485158524497,0,0.02055616194838477,-0.12655592480646605,0.8900461987275528,1.8196641354586682,0.583735662291285,44.36517989427936
37,100,1.2840464358694719,0.06492485158524497,0,0.02055616194838477,-0.12655592480646605,0.8900461987275528,1.8196641354586682,0.583735662291285,44.36517989427936
38,1,0.5339193041456989,0.04474544937643124,1,0.047227666074404255,-0.02139269225034677,0.008084330321641483,0.22077205520379636,0.07821826953229877,0.7395462486526935
38,3,0.5874336857230982,0.044709588111204276,1,0.04441816916230381,0.0023574087406579743,0.04065810782013628,0.3640482035062712,0.1542227729352063,2.5275828282069863
38,10,0.8363862328649891,0.04773313982879843,0,0.029728761601601057,0.016740166349944678,0.2899173049134434,1.0389452513017068,0.5256119388876872,26.00498838524927
38,30,1.3777901309474054,0.061057302063398086,0,0.026722132966784204,0.0361114218816737,0.8149565760989474,1.897490960688006,0.6083985418335487,48.21143755127855
38,100,1.3777901309474054,0.061057302063398086,0,0.026722132966784204,0.0361114218816737,0.8149565760989474,1.897490960688006,0.6083985418335487,48.21143755127855
39,1,0.5261902419376148,0.04160265969351279,1,0.01829898449927326,0.011553701992359725,-0.0036624445540182422,0.14386921924507773,0.10938925861042545,0.8760697227309009
39,3,0.5577673743882386,0.040693918748382,1,0.017250642556629413,0.013742144298058189,0.026774587533550987,0.291060133949005,0.23578609560224684,3.9282766663203232
39,10,0.7459968672922365,0.04222283997787282,0,0.01228372363780346,0.015713190959162307,0.21799995269527084,0.8941940268834123,0.5766133761128683,26.818872768064523
39,30,1.2790381759589848,0.06178385068495833,0,0.012283723637803456,-0.023189595975544958,0.7899440482967262,1.7651016311445435,0.5766133761128686,42.69910303059759
39,100,1.3026641613456678,0.06208171901340571,0,0.012283723637803456,-0.020269734511407626,0.8106501722192717,1.7874279161163258,0.5766133761128686,43.10620310013898
40,1,0.5023264759724142,0.04056697392114252,1,-0.00037378408339182854,0.004513070669404858,-0.0018128106135988466,0.12101357572136968,0.08066397139275294,0.5144428680594718
40,3,0.5309835880265872,0.04009105399805554,1,-0.00035167610375204465,0.010486607658058892,0.020848656472280402,0.24444067167416766,0.21451104512704758,3.113269074184945
40,10,0.7110302645956424,0.04668726545542344,0,-0.0002527897699444191,0.006167280846176163,0.20511577351941068,0.8495236108934524,0.5414180588271537,23.81451028945484
40,30,1.1929297404574914,0.06761998061541878,0,-0.00023748804793221327,0.01239890601784999,0.6807683224875736,1.7212356249898575,0.5930042309757976,43.39764478516352
40,100,1.3097771392676767,0.07041655909548096,0,-0.00023748804793221327,0.004077235934185893,0.8059373913814227,1.9232514748582668,0.5930042309757976,47.18593495351514
41,1,0.45159945547786173,0.04089606854314879,1,-0.044595364644563075,0.0014470027343341805,-0.005252182611909372,0.14118412511786443,0.11514947709602777,0.9333993857926829
41,3,0.48187930339088775,0.04018238783514581,1,-0.04258924912732628,0.015556830594508655,0.008911721923705308,0.2040356264770067,0.22815392116839703,3.118187287135445
41,10,0.6303416229436755,0.0382944231467979,0,-0.03023570799781232,0.019354181882666306,0.1412231490588214,0.6851260532994076,0.5641197947717883,22.285339466234845
41,30,1.2329456329989472,0.06165759897097831,0,-0.028559066060966885,-0.014745893922427115,0.7762505929823406,1.7562595868812703,0.6117901396719573,45.813480935162374
41,100,1.3876783868012015,0.06747697466533124,0,-0.028559066060966885,-0.017871275968799595,0.9341087288309677,1.9981341629560803,0.6117901396719573,50.49290812600634
42,1,0.5266403263304614,0.0433698435282751,1,0.015126047871339242,0.008073102048090287,0.003441176411031746,0.16558683354472956,0.11686574101308889,1.0438371634006542
42,3,0.5391886920857455,0.04224796069435267,1,0.014218797717577482,-0.0025449418335669652,0.027514836201735008,0.24273318264391203,0.2330488252513886,3.506347320868805
42,10,0.6964791458825523,0.04162452049956099,0,0.010076144506789992,-0.0014741367510369351,0.1878771381267993,0.7543787554261623,0.5850181668129081,24.778707510504624
42,30,1.2856046982951086,0.07269468385724868,0,0.009776309323745498,-0.04194252074228448,0.8177709097136477,1.848418979850408,0.6089703592773326,47.32276635863864
42,100,1.324909024713234,0.07396530450685568,0,0.009776309323745498,-0.049386555682228106,0.8645192710717168,1.9107654668646847,0.6089703592773326,48.5233934596359
43,1,0.47694550675718395,0.03954653029043514,1,-0.016495891384970204,-0.016115146969193226,0.00955654511134723,0.17499779835262252,0.08297383334201368,0.6768822183077481
43,3,0.5046136922463146,0.03945250846105113,1,-0.015691701794463143,-0.012384946705062542,0.03269034074584025,0.2510913335142485,0.17874934833132064,2.429696251343562
43,10,0.6608394549955039,0.04181427414102109,0,-0.011043539166893237,-0.02643522313025658,0.19831821729265364,0.718561370206857,0.5322422488518055,21.052247861255545
43,30,1.2208244120908587,0.07587447268608162,0,-0.00981157260813404,-0.05317594712082372,0.7838119318198163,1.814640404625168,0.621985409921896,47.925763293240735
43,100,1.3323763886882387,0.07941866262731083,0,-0.00981157260813404,-0.05774331491120731,0.8999312762075805,1.9947111359169478,0.621985409921896,51.46755752049052
44,1,0.5172579422118665,0.04224383047788658,1,0.00768310318958114,0.004048916553971771,0.005525922468313589,0.18964861536208732,0.06870306656034364,0.561290142945525
44,3,0.5499322679983634,0.04230584535256489,1,0.007403419366490824,-0.0025000011104391612,0.04502884974231169,0.34868377516931504,0.1451720864861819,2.267166060811442
44,10,0.766740821572526,0.04543474058195878,0,0.005572408899812948,-0.006028710737905965,0.26719712341061885,0.958655202852687,0.45504594071821963,20.342899514282145
44,30,1.2405710074481295,0.058486676914602034,0,0.004699098504757702,-0.0016242657542478317,0.7374961746976194,1.7630453014196394,0.5884431274016433,43.756980056921826
44,100,1.2582632242631429,0.05881393006283986,0,0.004699098504757702,-0.0020768133641849954,0.7556409391225702,1.784953339912646,0.5884431274016433,44.16464934062963
45,1,0.5386180508516997,0.039784508744348336,1,0.027815031656078428,0.010244884706197057,0.0005581344894241583,0.07846668281303502,0.09743637846765689,0.54199406549431
45,3,0.5813319923239342,0.038965162923102196,0,0.02612060931207428,0.017332696330261698,0.03787868668159829,0.24160308412109718,0.22797561949947998,3.3852971612860725
45,10,0.8116252329072527,0.04216966851858714,0,0.01768135034269064,0.03202449548512064,0.2619193870794415,0.8721146264608173,0.5906427159129802,27.321034465243955
45,30,1.4292210791342483,0.06807742416076817,0,0.01705998440117559,0.01823681727369081,0.8939242774593817,1.9204872579219803,0.6171230073510875,49.521827198024155
45,100,1.4292210791342483,0.06807742416076817,0,0.01705998440117559,0.01823681727369081,0.8939242774593817,1.9204872579219803,0.6171230073510875,49.521827198024155
46,1,0.5287020146352948,0.04025532540683472,1,0.02436486504020065,-0.0026171318245289342,0.006954281419623169,0.1398145874165813,0.0751350975269958,0.5107162392809221
46,3,0.5728690376648763,0.040037446015336,1,0.023259929251984234,-0.004611189375428344,0.054220297788320417,0.29684293821438185,0.17560522863524072,2.623563686482571
46,10,0.8297218401568304,0.04275876725358299,0,0.015317526973209959,-0.011601042070902708,0.326005355254523,0.9573354820196243,0.569192388441587,27.476652526590644
46,30,1.4177510033036678,0.06943333989271146,0,0.014129037976800275,-0.0062992193851895235,0.9099211847120571,1.9834983181562553,0.6291835080263646,51.98330106998827
46,100,1.4177510033036678,0.06943333989271146,0,0.014129037976800275,-0.0062992193851895235,0.9099211847120571,1.9834983181562553,0.6291835080263646,51.98330106998827
47,1,0.5625389826142617,0.04274360794730553,1,0.05249578669803903,0.015242113594998502,-0.005198917678775761,0.14689174788011802,0.09267898362921777,0.7021259449561181
47,3,0.5986712400646146,0.042595279658647504,0,0.05009549970321829,0.019979746916700406,0.028595993444695905,0.3289701698183871,0.16944455541618755,2.670659271765432
47,10,0.8104135148517372,0.04399484258786094,0,0.03425194272515792,0.020862441653458446,0.2552991304731207,0.9826041440806893,0.5415821100600432,26.103716888608
47,30,1.331278692783584,0.06245965387437519,0,0.031447668360524636,0.015031965286650475,0.7847990591364089,1.847130204204417,0.6108673815332771,47.4819326565635
47,100,1.389697392023477,0.06418599616733421,0,0.031447668360524636,0.013962818465930319,0.8442869051970222,1.934838891598942,0.6108673815332771,49.17622967801991
48,1,0.5409270319820447,0.04222066340237556,1,0.040633498952825815,-0.004645892935801994,0.004939425965020891,0.15589994139887753,0.08348008614936475,0.6319326596103053
48,3,0.5726783418957704,0.04202277052952733,1,0.03941338521055941,-0.002385050865154883,0.03565000755036562,0.27917538519141555,0.15687803527655042,2.1632257261998813
48,10,0.7777910046239022,0.043851484595455625,0,0.02913778215652903,-0.0073615729623065645,0.25601479542967964,0.8552761482310761,0.4885499139566754,20.761178416559613
48,30,1.3493559191468925,0.06259769032903682,0,0.02509789857727535,-0.008130754817964617,0.8323887753875817,1.8677679539806262,0.6096122146148146,47.75802043075101
48,100,1.3917113062630053,0.06383092942478961,0,0.02509789857727535,-0.006896843651764915,0.8735102513374947,1.9258704512384985,0.6096122146148146,48.87809892588658
49,1,0.49561981195518795,0.04178302433625804,1,0.0010603272943029874,-0.009060915149725405,0.003620399810610231,0.14299038103561776,0.07189989344061987,0.48859048751096557
49,3,0.5290681063223875,0.04232670739372763,1,0.0010336876284669494,-0.0041715682876950445,0.03220598698161559,0.29971369600572245,0.1450688598797604,2.04043114522958
49,10,0.7481832238249126,0.04650186118677105,0,0.0007633565511947167,-0.0015232188970657062,0.24894308617078353,0.9289645644361851,0.470378031625696,20.81474451773888
49,30,1.3140806936246119,0.06697087615574707,0,0.0006493321602603444,0.01587993575943409,0.7975514257049171,1.9024041729344798,0.5971915067853404,47.20449848943764
49,100,1.3140806936246119,0.06697087615574707,0,0.0006493321602603444,0.01587993575943409,0.7975514257049171,1.9024041729344798,0.5971915067853404,47.20449848943764
50,1,0.4911652342385589,0.04252577723455795,1,-0.017477508925087724,-0.009114863795982944,0.017757606959629593,0.2504337145628433,0.08820836249735062,0.9446059549556063
50,3,0.5236802861905479,0.041376765148319665,1,-0.01650590673889292,-0.030342863968516272,0.07052905689795708,0.4056934524007785,0.2007784620905314,3.850594773078271
50,10,0.7371230103491775,0.041406060072245454,0,-0.011069324535472975,-0.06473513153015831,0.3129274664148087,1.0102441953237167,0.575645674683243,28.868769358629557
50,30,1.2376583027376924,0.06234912610816421,0,-0.010949608028068847,-0.07633903461773782,0.8249469453834993,1.857076264338821,0.5867456809089437,45.34396170664752
50,100,1.2376583027376924,0.06234912610816421,0,-0.010949608028068847,-0.07633903461773782,0.8249469453834993,1.857076264338821,0.5867456809089437,45.34396170664752
51,1,0.5577869280309473,0.042857126813490735,1,0.04856121026403519,0.010452159130410112,-0.0012264413634980257,0.10454716153252659,0.0911385866659281,0.5639771214942025
51,3,0.5991723298453939,0.04354462776913946,0,0.046872815520510584,0.012923631949192974,0.039375882375690306,0.3050059147611872,0.14299556386303452,2.0258253996561684
51,10,0.8645160567097974,0.053602083446649164,0,0.035215344167963715,0.03296912429029468,0.29633158825153905,1.024564385852422,0.4452283106031275,20.693733742054636
51,30,1.2701191510530294,0.06624022066740114,0,0.03035418637313864,0.05235445611460579,0.6874105085652853,1.7303114628301652,0.5616555596358325,40.70787448188433
51,100,1.2701191510530294,0.06624022066740114,0,0.03035418637313864,0.05235445611460579,0.6874105085652853,1.7303114628301652,0.5616555596358325,40.70787448188433
52,1,0.49741961340460394,0.04252119966868529,1,-0.004049386004763099,-0.0019313199291892131,0.0034003193385562245,0.14332535345701952,0.11286868560595019,0.9144132032851653
52,3,0.5260582777831639,0.042012067301699624,1,-0.00387880833862057,-0.011343479946081364,0.04128056606786597,0.2825436246502473,0.20363178721978725,3.1306791705362107
52,10,0.718416881235238,0.04390445355424642,0,-0.0029108120619698043,-0.030605255193226936,0.25193294849043446,0.8444720208333859,0.5131353286756243,22.029573882062454
52,30,1.2664029810359634,0.06889909083509554,0,-0.002623450297934522,-0.08937984815807158,0.8584062794919693,1.8868081141043163,0.5954862989899478,46.743912834593424
52,100,1.2664029810359634,0.06889909083509554,0,-0.002623450297934522,-0.08937984815807158,0.8584062794919693,1.8868081141043163,0.5954862989899478,46.743912834593424
53,1,0.5155242063178886,0.04158068659622265,1,0.010163240546896771,-4.402580084703417e-05,0.0054049915718390185,0.12330420233529515,0.07915419975599965,0.5067686814244373
53,3,0.543500704261382,0.04155800254992144,1,0.00971708528996502,0.0005162132328419191,0.03326740573857502,0.24476730501430333,0.1739190897057305,2.302693326366705
53,10,0.740019956934858,0.0432986895868928,0,0.006842400763191066,0.014718693503977361,0.2184588626676895,0.8539380468945998,0.5238135443619079,22.82168176933277
53,30,1.3118533391431202,0.06633410879324411,0,0.0063082279359502735,0.04981044430442145,0.7557346669027483,1.8351858705330861,0.5845753974851835,44.73145805279202
53,100,1.3118533391431202,0.06633410879324411,0,0.0063082279359502735,0.04981044430442145,0.7557346669027483,1.8351858705330861,0.5845753974851835,44.73145805279202
54,1,0.4968694966786267,0.04175223147556168,1,-0.003208302534144681,0.005362279383003263,-0.005284480170231937,0.13282953021354438,0.08165409140902148,0.5538243989863446
54,3,0.5244137376499384,0.04106738552400825,1,-0.003048394813133094,0.015085471357953418,0.012376661105118194,0.21774492222434647,0.1952640366143586,2.5502440053428117
54,10,0.7008971570985004,0.03969267564938219,0,-0.0021048449571945595,0.027957356996143788,0.17504464505955114,0.7600321479933203,0.5622113733311331,23.5077506117041
54,30,1.304128602048484,0.06398972525535006,0,-0.0019624294320053277,0.02472846931619035,0.7813625621642989,1.8981367676977876,0.6155151933071356,48.92647448935345
54,100,1.3504605691481808,0.06512781854237873,0,-0.0019624294320053277,0.027255435682817783,0.8251675628973684,1.958640518553277,0.6155151933071356,50.104137614027984
55,1,0.523707021038255,0.042448744043741965,1,0.02195792427364877,0.004861976816370368,-0.0031128800517642094,0.12346060536567345,0.09091548684072219,0.6163312929617393
55,3,0.5547645315195565,0.042308219866288674,1,0.02084348111434191,0.01268290890274742,0.02123814150246723,0.2201002444842312,0.19174869106093972,2.4972979223280136
55,10,0.7559358091763864,0.04139492230312806,0,0.014065190753865994,0.018259959172352944,0.22361065925016735,0.7909532203309834,0.5509931505510055,23.3819840704116
55,30,1.3763388986942893,0.0655646227628823,0,0.012931023562224319,0.010541251551885551,0.8528666235801795,1.8701669104375331,0.6144707302699253,48.279666418045124
55,100,1.429963538317819,0.06789290633611171,0,0.012931023562224319,0.01349185165212274,0.9035406631034719,1.9457681856366498,0.6144707302699253,49.74869525653318
56,1,0.5498530218728633,0.04053469175277972,1,0.06442612577089699,-0.022558403236132802,0.007985299338099145,0.16788671282955653,0.09087309363537233,0.7435875861927397
56,3,0.5841927242133612,0.04045064375275204,0,0.06324736887579507,-0.013652988054789407,0.03459834339235572,0.24499237608994046,0.12657494233108,1.4872543449821691
56,10,0.716088497147189,0.04153284304916981,0,0.05000320863175548,-0.03825588153456053,0.2043411700499941,0.6945570157724915,0.4078263221089618,14.216997700905733
56,30,1.2665599221598718,0.06463833083837997,0,0.0405849964369437,-0.06396427338987205,0.7899391991128001,1.8208821780271098,0.5725928050535909,43.33859014501596
56,100,1.3310928296414095,0.06917026471508436,0,0.0405849964369437,-0.06209166639321523,0.8525994995976811,1.9410585705447962,0.5725928050535909,45.51462100276358
57,1,0.4986979705319829,0.04078318336531228,1,-0.011736000305050728,0.0006445525357023689,0.009789418301331392,0.1264138235823848,0.10458596751444359,0.763985305648643
57,3,0.5561286262633751,0.04097344011904072,1,-0.01117238754076367,-0.005475633983842339,0.07277664778798114,0.34962872068857404,0.2173056586316908,3.895864371776232
57,10,0.8832191410828065,0.049836219188830876,0,-0.00789020562516649,-0.017773475844842197,0.4088828225528153,1.1407149805867232,0.5625168994266064,30.297678417607166
57,30,1.3375901516979236,0.06890246290794765,0,-0.007402294817115443,-0.049924532819217576,0.8949169793342567,1.9112090209974577,0.609513167735568,48.58565664832203
57,100,1.3375901516979236,0.06890246290794765,0,-0.007402294817115443,-0.049924532819217576,0.8949169793342567,1.9112090209974577,0.609513167735568,48.58565664832203
58,1,0.574003553712131,0.04039229487348634,1,0.062243683145918924,0.009944162667228239,0.0018157078989839291,0.15898262208209404,0.07525021319715638,0.557385299037893
58,3,0.6075388764508507,0.040282268884086515,0,0.060011147799372895,0.012766520450914977,0.03476120820056289,0.30593747140940036,0.1375557534032182,1.929148899122106
58,10,0.8889347667746736,0.045911042813920104,0,0.04345568838851646,0.03444191812914381,0.31103716025701356,0.9821144490949828,0.4765436997375932,21.98144583104231
58,30,1.4694982126256537,0.06982731388186349,0,0.036384301144332894,0.030185578679990697,0.9029283328013303,1.9646426175650074,0.6141178963633559,50.079820693362166
58,100,1.4694982126256537,0.06982731388186349,0,0.036384301144332894,0.030185578679990697,0.9029283328013303,1.9646426175650074,0.6141178963633559,50.079820693362166
59,1,0.5067608445359142,0.043682768511644085,1,0.0038248178101956574,0.003059979016133749,-0.00012395229041522877,0.13376011124032366,0.08799945950266949,0.6171097057899815
59,3,0.5545089074606457,0.04418015068320237,1,0.003613192367765362,0.004418538717846255,0.04647717637503424,0.34366149784093875,0.19162983751978982,3.24379458872267
59,10,0.8477459239267486,0.0485381046352072,0,0.00239187411287825,0.0042355542878924094,0.34111849552597806,1.0865831405414614,0.5642590271650884,29.456698483067566
59,30,1.35842212291645,0.06508628690366709,0,0.0022195507571887894,0.009025281545221546,0.8471772906140398,1.9120305670282085,0.620242238294532,49.66744611104517
59,100,1.35842212291645,0.06508628690366709,0,0.0022195507571887894,0.009025281545221546,0.8471772906140398,1.9120305670282085,0.620242238294532,49.66744611104517
60,1,0.5399220929291655,0.043799933896753095,1,0.03172264063139681,-0.005201829168725948,0.013401281466494669,0.17007014191254663,0.08733081949965898,0.7108495621137547
60,3,0.5748718929268419,0.042145855800934905,1,0.029675420096575738,-0.018859988661667805,0.06405646149193396,0.34128787197545046,0.220315002192729,3.9126715535541314
60,10,0.7957093013828125,0.0418155563260714,0,0.02015666594546055,-0.021935687053523518,0.29748832249087526,1.0040317185431356,0.5810439081711299,29.124530982640543
60,30,1.3067504891855521,0.057956015816051976,0,0.019381030227590204,-0.018670410497927996,0.8060398694558898,1.8708671725493882,0.6087114950524901,47.72977581531641
60,100,1.3296687110345045,0.059038017302231634,0,0.019381030227590204,-0.019885466653153532,0.8301731474600679,1.9065836069171298,0.6087114950524901,48.41728673302546
61,1,0.45617164386144826,0.04078861088298,1,-0.048223717925774345,-0.0035937136187309607,0.007989075405953608,0.1596717230882384,0.11787293172512205,1.0345392044336121
61,3,0.4979003215203502,0.04026327772890829,1,-0.04658751775631349,-0.011031007241931108,0.055518846518594796,0.3412713128686018,0.20734322699815447,3.5971385595540672
61,10,0.7728897137289606,0.0472291270876294,0,-0.03422542938983377,-0.021883614407462518,0.328998757526257,1.0364468596222072,0.5407428692580266,26.96961465785947
61,30,1.2438305047027736,0.07245741314182019,0,-0.03228645959801832,-0.06384305587395926,0.839960020174751,1.9538329392404106,0.5921462619965344,47.67424714542953
61,100,1.2438305047027736,0.07245741314182019,0,-0.03228645959801832,-0.06384305587395926,0.839960020174751,1.9538329392404106,0.5921462619965344,47.67424714542953
62,1,0.4598399119674443,0.04158695390163361,1,-0.032370669039080306,-0.02008699476181633,0.01229757576834103,0.1718629363008592,0.10474608652612499,0.9162292421026504
62,3,0.4964761398146975,0.04130042482702449,1,-0.03117385186837399,-0.020612223808068066,0.04826221549113958,0.28173919727131463,0.17932794057517024,2.6146413813800193
62,10,0.7159621024792964,0.04656882714201991,0,-0.02310209640155443,-0.018547679495722943,0.2576118783765739,0.8307670698037098,0.49155347669082494,20.554528469030473
62,30,1.3180282357138866,0.07828252246759929,0,-0.020632191914713497,-0.023442591363128606,0.8621030189917289,1.8602971638342594,0.5836610210846226,45.10809242544258
62,100,1.3445276020252246,0.07831226232954147,0,-0.020632191914713497,-0.023214782066192943,0.8883745760061311,1.8951941158588406,0.5836610210846226,45.752184843637245
63,1,0.5315639548639579,0.042420146082612714,1,0.026056391974805554,0.005801919039814262,-0.0002943561506619774,0.20463863375984964,0.09058919599574838,0.8457338224912629
63,3,0.5596881455789255,0.041996985958448765,1,0.025413803246310422,0.014127314680554708,0.020147027652060497,0.274357624879451,0.09538770596929974,1.115308732903743
63,10,0.691573552375798,0.040322834499090465,0,0.01900162717294896,0.008105810132826956,0.1644661150700221,0.7310315912187557,0.4256796126715216,15.570687654878633
63,30,1.136525418849617,0.05432131405856893,0,0.015165244210652634,0.0350055323407477,0.5863546422982165,1.6359724231202388,0.6069355117433055,43.0481008162655
63,100,1.3058398934753324,0.05960818455225757,0,0.015165244210652634,0.05725711978767806,0.7334175294770016,1.875798521632033,0.6069355117433055,47.65107979129662
64,1,0.48310576303737346,0.039487329705633865,1,-0.019846822525935927,-0.004336799701664516,0.007289385264973893,0.12956746555706017,0.09544468885946532,0.679137551341387
64,3,0.5315173669467447,0.039966276485310315,1,-0.018791292397737244,0.0023759144359644124,0.0479327449085175,0.31582528919774977,0.2170025942684077,3.6563845884597117
64,10,0.804269413783094,0.04820540372088156,0,-0.012903969084549449,0.0029944130828471155,0.3141789697847963,1.0371044631882738,0.5966818503350257,30.827484027864138
64,30,1.3329530762575945,0.07419661336795552,0,-0.012315699337255388,-0.022927655154076083,0.8681964307489257,1.9658455616981474,0.6348026832060115,52.20599394969828
64,100,1.3329530762575945,0.07419661336795552,0,-0.012315699337255388,-0.022927655154076083,0.8681964307489257,1.9658455616981474,0.6348026832060115,52.20599394969828
65,1,0.5310746341453996,0.04212762119631864,1,0.023353768268462735,-0.004181899956920721,0.01190276583385739,0.1918790027880407,0.06588447417710779,0.5370373182539443
65,3,0.5684967702477108,0.04228084289503724,1,0.02195324122417672,-0.01331292078507728,0.059856449808611295,0.32824910409410313,0.17334383372586482,2.7495385337827325
65,10,0.7855824984680106,0.04457826584934665,0,0.014532260620336948,-0.026090678217220022,0.2971409160648936,0.9213720735600036,0.5487091622163055,25.508419245822292
65,30,1.468840629901386,0.07495675045581245,0,0.012902145691210577,0.00590460135139504,0.9500338828587804,2.0787561858713826,0.6369349224163906,54.69850187892905
65,100,1.468840629901386,0.07495675045581245,0,0.012902145691210577,0.00590460135139504,0.9500338828587804,2.0787561858713826,0.6369349224163906,54.69850187892905
66,1,0.5703753021281138,0.04415237483811201,1,0.06228543769798217,0.003794094042845916,0.004295770387285666,0.13882403074601096,0.08918132353294013,0.6430118241454822
66,3,0.6184717876343537,0.04477915130728268,0,0.05975563243990458,0.004804200556214968,0.05391195463823405,0.3373987423423574,0.18854001950802624,3.135730478961755
66,10,0.903912995717799,0.05078958920521389,0,0.04195649560267269,0.008108668857021528,0.35384783125810493,1.0589077792268515,0.5300857644611305,26.635955088295294
66,30,1.4449440014301234,0.07082232678490265,0,0.03892892551675949,0.0011213031139147005,0.904893772799449,1.8905684264816094,0.5865352316445911,45.94500306621883
66,100,1.4449440014301234,0.07082232678490265,0,0.03892892551675949,0.0011213031139147005,0.904893772799449,1.8905684264816094,0.5865352316445911,45.94500306621883
67,1,0.4854492370827066,0.04150300721765675,1,-0.019180723408502694,0.0024990833145809477,0.0021308771766284005,0.16720476011461688,0.08085480242541945,0.6342519245398163
67,3,0.5174533315805558,0.04101664763248314,1,-0.017412234800359114,0.009948136792588061,0.024917429588327024,0.3085163659386823,0.24278356198247567,4.232599872784543
67,10,0.7119129279347848,0.043271173675739905,0,-0.011458938513312072,0.02338537188924792,0.1999864945588488,0.8980738444207346,0.5949789638754099,28.091619660115825
67,30,1.3044808048821774,0.06790782300724472,0,-0.011458938513312072,0.046987354138027064,0.7689523892574623,1.8196148711915692,0.59497896387541,45.43030981319992
67,100,1.3225643385362953,0.06808286115526477,0,-0.011458938513312072,0.044716923245066036,0.7893063538045413,1.8449719007611425,0.59497896387541,45.9073994555895
68,1,0.4942017910885078,0.04568876361605206,1,-0.001249566563847066,-0.014880659278811407,0.010332016931166222,0.18132560694832514,0.10088793373355891,0.9003618293755685
68,3,0.5329019136432924,0.046439649625303336,1,-0.001196498488984247,-0.026554341763074835,0.06065275389535154,0.35301076502924944,0.20829453248012877,3.697234622879704
68,10,0.7911479739345099,0.05274311135355635,0,-0.0008337978506793699,-0.04949017104806528,0.34147194283325444,1.005576028526257,0.5543223501266735,27.34378913354619
68,30,1.2949928340701193,0.07636590643332353,0,-0.0007963024965160678,-0.08547894648439222,0.8812680830510276,1.8714873379797172,0.588304583712504,45.7615370319338
68,100,1.3133650134073689,0.07627300011067392,0,-0.0007963024965160678,-0.08458166387689331,0.8987429797807782,1.8917660981265927,0.588304583712504,46.13879952525256
69,1,0.5727782321306377,0.04377112623314998,1,0.06450527191774322,0.003110843514174504,0.005162116698720072,0.145522524489147,0.08137553861793631,0.5838814323383061
69,3,0.6010810229621042,0.0436905370725005,0,0.060960911774593604,0.005278202231071752,0.034841908956438905,0.2612793086826874,0.17264484704073207,2.36901301981685
69,10,0.7802418692547838,0.04699335959089596,0,0.04300276237349461,0.018507423116478502,0.2187316837648106,0.8862223627941997,0.5139637530599126,22.75717025583524
69,30,1.1924786420426021,0.06144107041870282,0,0.0392308565059443,0.03029075789177966,0.6229570276448779,1.6612755792392706,0.5834864901676672,41.419144107352736
69,100,1.2552855496489683,0.06407643968121893,0,0.0392308565059443,0.020474436175251676,0.6955802569677723,1.7712178343683012,0.5834864901676672,43.44773955216072
70,1,0.450509356979946,0.04239405939714825,1,-0.054878153176351155,0.002483507566918425,0.0029040025893787764,0.17457239227073487,0.06450701384948863,0.48769590210189184
70,3,0.4726672695939617,0.043205732534882434,1,-0.053358967083869877,-0.015788527704155522,0.04181476438198696,0.36029604479026667,0.12642251277461627,1.9458184787642228
70,10,0.7159015053845565,0.04761278367300467,0,-0.03904170339226149,-0.0426996248491027,0.29764283362592076,1.024194891449524,0.4776938616162468,22.687540920483137
70,30,1.214734743737479,0.06428975166688483,0,-0.03348318645043843,-0.01893000559325853,0.7671479357811759,1.8916550151879645,0.6026874188070713,47.53879844584458
70,100,1.214734743737479,0.06428975166688483,0,-0.03348318645043843,-0.01893000559325853,0.7671479357811759,1.8916550151879645,0.6026874188070713,47.53879844584458
71,1,0.5292941869665123,0.04356891673519521,1,0.019716864235136806,0.004549891203644677,0.005027431527730854,0.13328011915896257,0.06546692187086559,0.41145523592234695
71,3,0.576314821857533,0.04387634671211592,1,0.01843127729047701,0.010765158202992339,0.04711838636406362,0.30945138579187564,0.19346746406255186,3.0768466582219913
71,10,0.8163037405621075,0.05069973085191872,0,0.012105627569257796,0.03401293147767555,0.270185181515174,1.0128922564860114,0.5709319919706244,28.595083363254574
71,30,1.3643314358589507,0.08412733491722706,0,0.011704763040932844,0.07887683310753567,0.7737498397104823,1.9624388652333724,0.5988862426637112,48.50751688980505
71,100,1.3643314358589507,0.08412733491722706,0,0.011704763040932844,0.07887683310753567,0.7737498397104823,1.9624388652333724,0.5988862426637112,48.50751688980505
72,1,0.5151092932529047,0.040274999399806416,1,0.01268277692553009,-0.015904528960727415,0.018331045288101793,0.18883968475622007,0.09604271166426057,0.8652269281179735
72,3,0.5573279772956381,0.040150963396777185,1,0.011996029801602982,-0.02464420863157732,0.06997615612561246,0.35358128884182144,0.20424544078887966,3.60289571381835
72,10,0.8051548964680891,0.045291455601175104,0,0.008437993866122179,-0.022887776275913378,0.3196046788778803,0.9931259001672617,0.5246710567356845,25.182612625042943
72,30,1.3702823171583314,0.06227368149100587,0,0.007568278811048427,0.004574349406150441,0.8581396889411327,1.9021780291270614,0.6018361583124419,47.65572289588888
72,100,1.3702823171583314,0.06227368149100587,0,0.007568278811048427,0.004574349406150441,0.8581396889411327,1.9021780291270614,0.6018361583124419,47.65572289588888
73,1,0.5109741429303827,0.040735545166877885,1,0.0038809178586217265,0.008236297592982347,-0.001143072521221503,0.10891141391667035,0.0685963050268521,0.385050743223549
73,3,0.546674643939714,0.041709073717531096,1,0.0037897082148169886,0.010949261525016683,0.031935674199880436,0.30800542475098935,0.11835143021387703,1.595683522739609
73,10,0.8197804011589576,0.04859272177092788,0,0.0028746189514255254,0.016477448780920768,0.30042833342661124,1.0348386246848826,0.4419063079250511,20.636483289767057
73,30,1.2676166429400457,0.060674469061264336,0,0.0023932630025125584,0.023644192648344595,0.7415791872891886,1.8239074854381678,0.5888013724438386,44.92351524731986
73,100,1.2676166429400457,0.060674469061264336,0,0.0023932630025125584,0.023644192648344595,0.7415791872891886,1.8239074854381678,0.5888013724438386,44.92351524731986
74,1,0.4461341774838674,0.04330790936815966,1,-0.05781229225456221,0.004364672446852952,-0.00041820270842339206,0.15542854237115722,0.10409290275150569,0.8542684562254776
74,3,0.4657373603649065,0.04413281889611984,1,-0.05663189619091308,0.0026869299994149534,0.019682326556404665,0.2318416909835562,0.1622497800792861,2.022000007034925
74,10,0.6447513827862924,0.05196919805296504,0,-0.045244852080197656,0.009100221017203033,0.18089601384928716,0.7713380752578866,0.43723779043769967,16.71058325298769
74,30,1.1781378621942935,0.07495061789051904,0,-0.037359016956949084,0.010563562731466004,0.7049333164197767,1.7304112089867252,0.5976607197472538,43.99984106634205
74,100,1.2375131011070646,0.0747733767556692,0,-0.037359016956949084,0.012231577178282594,0.7626405408857311,1.8022509629848642,0.5976607197472538,45.35759024889508
75,1,0.5723279895197361,0.04232919098711641,1,0.06776479646086468,0.00451614275078507,4.705030808618511e-05,0.11253642143298848,0.07294611723060876,0.42786347258530266
75,3,0.5930624356008685,0.04099703127605009,0,0.06240126802397917,0.01845025777636385,0.012210909800525315,0.19922607947447332,0.21867269350203222,2.889785784753036
75,10,0.726933118049086,0.038615833814032045,0,0.040494700615534035,0.03602667455654035,0.15041174287701162,0.7283848312792418,0.5999840614468824,25.203358117360285
75,30,1.3239301162178263,0.06410520229209046,0,0.040494700615534035,0.05877319925399925,0.7246622163482926,1.7859868291608039,0.5999840614468825,45.26941209092344
75,100,1.3991008214149827,0.0669847609284184,0,0.040494700615534035,0.06537106018343417,0.7932350606160148,1.8893822453128983,0.5999840614468825,47.231150065400385
76,1,0.5252614689742406,0.041419240072908564,1,0.03668885704147605,-0.02117510138253463,0.009747713315299287,0.1928300862803253,0.12726954698587292,1.2882782504925236
76,3,0.5502628820055069,0.04108950483925691,1,0.035694810206690686,-0.02350745272789863,0.03807552452671471,0.28710036878494355,0.1877677589505239,2.8196424768460133
76,10,0.6799855380009261,0.041672341751582534,0,0.028185081352459323,-0.05169421332216669,0.20349466997063353,0.7461390275747374,0.46714051505678084,17.922905303089813
76,30,1.2317665697875662,0.06670269496111503,0,0.02380426070056488,-0.09556447860575577,0.803526787692757,1.7907203218585284,0.6137992929968809,46.671816905438874
76,100,1.2963938180531858,0.06915380299327457,0,0.02380426070056488,-0.10455065216930925,0.8771402095219303,1.9008834539351664,0.6137992929968809,48.8100874765108
77,1,0.5138552930234185,0.04261682301131291,1,0.0003219529440626683,0.005392044528331425,0.00814129555102451,0.151512991286805,0.0927391400471453,0.7163106801123473
77,3,0.5525927722804106,0.04244031934095787,1,0.0003038724100803998,-0.010210857049486323,0.06249975691981642,0.3618877344397997,0.21232740285715937,3.8554997974794736
77,10,0.8309026564328009,0.05071656778495198,0,0.00020958404961934543,-0.02356525617973075,0.3542583285629123,1.0983108612115084,0.5695080079535366,30.036458017887323
77,30,1.364121596256117,0.07855443980801598,0,0.00019945367607347475,-0.016042477432989942,0.8799646200130335,1.9849958187534928,0.6075077604783924,49.804799347300765
77,100,1.364121596256117,0.07855443980801598,0,0.00019945367607347475,-0.016042477432989942,0.8799646200130335,1.9849958187534928,0.6075077604783924,49.804799347300765
78,1,0.5525219030256107,0.040871639938386266,1,0.055416373539662084,-0.00813454586656973,0.005240075352518358,0.1716446560439742,0.0781340902913658,0.617157543275009
78,3,0.5779121889614248,0.04025848051298627,1,0.052738589495869494,-0.003111258137367299,0.028284857602922615,0.23295631860085594,0.18356482391343487,2.4178341815116693
78,10,0.7109094065505003,0.041640992239470785,0,0.03617577916340631,-0.0005981904659299244,0.17533181785302387,0.7545205866721739,0.5558893826131359,23.035389901762212
78,30,1.3086902633624862,0.08439246698897525,0,0.033642864912733106,0.025162524818985794,0.7498848736307673,1.8763913037915139,0.6117415622812572,48.132847593580806
78,100,1.3615168125302786,0.09072792933195603,0,0.033642864912733106,0.027969389803703757,0.7999045578138417,1.9676077905511524,0.6117415622812572,49.897427498091076
79,1,0.48827470771831155,0.04156440182501651,1,-0.018658041163451367,0.006583265889512352,0.0003494829922504653,0.11853584777745013,0.09431257507977847,0.6348045623630004
79,3,0.528943285747087,0.04137409353344838,1,-0.017946061168401625,0.012965955685746518,0.03392339122974209,0.26551522036933384,0.18575929580080092,2.650887915141134
79,10,0.7484043883987552,0.039659762402055446,0,-0.01236413741230831,0.01943866061381215,0.24132986519725147,0.8578338266657921,0.5586483836735058,25.023593192831427
79,30,1.388461112784933,0.06705164710972288,0,-0.011638148100973215,0.022438026604726536,0.8776612342811795,1.9790812228523955,0.6064466410252146,49.584029513783605
79,100,1.388461112784933,0.06705164710972288,0,-0.011638148100973215,0.022438026604726536,0.8776612342811795,1.9790812228523955,0.6064466410252146,49.584029513783605
80,1,0.473430271145303,0.044813016996166855,1,-0.027449973791055127,-0.0007578190546505058,0.0016380639910086835,0.15370383124882678,0.07894000926868545,0.5807493490554886
80,3,0.4993610501335341,0.04443668446665107,1,-0.026674309907893767,-0.003858741118664753,0.029894101160092734,0.27476498256245047,0.14442297663862405,1.9144546856668412
80,10,0.6929336107415024,0.04221632942392739,0,-0.01897833995142975,-0.005069390776024903,0.21698134146895712,0.811177647226384,0.4806408082045586,19.634603067677247
80,30,1.249632750796846,0.05953481775090697,0,-0.015674988420775707,0.008247140971769467,0.7570605982458526,1.8316624309923561,0.6152025351679542,47.60231997829441
80,100,1.356038025982323,0.06549557517712558,0,-0.015674988420775707,0.005460624008422397,0.8662523903946765,2.0024041463325126,0.6152025351679542,50.92399971120554
81,1,0.5316142348105428,0.036077805594568066,1,0.02050160420754147,0.009281756578148857,0.001830874024852488,0.10083634238371554,0.09928492543138659,0.6283137436830583
81,3,0.5711353757682543,0.03612987552782187,0,0.01951248023764932,0.011160226458082319,0.040462669072522536,0.2689392831187387,0.21053763857214,3.1922541184211317
81,10,0.8098222640691075,0.04159037474915075,0,0.013743827530903675,0.03198082287716084,0.26409761366104284,0.8912365397386771,0.5651052259655628,26.02511325800405
81,30,1.4412762985065972,0.07021262587413911,0,0.013305920612088261,0.05355407868421859,0.8744162992102904,1.9496655065140351,0.5914624731813658,47.52845894819309
81,100,1.4412762985065972,0.07021262587413911,0,0.013305920612088261,0.05355407868421859,0.8744162992102904,1.9496655065140351,0.5914624731813658,47.52845894819309
82,1,0.4232998653313366,0.04274950042981977,1,-0.08476296047834309,-0.0073844867417915,0.015447312551471075,0.17956384001181117,0.08894298096321274,0.7552087334798647
82,3,0.4633308896189614,0.04396542932624476,1,-0.0799986468522861,-0.0357512712092099,0.07908080768045725,0.3862827478680681,0.2006574507889752,3.72433848904419
82,10,0.7521343532329505,0.04972452150988813,0,-0.05459360047259659,-0.07500096804500708,0.3817289217505543,1.12223014345543,0.5627961737925691,29.988712757008905
82,30,1.1874516451017152,0.06735152875049254,0,-0.05309383857935212,-0.0876537362350378,0.8281992199161052,1.8351514079369282,0.5846708104328953,44.7398859163581
82,100,1.1874516451017152,0.06735152875049254,0,-0.05309383857935212,-0.0876537362350378,0.8281992199161052,1.8351514079369282,0.5846708104328953,44.7398859163581
83,1,0.5100463607232664,0.040872318670306766,1,0.003639071857979799,-0.0006060548559616707,0.007013343721248316,0.14336277775814824,0.08263169302952644,0.5905333984967999
83,3,0.5477809677890324,0.04031357961261159,1,0.003471501719763415,-0.004196142877292397,0.048505608946561654,0.3229011594370903,0.19968179860749824,3.2998463828256615
83,10,0.7510366286574823,0.0444208374402939,0,0.002544603891645409,-0.014050302374849798,0.2625423271406867,0.98693171742793,0.5244365146694585,25.064740456127176
83,30,1.2015999610900285,0.06502002976130991,0,0.00244543619507798,-0.021376884119556232,0.720531409014507,1.805474689544039,0.5614257210795998,42.02157155571284
83,100,1.2015999610900285,0.06502002976130991,0,0.00244543619507798,-0.021376884119556232,0.720531409014507,1.805474689544039,0.5614257210795998,42.02157155571284
84,1,0.5730800571805704,0.0400845756180261,1,0.06019391248725948,0.016250892657449553,-0.003364747964138646,0.13509015051882395,0.11453703743358847,0.9041444693830107
84,3,0.6002342403717275,0.041283843831698114,0,0.05963992161992998,0.012560757308255737,0.028033561443541733,0.24068023893579413,0.10814453424558244,1.1929215800427933
84,10,0.7903015210194946,0.04686917024595715,0,0.049432561039168675,0.004245009988407392,0.23662394999191866,0.8324103226029571,0.3534597813746263,13.254920431885903
84,30,1.3450477556087947,0.06293409344755245,0,0.03719851227288613,0.008076107490753949,0.7997731358451546,1.8457101195173098,0.5935609762136803,45.785231039920994
84,100,1.3450477556087947,0.06293409344755245,0,0.03719851227288613,0.008076107490753949,0.7997731358451546,1.8457101195173098,0.5935609762136803,45.785231039920994
85,1,0.4806964721640211,0.042806606130852076,1,-0.02685170593560668,0.005205079111440094,0.002343098988187692,0.12253964047059576,0.06642803267856559,0.39695283324604097
85,3,0.5117061208328281,0.04276702385694217,1,-0.025196743334232226,0.005669425086593581,0.031233439080466753,0.26211254318944066,0.19255639225436427,2.768555430218922
85,10,0.711482120558442,0.04469427157580336,0,-0.016861511465134624,-0.004409610241635486,0.23275324226521213,0.8623941168013752,0.5716062562432958,25.920670882641875
85,30,1.355033230415967,0.07711627032700108,0,-0.015961356970528837,-0.006749370618322903,0.8777439580048187,1.972530505551402,0.6119617662958167,50.0149141101448
85,100,1.3802076917663573,0.0778856522759208,0,-0.015961356970528837,-0.008591327787274115,0.9047603765241603,2.0134951608962304,0.6119617662958167,50.80765926204224
86,1,0.49341783820630086,0.042664698991183456,1,-0.009294114459821496,-0.0011000544305404048,0.003812007096662764,0.12755566420553222,0.10272553892949914,0.7480608358761255
86,3,0.5363730862142526,0.042170563950479696,1,-0.008817914319756948,0.0019323869974222393,0.043258613536587345,0.2884163442574781,0.2291234093122031,3.749843800438726
86,10,0.7834953003302101,0.04336592282428137,0,-0.0058839263692762045,0.003198591557346872,0.28618063514213943,0.9490025691328433,0.6130477372237643,30.28233155499118
86,30,1.3774872214460643,0.06790986154926516,0,-0.005797180477069454,-0.011897743910452991,0.895182145833587,1.9446359949964735,0.6255503222163051,50.842495557546464
86,100,1.4298065939293756,0.07253987901169656,0,-0.005797180477069454,-0.01931652791913393,0.9549203023255792,2.025929105496463,0.6255503222163051,52.45060644887555
87,1,0.5449235927481516,0.04048514021497918,1,0.02990029166000473,0.0166495247047765,-0.0016262236166296868,0.12832672396351277,0.11436720627979444,0.8777289588641765
87,3,0.5862413751247307,0.04049078083398683,0,0.028916607507827295,0.013650205136162602,0.043674562480740906,0.3044142609721984,0.16458459796983274,2.4409617668795858
87,10,0.8342835153638627,0.04441604825315617,0,0.021662216871776687,0.023156432818997777,0.2894648656730884,0.9606751084946404,0.49041618581792834,22.503990297691914
87,30,1.3448147585627295,0.0650169246830682,0,0.018748216239869532,0.0095741079011354,0.8164924344217247,1.9200775215546069,0.6080583138138235,48.612240237771424
87,100,1.3448147585627295,0.0650169246830682,0,0.018748216239869532,0.0095741079011354,0.8164924344217247,1.9200775215546069,0.6080583138138235,48.612240237771424
88,1,0.5736509192421063,0.038923494525800385,1,0.06588368040217482,0.007081169168066432,0.0006860696718651922,0.13134250749881846,0.08927353115268206,0.622816049564963
88,3,0.6020465771503553,0.03916441811056896,0,0.06474211367561634,0.005936555663751066,0.03136790781098783,0.2910568775555523,0.13134029267034772,1.7543610625779908
88,10,0.8104501852108354,0.04197498052255132,0,0.05015844904851407,0.00814915778236406,0.2521425783799573,0.9157015825274968,0.4477694197246192,19.306357160846748
88,30,1.3863554926283441,0.06536523693475463,0,0.0400965690971062,0.03153900482303623,0.8147199187082015,1.9775586366845326,0.639612230169216,52.93572148857711
88,100,1.4175752406809259,0.06931957864493284,0,0.0400965690971062,0.030733215350447755,0.8467454562333719,2.033796435498764,0.639612230169216,54.0732049035364
89,1,0.4390936476312546,0.04181076085164738,1,-0.0736398857625366,0.004692308404155046,0.008041224989636053,0.20338654755734556,0.06592935367698957,0.5614884336997227
89,3,0.48631302342876814,0.04265037943838508,1,-0.0712984616422262,0.0016798990678772237,0.05593158600311697,0.37798500497213944,0.1539383315024131,2.5893801779483625
89,10,0.769883373717986,0.05165988259760617,0,-0.052002993254759315,-0.0006040539456856498,0.32249042091843105,1.0451931142109372,0.4849888916159111,23.46793528994097
89,30,1.2366830720945123,0.06787242597154838,0,-0.046004575429967276,0.006982971908186623,0.7757046756162927,1.849860740520035,0.5836406397249099,44.913522940360195
89,100,1.2366830720945123,0.06787242597154838,0,-0.046004575429967276,0.006982971908186623,0.7757046756162927,1.849860740520035,0.5836406397249099,44.913522940360195
90,1,0.46510755681169774,0.04207308526431507,1,-0.0373059427176183,0.0015010172881513857,0.0009124822411646293,0.12940303055113445,0.05286410580478103,0.30469775954273787
90,3,0.49980466691625003,0.04210100556818108,1,-0.035832605403486026,0.004737267679498355,0.030900004640237778,0.25480728543520625,0.15738231087579765,2.0514122464165214
90,10,0.7247226091015928,0.04432259457803609,0,-0.02429683313252085,0.01026429706657469,0.23875514516753876,0.8613197445749864,0.5315705241632677,23.414117602047757
90,30,1.2985112879000258,0.06548929959928634,0,-0.021537992422419355,0.0351711441286189,0.7848781361938263,1.8227564604742046,0.6209428184774441,47.984322720818234
90,100,1.4140803622852922,0.07003557166189413,0,-0.021537992422419355,0.043250679601984136,0.8923676751057277,1.972767459701577,0.6209428184774441,50.92992910561312
91,1,0.46953857436470736,0.03912878002017599,1,-0.04308345587887208,0.008449252104060584,0.004172778139518947,0.15313122150062947,0.09352443087208073,0.7294846306541978
91,3,0.4963682063769797,0.03909441662195658,1,-0.040682151952339304,0.006314428536528996,0.030735929792789937,0.2730920125900887,0.22139166289628465,3.46188965535575
91,10,0.6797123338914338,0.03953831777983789,0,-0.02722648986082697,0.008373402351562935,0.19856542140069786,0.8153162822369254,0.5935712712745342,26.44534307515985
91,30,1.3058116838979,0.06516686812969572,0,-0.02572501033208301,0.01835005758938957,0.8131866366405933,1.9124285003727182,0.6362277126606356,51.277145369018235
91,100,1.3491013751434844,0.06626184530478067,0,-0.02572501033208301,0.016663654961221613,0.8581627305143459,1.9676684440772958,0.6362277126606356,52.38853364062226
92,1,0.5024332319106074,0.041067321011135464,1,0.011441913197494467,-0.0098888255159188,0.0008801442290317105,0.12448778441462467,0.04161437755211281,0.21858416063116848
92,3,0.5149192099580393,0.04101931306160789,1,0.01097206152566201,-0.005029482430362698,0.008976630862740123,0.1886407316370045,0.1297293753111108,1.306082499090588
92,10,0.6441035779550797,0.04160891672073693,0,0.007483092203810056,0.013069587710825455,0.12355089804044411,0.6365142411940142,0.5080233580036562,18.387121467217494
92,30,1.1810041179225779,0.06191153021152893,0,0.006556508539836005,0.05454016696608228,0.6199074424166595,1.6669335997198746,0.6079864208611262,43.73810998572201
92,100,1.284834412531153,0.0627874218168697,0,0.006556508539836005,0.06451153358600363,0.7137663704053137,1.8094014501478315,0.6079864208611262,46.47722804485094
93,1,0.44556522671579774,0.042805552045945834,1,-0.05932439865064399,-0.001124472559873497,0.006014097926315246,0.13305552562184747,0.05914490929514684,0.35947751941074385
93,3,0.49657113375231043,0.04273084175313449,1,-0.05616893027108804,0.0030535131263991796,0.049686550896999325,0.28653293487215103,0.1781956329937435,2.6187643913826815
93,10,0.7431073408835525,0.044509575226796286,0,-0.038800545036784755,0.0017274419336534828,0.2801804439866838,0.8999456491382782,0.5229997330279332,23.533672085791263
93,30,1.3029215632101423,0.06662540462875494,0,-0.034788505095569064,0.017424581203810796,0.8202854871019005,1.848007013158789,0.599383853985974,46.38829121922187
93,100,1.3029215632101423,0.06662540462875494,0,-0.034788505095569064,0.017424581203810796,0.8202854871019005,1.848007013158789,0.599383853985974,46.38829121922187
94,1,0.5263967491781106,0.042340526071949366,1,0.019580021246116547,-0.0004737175503035464,0.00729044548229762,0.17643647376873575,0.06954644780368703,0.5409783786925291
94,3,0.5558989127015284,0.04086004907622647,1,0.018350227018537765,-0.006358909711726007,0.043907595394716566,0.31614615194192625,0.2028841529433493,3.329973995799296
94,10,0.7263087004427633,0.0387713908676141,0,0.01228806798270614,-0.01386125882520342,0.22788189128526068,0.8919802512900608,0.5931447943886987,27.856320175684072
94,30,1.2928485126207307,0.06019295292643263,0,0.011918252652935045,0.003508405641358884,0.7774218543264371,1.8643006178334014,0.6206754968582667,48.77382540105764
94,100,1.3125303427463746,0.06087614615063706,0,0.011918252652935045,0.0023395710398275656,0.7982725190536119,1.8950892862637811,0.6206754968582667,49.378129454314404
95,1,0.52589080652597,0.04445857097281496,1,0.014717401689868684,0.003390046886843983,0.007783357949257403,0.1500917519486906,0.09425559929353529,0.7283075207854344
95,3,0.556946063362365,0.04388773928370474,1,0.014160547880686259,-0.004376679235140486,0.04716219471681927,0.3122027020277497,0.19176538502406396,3.0561400559679543
95,10,0.8045002776185399,0.04423880062151338,0,0.010343586020011068,-0.010394419326583842,0.3045511109251127,0.963693539302755,0.5209445754513911,24.45750359405097
95,30,1.3226140311137884,0.06368011590746085,0,0.009284196900637948,-0.015087981102231994,0.8284178153153822,1.8604500814826401,0.6045128749985795,47.12115771352343
95,100,1.3518802785172528,0.06641038655339825,0,0.009284196900637948,-0.012634700932072357,0.855230782548687,1.9002276488789414,0.6045128749985795,47.88156063228255
96,1,0.49492110612672874,0.04588558264222467,1,-0.0104513602249385,0.0014684335619351706,0.003904032789732057,0.16513980422131816,0.07205571538538262,0.5404741356759395
96,3,0.5180192950019803,0.044103729839074624,1,-0.009896224767621685,-0.00596535568288262,0.03388087545248457,0.25925701714574084,0.18412930190175564,2.5816965545858355
96,10,0.6699392447953245,0.042054181983202224,0,-0.006649780616150432,-0.00922936222834398,0.18581838763981892,0.7725450518234164,0.5648573560761541,23.889160577247008
96,30,1.3124653885088389,0.0700804516986363,0,-0.006149287244618799,0.004089334598772413,0.8145253411546853,1.9383148127644745,0.6222117515539519,50.38108255175035
96,100,1.386386932544347,0.07226223191198618,0,-0.006149287244618799,0.005688199610779885,0.8868480201781861,2.0657619219575083,0.6222117515539519,52.888739929226276
97,1,0.5063362272945339,0.04384543153008207,1,0.008092348860854167,-0.005804503148196961,0.004048381581876579,0.12578484660150976,0.08488017801180453,0.5654558742664991
97,3,0.5317217461004385,0.0449395078578187,1,0.007861395073923187,-0.017827950078014434,0.04168830110452972,0.29004648284509227,0.15934329005804074,2.264419909572651
97,10,0.7363535410038312,0.049676741422643896,0,0.005765312509537213,-0.03906072274482809,0.2696489512391221,0.9228228792388751,0.4910373849580382,21.954373443297406
97,30,1.297487260953846,0.06919465308505367,0,0.004855638351094989,-0.05236159532529097,0.8449932179280418,1.9257207453893792,0.6246353719000187,50.37643157861499
97,100,1.297487260953846,0.06919465308505367,0,0.004855638351094989,-0.05236159532529097,0.8449932179280418,1.9257207453893792,0.6246353719000187,50.37643157861499
98,1,0.5019354946209837,0.0411210438792362,1,-0.0064962531082168465,0.00607246040357557,0.0023592873256250003,0.13496358866806218,0.038636541132023104,0.21210372005057918
98,3,0.5513366866555386,0.041795977373577674,1,-0.006059367594357008,0.012888451202880513,0.04450760304701506,0.30507330580201264,0.16829769688182847,2.5192996341153147
98,10,0.7851914357170455,0.04515177466081926,0,-0.00389247858737389,0.01911715579868285,0.2699667585057367,0.9556206415066939,0.5624525134592704,27.00092001346229
98,30,1.3970331749098197,0.07261097182380442,0,-0.003750261969266128,0.0845402266556776,0.8162432102234083,1.9228970766615505,0.5890495386998921,46.790989091660805
98,100,1.423381308288637,0.07325779026417273,0,-0.003750261969266128,0.09027937975791728,0.8368521904999859,1.9626366519651248,0.5890495386998921,47.53123334015142
99,1,0.47251694241059417,0.0428218071891088,1,-0.031029109272645124,0.00820404002373996,-0.004657988340500626,0.08580399226811708,0.08151601637811448,0.4313112898652368
99,3,0.49423015192599057,0.04257770201191374,1,-0.029528267018543754,0.014483636664456526,0.009274782280077781,0.18459244119681092,0.20620344885418562,2.548272763697349
99,10,0.6919315955372496,0.04244623399260726,0,-0.02085055011427256,0.024128471713861635,0.18865367393766055,0.7394087298325968,0.5497214066158851,22.40987377059274
99,30,1.3142365375266885,0.06599975047107878,0,-0.019570111493312715,0.016134574731502673,0.8176720742884986,1.8463149495327817,0.5979574404873155,46.218928862572035
99,100,1.391908589378669,0.06955220733119002,0,-0.019570111493312715,0.016746398285416766,0.894732302586565,1.9494235053619655,0.5979574404873155,48.1686162322978
100,1,0.49465183988345074,0.043227423234132756,1,-0.004436121798913728,-0.0031191418852160036,0.002207103567580521,0.13565062453331864,0.048363299694216544,0.2814275506993675
100,3,0.5504092879361216,0.04358538736273731,1,-0.004200692624560388,0.02338763159976549,0.03122234896091649,0.29930533407948545,0.14883062477018558,2.1091239260132326
100,10,0.8043620512854659,0.04611227407470262,0,-0.0028397368680601717,0.056310029193778886,0.25089175895974714,0.9952048141203156,0.527060174720504,25.371752173926048
100,30,1.392243368883387,0.06522747722994636,0,-0.002529140899667617,0.10546297855993571,0.7893095312231189,1.95603194459211,0.6185107434607541,50.35555011871528
100,100,1.392243368883387,0.06522747722994636,0,-0.002529140899667617,0.10546297855993571,0.7893095312231189,1.95603194459211,0.6185107434607541,50.35555011871528
101,1,0.5407236833029516,0.04324884469519883,1,0.0428858799657614,-0.0044444123592152,0.0022822156964054804,0.15532021966807733,0.07767990721074984,0.572354175726508
101,3,0.5675197966772739,0.042495215690798546,1,0.04079682644808185,-0.0009390990248231864,0.027662069254015393,0.2823351179770605,0.18695381546892037,2.774435583888443
101,10,0.7048346980607828,0.042313037182437396,0,0.028517683190556448,-0.007784624078480935,0.18410163894870712,0.8098316423829881,0.527138274479656,22.28672149455267
101,30,1.2316843821321148,0.06428266624399105,0,0.026978329289688588,-0.02977114656933734,0.7344771994117635,1.7743705174549054,0.5724441816723551,42.48268382312218
101,100,1.2785498773467936,0.06748285232433035,0,0.026978329289688588,-0.029912476960948915,0.7814840250180541,1.8601416630717098,0.5724441816723551,44.03533664302345
102,1,0.5295495919703881,0.0414549755779692,1,0.02010823073652838,0.01025874269746068,-0.0008173814636010903,0.11978214979945881,0.08311275345176561,0.5332597539724248
102,3,0.5566357991104874,0.0420059186899916,1,0.019484413129333928,0.01219855523946134,0.024952830741692123,0.23516236329335122,0.16507733319617154,2.0893327163503255
102,10,0.7685612684537108,0.0454446532880404,0,0.014587295457938156,0.01482583304352709,0.2391481399522455,0.8316256400578489,0.48477354346558,20.180248712817637
102,30,1.3864247346475125,0.06733899541694216,0,0.012369006800125567,0.002915938563784831,0.8711397892836019,1.9485372454782899,0.6158172249779674,49.937855671159895
102,100,1.4141631743154135,0.06898745643307734,0,0.012369006800125567,-0.0004631564460057966,0.902257323961294,1.9959619313390966,0.6158172249779674,50.86139691518521
103,1,0.49381135606336085,0.041052140512412176,1,-0.014179837886470797,0.00732958276874522,0.0006616111810864709,0.15104375492030914,0.09501761097160498,0.7393456758700544
103,3,0.512344631890992,0.04135308247893045,1,-0.013702926252002937,0.002651584225942337,0.023395973917052493,0.24552933228976453,0.1481990040497311,1.845193673112306
103,10,0.6801495768702938,0.04322426512995516,0,-0.01024981251322434,-0.006094759096097893,0.19649414847961602,0.7363355640987136,0.45830678286163185,17.313871504772045
103,30,1.2078268707346715,0.06331716705579386,0,-0.008650214501332396,-0.04402264609190651,0.7604997313279106,1.703143153308359,0.5912778899149543,42.900737341999026
103,100,1.3115496340069799,0.06829890248628433,0,-0.008650214501332396,-0.0473782123002151,0.8675780608085271,1.8679591375025153,0.5912778899149543,45.982441664996024
104,1,0.4826902485210501,0.041824227925150184,1,-0.02620469041454186,0.011894635592301493,-0.0029996966567095683,0.17797852817788803,0.0762390615888423,0.6128908516578782
104,3,0.5198323031498355,0.0433528359249013,1,-0.02556382825995125,0.009029405040948952,0.03636672636883771,0.38270030697623875,0.09509246249592837,1.4367647592791895
104,10,0.8196283017352918,0.05374133418574508,0,-0.019559280347414467,0.014476735493770614,0.3247108465889357,1.1262378311671724,0.3950045555642763,19.0020528698419
104,30,1.2649192939275484,0.06342559792285073,0,-0.015399613635417163,0.036061766086868,0.7442571414760976,1.8249978764402353,0.576543298748227,43.78465840185347
104,100,1.2649192939275484,0.06342559792285073,0,-0.015399613635417163,0.036061766086868,0.7442571414760976,1.8249978764402353,0.576543298748227,43.78465840185347
105,1,0.4839461514813734,0.038370175352348414,1,-0.020699404542565334,0.004698966212590159,-5.3410188651566786e-05,0.15846207635006787,0.08248040016223979,0.6284404475019449
105,3,0.5038889883427253,0.03745310199048316,1,-0.019334524447199374,0.017856295766497332,0.005367217023427323,0.1910732895777584,0.22020675107727955,2.863968672844339
105,10,0.6528220955743517,0.036460245482841554,0,-0.01278107346559181,0.04095051504797188,0.12465265399197142,0.6447651420647121,0.5922483152426067,23.167451272564172
105,30,1.2436901054512672,0.05764002708816815,0,-0.012531025703919736,0.05863051236950938,0.6975906187856774,1.6886634388618806,0.6074627351590217,44.10779937226286
105,100,1.4070873003804818,0.0612754289333587,0,-0.012531025703919736,0.06144031385155569,0.8581780122328455,1.8996353183586476,0.6074627351590217,48.16049710260454
106,1,0.48601271680447167,0.04586954530320229,1,-0.013780742784498888,-0.001929835419760712,0.0017232950087312181,0.15933372667527992,0.12263102700993742,1.0934405843154553
106,3,0.5246434710975224,0.04555928487022281,1,-0.013302285399702555,0.0027840911060570623,0.035161665391167836,0.2750830937464856,0.23083279378601998,3.6929703931704703
106,10,0.7419013947117489,0.04694653777859459,0,-0.009770661441830307,-0.025000225515477755,0.276672281669057,0.837703161594174,0.5351888783952792,23.235042270154075
106,30,1.3656862597130919,0.06909877003134557,0,-0.008765069902946706,-0.07467108511172063,0.9491224147277595,1.836616952032907,0.6092932842655431,47.12668655457794
106,100,1.3656862597130919,0.06909877003134557,0,-0.008765069902946706,-0.07467108511172063,0.9491224147277595,1.836616952032907,0.6092932842655431,47.12668655457794
107,1,0.4759227765673484,0.043721439925512556,1,-0.02823773993231648,-0.0006449596056092244,0.004805476105273968,0.15118399722562562,0.11715575624569509,0.9941425177396356
107,3,0.5252237248082152,0.04316583497520512,1,-0.02663042402742231,-0.0046356417892039785,0.05648979062484163,0.34930493092731835,0.2344837552264704,4.328809108456938
107,10,0.8063492562200884,0.046628967284532655,0,-0.017909809039113697,-0.03318864928674593,0.35744771454594815,1.0787864087228416,0.5983430096191011,31.733414062002954
107,30,1.3693565988658178,0.07138913720920347,0,-0.017051498436382918,-0.05987208803455998,0.9462801853367608,2.055909322934224,0.6319745515770364,53.71679494440578
107,100,1.3693565988658178,0.07138913720920347,0,-0.017051498436382918,-0.05987208803455998,0.9462801853367608,2.055909322934224,0.6319745515770364,53.71679494440578
108,1,0.49256228770886257,0.041599016069664756,1,0.00047834178260291956,-0.027772343628143112,0.019856289554402728,0.222909781449878,0.10234776042225222,1.0527026576561564
108,3,0.5221022809554149,0.04128825447631672,1,0.0004507438802728635,-0.03493228445614123,0.056583821531283295,0.30313058723592207,0.2253674308340614,3.7664700362517682
108,10,0.6456911828805176,0.03869486019092518,0,0.00031261442984818587,-0.059295983325919996,0.20467455177658941,0.7673521018779706,0.5901941213440717,25.33666826574092
108,30,1.1385564543387938,0.061157678530934644,0,0.00030884108106323156,-0.09813114469003874,0.7363787579477692,1.7680845890389378,0.6028868048669432,45.20246232984892
108,100,1.248538091630026,0.06374287177162746,0,0.00030884108106323156,-0.10406848255304012,0.8522977331020027,1.9242623462357926,0.6028868048669432,48.1799842032028
109,1,0.5139185734687348,0.04097130020397238,1,0.013894830564231471,-0.0026035851271833063,0.0026273280316866775,0.13906085476219887,0.07203881768969263,0.48089929008023613
109,3,0.5563268538786398,0.0408258912610603,1,0.013322521029750308,0.010927141221465226,0.03207719162742409,0.24481578194234332,0.17622339608560908,2.346313695718561
109,10,0.7956041136502316,0.04540305822535068,0,0.009567488852147003,0.03750962726893469,0.24852699752914992,0.8803034786703405,0.5025886489125914,21.97864832516817
109,30,1.363574942377821,0.06449483977489001,0,0.008702630587963188,0.05692090131941989,0.7979514104704379,1.7992140433369188,0.5769072466674551,43.34855248262275
109,100,1.363574942377821,0.06449483977489001,0,0.008702630587963188,0.05692090131941989,0.7979514104704379,1.7992140433369188,0.5769072466674551,43.34855248262275
110,1,0.4673291822040307,0.04513688170165914,1,-0.030049653461817375,0.0004981035675505896,-0.003119267901702484,0.17823400096162553,0.07000189080226163,0.5495084131079244
110,3,0.48572195322620165,0.04373489087187331,1,-0.028524662408308803,0.010912183478177366,0.003334432156332935,0.1392241444899943,0.18512090558902583,1.8987279374686246
110,10,0.577430281830794,0.039723709058738066,1,-0.01950497455270244,0.02055995004413839,0.07637530633935805,0.4783923088494097,0.5330595223023029,17.049863670630774
110,30,1.0503716136275993,0.06211766655348771,0,-0.018201802163392858,0.024086738519989628,0.5444866772710025,1.4353745913300762,0.5852506417485056,37.39621695109138
110,100,1.3540230836752554,0.07430013251152288,0,-0.018201802163392858,0.041357505508037136,0.8308673803306109,1.8409436416672567,0.5852506417485056,44.90218487961694
111,1,0.5229154570243095,0.0427835674427448,1,0.017562565511025873,0.00024706565149547707,0.005105825861788176,0.15404746182583842,0.08777722132556695,0.6712471520870741
111,3,0.5531782324562609,0.04227710363767345,1,0.016503801245070292,-0.00888302827986682,0.04555745949105743,0.3146524434335561,0.2153437987744304,3.6091518961419675
111,10,0.7518169698289953,0.04770041578805311,0,0.011032350002869869,-0.013429233547156185,0.2542138533732815,0.930436393143041,0.5965056865379567,28.802962023749384
111,30,1.3558877826830498,0.08036609655001144,0,0.01067252560173039,-0.020654505783537662,0.8658697628648571,1.956459785905689,0.6229097292418095,50.80876946806608
111,100,1.3558877826830498,0.08036609655001144,0,0.01067252560173039,-0.020654505783537662,0.8658697628648571,1.956459785905689,0.6229097292418095,50.80876946806608
112,1,0.49439786191216,0.038070211758976444,1,-0.013830471248727768,0.008745198294409041,-0.0005168651335212276,0.12462058232978682,0.054041091876985296,0.30532018337030187
112,3,0.5225499041491012,0.03730815111565065,1,-0.012979617737048558,0.01230424403214105,0.023225277854008762,0.24236621522328097,0.17883446584440593,2.3819919345105514
112,10,0.7033085346109405,0.037060770007945505,0,-0.008640142324329043,0.021056343278860117,0.1908923336564094,0.7943136599978243,0.5789556310788387,25.1420676644234
112,30,1.2893466026391553,0.059673207106114116,0,-0.008186801060314094,0.06291422948478617,0.7346191742146833,1.860733899876359,0.6196157876540318,48.59990141456277
112,100,1.359209461696014,0.06160378714739029,0,-0.008186801060314094,0.06065798871366193,0.8067382740426662,1.9874163682476909,0.6196157876540318,51.08211410608463
113,1,0.5008598888892493,0.04203795218079319,1,-0.006353102164378863,0.0020201724516968798,0.005192818601931274,0.11992008284799947,0.1323560669985105,1.0558933332069596
113,3,0.5440190886649653,0.04411128792153004,1,-0.005936806756485394,0.002623923742000178,0.04733197167945053,0.28606338682577787,0.2758731822819944,4.902264956459661
113,10,0.792934603332045,0.05662203793161334,0,-0.004498072616631629,-0.01852996846823653,0.3159626444169131,0.9457892428282244,0.5592246753590678,26.61502278596096
113,30,1.243516713048465,0.08604857337966292,0,-0.004372768169855336,-0.06686179620567098,0.8147512774239914,1.818315397654667,0.5774863740722601,43.75146735460324
113,100,1.243516713048465,0.08604857337966292,0,-0.004372768169855336,-0.06686179620567098,0.8147512774239914,1.818315397654667,0.5774863740722601,43.75146735460324
114,1,0.5531863156847097,0.04001263969482866,1,0.052091473445436125,-0.003604448945433877,0.004699291184707422,0.18776343038333987,0.06251535305219634,0.4947783904312068
114,3,0.5880631786857476,0.039566714807499716,0,0.04968480016253488,0.00419257007187861,0.03418580845133409,0.2933497749353988,0.16765664923996557,2.4441494600200415
114,10,0.7495393411217032,0.041223077069076686,0,0.033901380826179765,0.008634283912555609,0.20700367638296774,0.8625137475723564,0.5454290717183016,24.284171963484777
114,30,1.2635315603409505,0.0683140408354242,0,0.032128624675224926,0.019800878851508556,0.7116020568142172,1.7853924807444395,0.5914815619115998,44.45773971481287
114,100,1.3016874541512982,0.06959000723718727,0,0.032128624675224926,0.014547765069113403,0.7550110644069595,1.8497667167614527,0.5914815619115998,45.66181404850631
115,1,0.5246004473458689,0.03959990684818414,1,0.030566408010818967,-0.011420330232606692,0.005454369567656578,0.16619275455895197,0.09791366281239267,0.8177531980449166
115,3,0.541015127441138,0.04037781770804761,1,0.02959999664716468,-0.012563946890151442,0.023979077684124786,0.3148049207407734,0.15328820586635397,2.269034008612578
115,10,0.7509324687416531,0.05173929909864578,0,0.02211354841540354,-0.008944168381618269,0.23776308870786794,0.9166540779058343,0.48669334813413245,21.598351908745453
115,30,1.2984315767052779,0.09216379214211735,0,0.019109094777513123,0.002555415258946375,0.7767670666688185,1.884521852124466,0.6039625067644367,47.52749166746501
115,100,1.2984315767052779,0.09216379214211735,0,0.019109094777513123,0.002555415258946375,0.7767670666688185,1.884521852124466,0.6039625067644367,47.52749166746501
116,1,0.4801582538414601,0.045210729281177434,1,-0.034684647579675654,0.01221781257867454,0.002625088842461247,0.14629914506260633,0.051279668655158366,0.32039489221154455
116,3,0.5334273352941499,0.045356848773982515,1,-0.03229362325121037,0.011194923018264195,0.054526035527096006,0.3275245412055914,0.16775302482331875,2.627356568811125
116,10,0.801057436338139,0.053142625515883266,0,-0.02092642411997228,6.488580498644052e-05,0.3219189746531247,1.001025406224946,0.5381782153348608,26.19522847477928
116,30,1.3494479558678456,0.07906760477806309,0,-0.01936555899502618,0.023158287632703292,0.8456552272301688,1.9106657953143884,0.5904411385689481,46.69913854579538
116,100,1.3494479558678456,0.07906760477806309,0,-0.01936555899502618,0.023158287632703292,0.8456552272301688,1.9106657953143884,0.5904411385689481,46.69913854579538
117,1,0.516172836992993,0.04409541834277473,1,0.01906537569903959,-0.009509363218190011,0.006616824512143383,0.16913195333957026,0.10619888471817161,0.9246445465100239
117,3,0.5481593146018636,0.04344311574030459,1,0.018584887000395334,-0.0012830809956382871,0.030857508597106554,0.23407707121733645,0.1672660937016373,2.122871886786635
117,10,0.7185296834834135,0.04261856201444557,0,0.014011653501392995,0.008156876091736532,0.19636115389028397,0.7187092946762919,0.4660965769224339,17.463171182772182
117,30,1.2946894861795015,0.060663866813116134,0,0.011351878108512315,0.013871601410712022,0.7694660066602772,1.7773127772261752,0.6219006336949775,47.183470301020506
117,100,1.4336632911764995,0.06458609989217146,0,0.011351878108512315,0.023902009606238974,0.8984094034617484,1.954819737260201,0.6219006336949775,50.6743620819956
118,1,0.4474830779013843,0.040880978423623884,1,-0.06015002690786292,0.01016720552098027,-0.0025341007117329734,0.15823988667948818,0.07885973236646945,0.5912704231405318
118,3,0.4786348851400632,0.039477829424439066,1,-0.05630793374715473,0.013791175521257205,0.021151643365960725,0.261975568089522,0.2173747320425595,3.2950504112337655
118,10,0.6771492592262865,0.04412365382303817,0,-0.038832210432915515,0.011215182644614357,0.20476628701458768,0.8582355328945707,0.5691220165251017,25.688465534199718
118,30,1.1541252060019687,0.0709378750971485,0,-0.03778134731182674,0.020035325139096838,0.6718712281746984,1.7176089715553162,0.5931448160424398,43.342545391509425
118,100,1.3409759708547917,0.07359190194599752,0,-0.03778134731182674,0.030589638815618467,0.848167679351,1.9473848573031614,0.5931448160424398,47.6524254883646
119,1,0.5411495106281675,0.039372668495290544,1,0.029445587064883576,0.009266430269299965,0.002437493293984091,0.13470115002281915,0.08688176492959172,0.608786349528966
119,3,0.5661956373252773,0.04117195102875449,1,0.0282335684525121,0.0001294379304985715,0.037832630942266715,0.26855663314353745,0.18531233353377957,2.6597132311607465
119,10,0.7939004293492238,0.051766533246224045,0,0.020008347638719785,-0.001713165099195239,0.2756052468096992,0.9022728272984284,0.531211893637727,24.080242627040462
119,30,1.3721559010399833,0.07372291887467132,0,0.017390192793557795,0.008596842391477304,0.8461688658549481,1.8631119186166034,0.6416392979422069,50.822444605547666
119,100,1.490990351621793,0.07633957896948892,0,0.017159724088362478,0.006588383513127199,0.9672422440203036,2.0430993592476265,0.6525607503891391,55.62705660213823
120,1,0.5264397438714449,0.04018477342345865,1,0.017498048124988078,0.005159508724882963,0.0037821870215740154,0.1970154908729044,0.07246393581270391,0.6175150311484793
120,3,0.5377457560116878,0.03856884080968801,1,0.016816579874139512,0.0018111946099615129,0.01911798152758686,0.2509324733214464,0.1621834078521877,2.118743154357669
120,10,0.6495455008825195,0.0364898453741582,0,0.011902962742750522,0.003632021865779753,0.1340105162739893,0.6786067650135353,0.5194964319229042,19.682343006235698
120,30,1.1286069555538907,0.05499844902571817,0,0.01050942696680973,0.027013474957197494,0.591084053629883,1.5762526474258722,0.6151736625485675,42.630910191500604
120,100,1.3669778580238923,0.06460834380529692,0,0.01050942696680973,0.024013483278809995,0.8324549477782724,1.9488343440133284,0.6151736625485675,49.87892796600749
121,1,0.3900650202545625,0.04370998918979898,0,-0.11447778146212292,0.004913332162448778,-0.00037053044576332923,0.11986964123231633,0.0526466004957237,0.2872105056327096
121,3,0.42928899584351393,0.04398877791063712,1,-0.10982350555515769,0.005315387626278282,0.033797113772393333,0.2770729303239809,0.14489495373074665,1.933448722928248
121,10,0.7547876245607171,0.056039394848993326,0,-0.0756374201643314,0.020965656543087567,0.30945938818196084,0.9585040234030825,0.5092321488290327,23.635446511046155
121,30,1.2835047610359207,0.08444492660564049,0,-0.06550953194518819,0.02326037151754841,0.8257539214635602,1.8976566770493715,0.6151312158343613,48.87914464794754
121,100,1.3278710422400317,0.08506565741890033,0,-0.06550953194518819,0.02526666409220296,0.8681139100930171,1.9644083853792216,0.6151312158343613,50.17760935966976
122,1,0.4784990741661608,0.04287842271492955,1,-0.029138133001783455,0.008816384747759563,-0.0011791775798154235,0.12064865235737844,0.09954271025287564,0.693122089960036
122,3,0.5142111043786791,0.04273752102343424,1,-0.02804469003239589,0.011052908757939904,0.03120288565313524,0.24351072469436552,0.1301577979418395,1.5380013171872824
122,10,0.7451751213305372,0.045804245762407485,0,-0.020530756041409127,0.021113181561650467,0.2445926958102958,0.8135297191598758,0.43918796070101235,17.39817252868656
122,30,1.414825483695612,0.06610613528005628,0,-0.016764644727793043,0.050210810246180654,0.8813793181772243,1.9160595513746743,0.6003847996426774,47.77679571050235
122,100,1.414825483695612,0.06610613528005628,0,-0.016764644727793043,0.050210810246180654,0.8813793181772243,1.9160595513746743,0.6003847996426774,47.77679571050235
123,1,0.4862945310133017,0.04280722683577761,1,-0.012248055164396142,-0.00422947755859119,0.002772063736289073,0.14608658580525075,0.09681960359769783,0.7437070205963046
123,3,0.5269130316102759,0.04330499004803827,1,-0.01170880589274855,-0.009541764247111721,0.048163601750136203,0.3538292323107935,0.1921037731497511,3.3164636855566325
123,10,0.7876832830205023,0.04991502460452645,0,-0.008561486751405984,-0.028543490346282743,0.324788260118191,1.0739055125119663,0.5097042955285633,25.525042654111616
123,30,1.3218394773732987,0.07437974579296194,0,-0.007765026125742223,-0.026707776535154326,0.856312280034195,1.9229553271151543,0.5942446209613651,47.30237789900624
123,100,1.3218394773732987,0.07437974579296194,0,-0.007765026125742223,-0.026707776535154326,0.856312280034195,1.9229553271151543,0.5942446209613651,47.30237789900624
124,1,0.540690463632311,0.04003878147820621,1,0.030350571462378444,0.004367682019998302,0.005972210149934206,0.12811043661715166,0.10823921342771085,0.8089833646488994
124,3,0.5846540003721619,0.03971169307874238,0,0.029387958356488702,0.004169735519887771,0.05109630649578531,0.31280619373132784,0.19165113050821275,3.05728423855444
124,10,0.8412256115756767,0.04533471567016307,0,0.02239374405812067,0.011376942731224957,0.30745492478633096,1.0001098460778959,0.489917082830659,23.08429950806836
124,30,1.3145373174974013,0.060362708425284455,0,0.02029738014377266,0.006081291147469533,0.7881586462061587,1.8318117139915915,0.5805582458406668,44.28837131665292
124,100,1.3145373174974013,0.060362708425284455,0,0.02029738014377266,0.006081291147469533,0.7881586462061587,1.8318117139915915,0.5805582458406668,44.28837131665292
125,1,0.44673950397510837,0.04313603611510419,1,-0.061041180116265366,-0.0003205985157241954,0.008101282607097898,0.14452933121265535,0.0925147972128785,0.6934903202214096
125,3,0.4996317253496392,0.043227044713301375,1,-0.058296134371043744,0.0026099302407023065,0.05531792947998073,0.3128547849159279,0.19657000761563392,3.1666300720155576
125,10,0.7665281643415731,0.048637791215349134,0,-0.04200775258196714,-0.0012345905208941512,0.3097705074444344,0.9617219011142731,0.5212798577649649,24.446270347196503
125,30,1.2513683944454541,0.06744168247310767,0,-0.03951618473613009,-0.02315376626678432,0.8140383454483685,1.784517412130317,0.5707591568429694,42.510361615988394
125,100,1.2513683944454541,0.06744168247310767,0,-0.03951618473613009,-0.02315376626678432,0.8140383454483685,1.784517412130317,0.5707591568429694,42.510361615988394
126,1,0.44387526473182154,0.04279470918945444,1,-0.06422753183821533,0.0032462842195933365,0.004856512350443698,0.11707203483072791,0.07742100859701728,0.4761709503547435
126,3,0.49801565301777356,0.04320374141278543,1,-0.06088197996873806,0.007349246812074634,0.05154838617443701,0.32802936179092174,0.19905487221810333,3.31782013231744
126,10,0.803303233116508,0.04758151754388553,0,-0.04225299626855349,0.011911886083771328,0.3336443433012902,1.082456089267345,0.5573893353320741,28.904240850758953
126,30,1.243393361285336,0.0629979026291183,0,-0.040108217909192945,0.007937382326828663,0.7755641968677002,1.8125605557788558,0.5992442304980831,45.70313737684764
126,100,1.243393361285336,0.0629979026291183,0,-0.040108217909192945,0.007937382326828663,0.7755641968677002,1.8125605557788558,0.5992442304980831,45.70313737684764
127,1,0.5277568741287317,0.04352827589257906,1,0.01843398569175991,0.013808527366417793,-0.004485638929445888,0.12626239056447133,0.0827444984267153,0.546889680660839
127,3,0.5664627198926501,0.04282956828761828,1,0.017768119297170044,0.029418725375232702,0.019275875220247426,0.24718249453757848,0.1734849895720366,2.3078142382400904
127,10,0.815545538082003,0.044515055385202194,0,0.012718976897847742,0.053413201475858284,0.24941335970829698,0.8623611650060518,0.49858675660028284,21.457654357254263
127,30,1.4815309042709262,0.06846740293832874,0,0.010302335459842108,0.07185165419924056,0.8993769146118437,1.9768924565293413,0.6530542616233243,54.31205278920459
127,100,1.5422986565298185,0.07066938143173704,0,0.010302335459842108,0.07604007878763788,0.9559562422823387,2.058305781709339,0.6530542616233243,55.99335103924162
128,1,0.5276813117615115,0.04196522522550435,1,0.029310749300090963,-0.0027719347994553337,0.0011424972608758293,0.14811963705148323,0.09931669577263048,0.7771157890316103
128,3,0.557276609409149,0.041871971088357225,1,0.028186596735055924,-0.009203194687960773,0.0382932073620538,0.3173833073153297,0.1998066069399083,3.267833283981105
128,10,0.771461020473858,0.04630822926359923,0,0.020361342294890512,-0.029773275485711834,0.28087295366467946,0.961677480754748,0.5297404748432532,24.984031792646917
128,30,1.3314415629408867,0.07071900958363928,0,0.018599248579095156,-0.06417999109470833,0.8770223054564996,1.9312353903896928,0.6033338487807074,48.35727846834433
128,100,1.3515264144471453,0.07112363919641793,0,0.018599248579095156,-0.06610673950489829,0.8990339053729485,1.9642937908612588,0.6033338487807074,48.9880027163214
129,1,0.49972566214472347,0.04121101132647762,1,0.008221687171275976,-0.007308721368495532,-0.001187303658056989,0.12905633137986644,0.0889686262042148,0.6133990445815273
129,3,0.5420155597696524,0.04130328014602351,1,0.008096565635064392,0.014957050887465212,0.018961943247122817,0.24244424544532844,0.11756010351974075,1.33834384832725
129,10,0.7695256172567038,0.04913094930502288,0,0.006180233919137463,0.04318270856638814,0.22016267477117818,0.8655748117990754,0.43287679951821667,17.774200694520058
129,30,1.380867331181609,0.07621861242754681,0,0.004844505005924395,0.07649684216627016,0.7995259840094144,1.918907948518972,0.636068202609297,51.3914103314775
129,100,1.43809724964456,0.08033296268737167,0,0.004844505005924395,0.08564043702013772,0.8476123076184982,1.995713282178489,0.636068202609297,52.936291451404685
130,1,0.5406589839774609,0.040443569139585765,1,0.03543579296301675,-0.0025940405125661884,0.007817231527010401,0.16438054797985568,0.08424183043196663,0.6623202164558114
130,3,0.5820965839451885,0.04002229794419692,0,0.0335722137270159,-0.0017224217993366297,0.05024679201750916,0.32419856059181373,0.21041091489198016,3.557172422376002
130,10,0.8278585044053275,0.04343309288141529,0,0.023405785690079617,0.002122498324443723,0.302330220390804,0.9810112607455524,0.5691829489239232,27.90217072897644
130,30,1.3254869110537617,0.06467216886845391,0,0.02280390434683313,0.015237741921924775,0.7874452647850038,1.8841658308989415,0.591089122631708,46.26716677036881
130,100,1.3254869110537617,0.06467216886845391,0,0.02280390434683313,0.015237741921924775,0.7874452647850038,1.8841658308989415,0.591089122631708,46.26716677036881
131,1,0.6005453190210783,0.03823510552319618,0,0.09569745406608385,-0.0011078655965575488,0.005955730551551997,0.14583951435959527,0.11787897800612027,0.9830530301924886
131,3,0.6296918098083856,0.037933640512985055,0,0.08805401101843881,-0.00980868585830316,0.05144648464825005,0.34152044869377934,0.2633636382603154,5.0376497887132725
131,10,0.847576620419622,0.04532095655057855,0,0.06150337013895855,-0.020492350651579432,0.3065656009322429,1.0409492701074694,0.5918303919390182,30.557994306153912
131,30,1.3298460227554791,0.06615351018975824,0,0.06150337013895855,-0.037332984093421374,0.805675636709942,1.7948755759339716,0.5918303919390182,44.66796657995724
131,100,1.3298460227554791,0.06615351018975824,0,0.06150337013895855,-0.037332984093421374,0.805675636709942,1.7948755759339716,0.5918303919390182,44.66796657995724
132,1,0.46315110784549773,0.038053628900893095,1,-0.0327910766238409,-0.0065595450668590165,0.0025017295361976838,0.1716919571310171,0.1063026422893542,0.9345023946753155
132,3,0.5014134453734794,0.03818860094471,1,-0.03126252613453425,-0.010359423678633448,0.0430353951866471,0.3135075266871526,0.22080558464609928,3.730833646205914
132,10,0.6934793535804729,0.040650554105823654,0,-0.022005024872512425,-0.03383406983341746,0.24931844828640276,0.9095272364114182,0.577901342791823,27.182526824121982
132,30,1.1516470969694599,0.06081550785548041,0,-0.021688485389691363,-0.07930666169700826,0.7526422440561594,1.7828055849825786,0.5895284520211398,44.226300243268184
132,100,1.201519551438049,0.06297730266108201,0,-0.021688485389691363,-0.07649002070933378,0.799698057537074,1.852032099347196,0.5895284520211398,45.516857374485404
133,1,0.4737755887958753,0.04044547910325349,1,-0.03678230398023324,0.00656606864347101,0.003991824132637491,0.15541444063180282,0.07705860144665526,0.5664919220174222
133,3,0.5234139755260482,0.0415279780003969,1,-0.035410526810241726,0.01291494369686049,0.04590955863942938,0.3475309256537263,0.15650795732953052,2.4945973904823844
133,10,0.8038396541307192,0.04856539389915932,0,-0.02588960536604623,0.011419732260885843,0.31830952723587963,1.0639001515113036,0.487903673660377,23.94257773876738
133,30,1.307935497530919,0.06130150398903977,0,-0.022328984076560792,0.00691510289151388,0.823349378715966,1.9240158378292638,0.6098838777936065,48.869351479462026
133,100,1.307935497530919,0.06130150398903977,0,-0.022328984076560792,0.00691510289151388,0.823349378715966,1.9240158378292638,0.6098838777936065,48.869351479462026
134,1,0.4959937411691805,0.03915877006077973,1,-0.006155048302692519,-0.0016471586678483041,0.0037959481397214457,0.13678805501458696,0.08676375652296651,0.6133615397162693
134,3,0.5390564717083494,0.039634787990224185,1,-0.005800303164243535,0.006294782143530389,0.038561992729062425,0.26659737331608213,0.21450636299200618,3.2634646222627466
134,10,0.739379575748534,0.05113036140858065,0,-0.0038625167632639424,0.00919753924721888,0.23404455326457912,0.8392199595041454,0.5982564671079472,27.1949417778234
134,30,1.3782217308285944,0.1107512680214916,0,-0.003819780007685714,-0.007373932182596982,0.8894154430188771,1.9702313824541622,0.6089287171272113,49.664350176642984
134,100,1.3967166183986315,0.11038711648055889,0,-0.003819780007685714,-0.00996441677308276,0.9105008151794002,2.001266633021385,0.6089287171272113,50.2619654825872
135,1,0.511782169815227,0.03970652302068108,1,0.008962207391310265,0.0037665441727708143,-0.0009465817488541458,0.13406915780465914,0.072133056924557,0.47035705562427715
135,3,0.5561228099106087,0.03892472714818363,1,0.008580911201301956,0.017797086664276405,0.029744812045030367,0.27720002856566744,0.1627852789420825,2.2649222715393487
135,10,0.8254031959082551,0.04287758940668907,0,0.006015666505354095,0.03708134370919682,0.2823061856937041,0.9628138665813555,0.5223789849806345,24.534010535246175
135,30,1.3392086276686874,0.06416503807461767,0,0.0054726863150072755,0.0344304126576234,0.7993055286960569,1.9022378541059943,0.6033307112488095,47.80372336240966
135,100,1.3591444149092171,0.06510603843039756,0,0.0054726863150072755,0.034003484334645714,0.8196682442595641,1.935886886818493,0.6033307112488095,48.44571299839202
136,1,0.5421667590434615,0.04291015720673366,1,0.04171022762738824,-0.02719580801587499,0.02765233943194818,0.210190237014022,0.13078838140950175,1.4102506608001717
136,3,0.5626676959218292,0.04260918032315975,1,0.039232801854329216,-0.05730355638236228,0.08073845044986237,0.3460181543288939,0.25872887320745164,4.947874090275274
136,10,0.7275310885563875,0.04514523506173495,0,0.027826398769381942,-0.10311641077517628,0.3028211005621817,0.9204864517251095,0.57693804026532,27.31958558655631
136,30,1.2449002058139813,0.06537777686989772,0,0.02698169815584344,-0.16382277862540148,0.8817412862835391,1.8229068461916036,0.5995829453530057,45.93156327153658
136,100,1.3165462014396256,0.0674799198235714,0,0.02698169815584344,-0.16977982854551538,0.9593443318292978,1.9303383201230875,0.5995829453530057,47.96851531957477
137,1,0.5302116148521914,0.041894361533834676,1,0.024439502266441124,-0.0007012118296639828,0.00647332441541426,0.1491006157771028,0.07966226294354344,0.5762861631636643
137,3,0.5644215105723925,0.04140057024972133,1,0.02311284607678611,-0.003958089770079609,0.04526675426568605,0.30802368913278244,0.19724856924958697,3.1516596819687
137,10,0.7748572243273679,0.04505763042577104,0,0.016233467521838366,-0.004792972180171877,0.2634167289857015,0.937860171281182,0.5493282407750659,25.83437262281462
137,30,1.288646343227904,0.06834089717655725,0,0.015150435503183284,-0.007705453108208346,0.7812013608329291,1.9068212985820456,0.6025757929223863,47.816861916227154
137,100,1.288646343227904,0.06834089717655725,0,0.015150435503183284,-0.007705453108208346,0.7812013608329291,1.9068212985820456,0.6025757929223863,47.816861916227154
138,1,0.4554043613988509,0.03867413890899462,1,-0.05278178387812804,0.001517017386333434,0.006669127890645407,0.1505292274103961,0.10368877874815977,0.8335623062577391
138,3,0.48798962778229477,0.03865782061336826,1,-0.050260476705045416,-0.006860902181051489,0.045111006668391664,0.297306489432911,0.22025168616271693,3.6047770977886513
138,10,0.6909518017117651,0.04245537095032872,0,-0.0350432049429353,-0.017796077231274098,0.2437910838859744,0.8967438987914611,0.5830105934657415,27.28136607297578
138,30,1.1746374915346913,0.06528454698542342,0,-0.03412176897628754,-0.0449176497446775,0.7536769102556564,1.7719825289575948,0.6056174847051518,45.53414641751278
138,100,1.2204548894594356,0.066155779485238,0,-0.03412176897628754,-0.04595193010357676,0.8005285885392999,1.8296311877848945,0.6056174847051518,46.63819354769918
139,1,0.5329479032351492,0.039864048902496924,1,0.029771785195689904,0.004539941522637772,-0.0013638234831784039,0.12888961970685914,0.10235718827695142,0.7485039457914838
139,3,0.5680174421240132,0.040490033198709474,1,0.02899836000326353,0.015814746567294594,0.023204335553454858,0.24917787837047564,0.16998401632154211,2.2531488378190874
139,10,0.7404270820040718,0.04477963322069666,0,0.0217997962173224,0.01855258918082133,0.2000746966059281,0.8126115987681952,0.4811118405169486,19.682827755272147
139,30,1.3469054106290195,0.0702205510198892,0,0.019126887139625546,0.01203896493695598,0.8157395585524383,1.8821232283815454,0.6029511631743818,47.38288841099843
139,100,1.3682270814501165,0.0705525550808206,0,0.019126887139625546,0.012653588254279558,0.8364466060562114,1.9134582739973425,0.6029511631743818,47.98035341036098
140,1,0.45403856387375446,0.04229006858663339,1,-0.04088087452194906,-0.011762975972929307,0.006682414368632816,0.17973063060251723,0.0842611166966604,0.7034246140469167
140,3,0.4833779842266256,0.04236204999598572,1,-0.03899411692174582,-0.014996535350831449,0.03736863649920286,0.330658826098937,0.17588001788473887,2.817275094509574
140,10,0.6812077741644668,0.04625565431343752,0,-0.027572061591982555,-0.031536133855370685,0.24031596961182,0.9426491350351044,0.5233197174000538,24.260058350878626
140,30,1.2285428659686348,0.06609797556427774,0,-0.02539884093788986,-0.03472442319571621,0.788666130102241,1.8309085828170932,0.5962943441558283,45.76851032731137
140,100,1.2285428659686348,0.06609797556427774,0,-0.02539884093788986,-0.03472442319571621,0.788666130102241,1.8309085828170932,0.5962943441558283,45.76851032731137
141,1,0.5106466000015354,0.03936251427374688,1,0.016696085273566065,-0.012198506266541424,0.0061490209945107375,0.15532539491885508,0.08264963472317347,0.6219741397440338
141,3,0.5348944666038886,0.039204346730274654,1,0.01601128612976498,-0.012957853324007467,0.0318410337981311,0.28705604029676557,0.17567504986476226,2.570625228835022
141,10,0.6966929888492116,0.039929649860840265,0,0.011465456004610313,-0.016334477952488564,0.20156201079709002,0.8424243633533726,0.5196588517951709,22.383189450728946
141,30,1.237823463092512,0.06167709743210397,0,0.01060423043820414,-0.033424883726811565,0.7606441163811195,1.8190300807573327,0.5826590699243149,44.251837351593466
141,100,1.2635424562397495,0.06360411860598104,0,0.01060423043820414,-0.031388272964746125,0.7843264987662917,1.8556178038571092,0.5826590699243149,44.92597703832891
142,1,0.43460494630143887,0.043741163341337236,1,-0.06940557018733501,0.004534575898775377,-0.0005240594100015354,0.09196160464271796,0.0873987254438083,0.49571435304983497
142,3,0.4788554656095929,0.045000223653285085,1,-0.06835886243676861,0.010375475037972298,0.0368388530083893,0.2669690797937859,0.16195021755810332,2.1966310674094505
142,10,0.7791529217661468,0.05200430964787512,0,-0.05228806873991398,0.006266100505271385,0.3251748900007894,0.9902632951264101,0.4673486614155793,21.541846414491328
142,30,1.3099408641304122,0.07331631953363243,0,-0.04450955655990843,-0.03175717516065378,0.8862075958509746,1.9521770527489144,0.5986358326918837,48.28823271754484
142,100,1.3099408641304122,0.07331631953363243,0,-0.04450955655990843,-0.03175717516065378,0.8862075958509746,1.9521770527489144,0.5986358326918837,48.28823271754484
143,1,0.4939023338229533,0.043016789473797286,1,-0.008507485584362791,-0.0013254362190433461,0.003735255626359455,0.18260480677978264,0.07278131710083913,0.5877832519083732
143,3,0.5318078243469622,0.04366410355975828,1,-0.00819277010027729,-0.013598988619215454,0.05359958306645502,0.3719652652354317,0.163823275084732,2.7756776241920362
143,10,0.8270852060410674,0.04789889025091722,0,-0.0058583358703039766,-0.03549297826412456,0.36843652017549594,1.1159598100841366,0.5000172149165277,25.551719938688255
143,30,1.2237960345172318,0.06102611317327299,0,-0.0052469236928740825,-0.042142666003771055,0.7711856242138774,1.8260064428112324,0.5779261697877238,43.933383356132495
143,100,1.2237960345172318,0.06102611317327299,0,-0.0052469236928740825,-0.042142666003771055,0.7711856242138774,1.8260064428112324,0.5779261697877238,43.933383356132495
144,1,0.509080309015635,0.04204678917875638,1,-0.0007988813655690609,0.008790320862217312,0.001088869518986742,0.11556611268962808,0.10537827078404077,0.7362647930372281
144,3,0.5472686616433957,0.041297204298031645,1,-0.0007518136440598717,0.015454172372901318,0.0325663029145542,0.24873290852357424,0.231887166705523,3.52434667298432
144,10,0.750002652757354,0.040484979080394286,0,-0.0005031431017843354,0.02806044729737018,0.22244534856176829,0.8312604509622075,0.6153017212030472,28.14655416163256
144,30,1.384347559068959,0.07284982022426387,0,-0.0005031431017843354,0.01986832498827095,0.8649823771824725,1.9334043322001844,0.6153017212030473,49.591572595055815
144,100,1.4039244846544494,0.07601080473940788,0,-0.0005031431017843354,0.024872358672258277,0.8795552690839755,1.9689087659515927,0.6153017212030473,50.28240184995489
145,1,0.5323485461858046,0.039868861259948915,1,0.0400042128478818,-0.008930198241468306,0.0012745315793910724,0.17392859324589635,0.09848480126794833,0.8483941609350861
145,3,0.5542178739066648,0.03977992747407016,1,0.03838957725813683,-0.007540049200164401,0.023368345848692185,0.25532134409490365,0.2014314886227325,2.9094346832929423
145,10,0.6918905666188673,0.040632585388970514,0,0.02785755565419341,-0.02419976615185647,0.18823277711653022,0.7320033796318939,0.5211537216941465,20.65243970982422
145,30,1.2128374891310687,0.0666292233201336,0,0.025284108272505053,-0.06571614541989945,0.7532695262784631,1.7594728032571099,0.5957831450048495,44.37376938216656
145,100,1.2934401947635068,0.0698076253860655,0,0.025284108272505053,-0.06839477048431049,0.8365508569753122,1.8787253446121859,0.5957831450048495,46.620525099833834
146,1,0.4906417447800492,0.04442174547528009,1,-0.027728129186595413,0.0075990536704078245,0.01077082029623692,0.1566232138840754,0.11855147706494695,1.0316097942253393
146,3,0.5521561290557897,0.044405354362568594,1,-0.026260668204247793,0.013733463423859307,0.06468333383617829,0.34537731057044685,0.23990630168612312,4.440256104724596
146,10,0.8722075536640701,0.056250653277978804,0,-0.017635567527606383,0.018483888027470568,0.3713592331642058,1.0564252249777375,0.6138500073385464,32.42278426493864
146,30,1.4939252234375004,0.093220000634645,0,-0.016752494340204295,-0.009137647069323499,1.019815364847028,2.0824976479124904,0.6499728711758407,56.163053961574505
146,100,1.4939252234375004,0.093220000634645,0,-0.016752494340204295,-0.009137647069323499,1.019815364847028,2.0824976479124904,0.6499728711758407,56.163053961574505
147,1,0.43229886878415663,0.041299893803938684,1,-0.08473765073988895,0.014481193069005348,0.002555326455040252,0.14396602658480964,0.06133923571684482,0.3982340967984226
147,3,0.47484600514249303,0.04071469044514537,1,-0.07969565040276828,0.014784417553474568,0.03975723799178672,0.3033490699319311,0.16351729056111203,2.414105607598194
147,10,0.7497196967763312,0.04390727537297903,0,-0.05431019637763923,0.03151628783692841,0.27251360531704205,0.9745601070885261,0.5435641039116571,26.0950465157752
147,30,1.2770828323130459,0.06613247704446844,0,-0.050778229065198216,0.053730315338615775,0.7741307460396281,1.8853386217994603,0.5975049317788811,46.91274541715828
147,100,1.2770828323130459,0.06613247704446844,0,-0.050778229065198216,0.053730315338615775,0.7741307460396281,1.8853386217994603,0.5975049317788811,46.91274541715828
148,1,0.47168547435275165,0.043448399817354516,1,-0.033848548868706634,0.0006425732525823168,0.004891449968876089,0.1311679906123058,0.10997268467096341,0.8386008533753521
148,3,0.5211451182728778,0.043446446182571125,1,-0.03219780080623147,0.01392227804434051,0.03942064103476891,0.25862090855296227,0.2092383369780569,3.0956829537070556
148,10,0.7435610141598449,0.046153638814617065,0,-0.02264631412173875,0.026173856481285375,0.24003347180029824,0.8258769937585895,0.5377031236655263,23.185860550528382
148,30,1.3902060591034004,0.06900154041715516,0,-0.020167421245551643,0.027619773763026215,0.882753706585926,1.9028316105827585,0.6200645522567142,49.46935872537972
148,100,1.4150147779514302,0.06994552644795536,0,-0.020167421245551643,0.025679340856084473,0.9095028583408977,1.9442092508935451,0.6200645522567142,50.280698233479114
149,1,0.5057071346132775,0.04125326554579784,1,-0.006958373286298378,0.002076551660877533,0.01058895623869844,0.1707525224281717,0.09540611630832078,0.8030022905201197
149,3,0.5361328983669134,0.04136979881183907,1,-0.006701127159663578,-0.023501303939841605,0.06633532946641842,0.3675059268298808,0.18061830340283092,3.130694997647475
149,10,0.7861047907171917,0.047759171721411746,0,-0.004888139257646028,-0.060579689401541396,0.3515726193763791,1.082841627822815,0.5100304061984168,25.69076020006065
149,30,1.2116698289849979,0.06487788654121451,0,-0.00450498968855169,-0.08467149607240629,0.800846314745956,1.8507650105579605,0.5796692306503026,44.551683885732224
149,100,1.2116698289849979,0.06487788654121451,0,-0.00450498968855169,-0.08467149607240629,0.800846314745956,1.8507650105579605,0.5796692306503026,44.551683885732224
150,1,0.5590809322986762,0.043615420247824735,1,0.05644415814071298,-0.008974048950659955,0.011610823108623275,0.16988821919631106,0.10922139814581151,0.9640122063293414
150,3,0.5933867597151532,0.04314612229533541,0,0.05515796958467104,-0.018354660680875913,0.056583450811358155,0.31245506255701566,0.19263831236266718,3.0769067674124084
150,10,0.8021787802965145,0.04473408233041942,0,0.041600917656627365,-0.031272837111551655,0.2918506997514389,0.9059162718729643,0.4967535524852734,22.034156803825635
150,30,1.3489305175785296,0.06548441240444261,0,0.03696577022815727,-0.06780953744190787,0.8797742847922804,1.8447920594820615,0.5955752391781864,45.961249889259015
150,100,1.3489305175785296,0.06548441240444261,0,0.03696577022815727,-0.06780953744190787,0.8797742847922804,1.8447920594820615,0.5955752391781864,45.961249889259015
151,1,0.4971556312211945,0.04207081876091204,1,-0.008242749534872579,0.00034507303438423704,0.005053307721682946,0.15636061341650823,0.11424311421832373,0.9776058868418337
151,3,0.5182525278024839,0.04221488096833254,1,-0.007946141624750143,-0.01319575162669715,0.03939442105393109,0.2854787346466299,0.21910504419140114,3.4961146060363406
151,10,0.7100293524695254,0.04645895246713731,0,-0.0058620975017927325,-0.027189815083745076,0.2430812650550632,0.8566503277942756,0.534862954407843,23.53584932123735
151,30,1.2240137987953508,0.07188342070363286,0,-0.005483021332766883,-0.057510005091817695,0.7870068252199357,1.7600683640922414,0.5861948705874417,43.492938350767595
151,100,1.3027260465701476,0.07782930307156766,0,-0.005483021332766883,-0.06697562342736259,0.8751846913302771,1.8854442219130985,0.5861948705874417,45.81704434803077
152,1,0.4885756618796815,0.04793001905664535,1,-0.014776201400160362,-0.005033341780621614,0.008385205060463452,0.15827531617967483,0.0767901476823156,0.5708136231153444
152,3,0.5313214765248488,0.04789079576016982,1,-0.014033320894864199,-0.004762831816958327,0.05011762923667113,0.3209406661604878,0.16524851319061212,2.5406383515625635
152,10,0.8066690772411284,0.052583433057182896,0,-0.009449283099453976,-0.01236243033880727,0.3284807906793896,0.9808677698209638,0.5341548874856322,25.590945641651796
152,30,1.3533463148764149,0.0768791678706238,0,-0.008703513278481472,-0.025705553403052715,0.8877553815579492,1.8806228199872417,0.5953541742297621,46.6146049529839
152,100,1.3816066360604746,0.07761480056560152,0,-0.008703513278481472,-0.026606570930383832,0.91691672026934,1.9211190219850498,0.5953541742297621,47.377016906985524
153,1,0.5043190351684634,0.04334225309764745,1,0.006963806434493206,-0.002629062986695576,-1.5708279334155358e-05,0.1538408228619391,0.08221213388582269,0.613684798420199
153,3,0.5409078305344908,0.042158704636038706,1,0.006609996032275302,0.006737977211720795,0.027559857290494663,0.2639692757168713,0.1748512047022593,2.4263615626093906
153,10,0.7322729277452429,0.04118522460450833,0,0.004524547893427566,0.008874707985350902,0.2188736718664644,0.8410713854491196,0.5373054031153734,23.42012231731366
153,30,1.255187353354928,0.06236143628762048,0,0.0042514203073037386,0.021166788022948673,0.7297691450246756,1.7457720840882807,0.587594894609741,43.35718337462211
153,100,1.3625371087646367,0.07054208623165902,0,0.0042514203073037386,0.03379065626231967,0.8244950321950135,1.8771695445153522,0.587594894609741,45.79872979175494
154,1,0.5197723197512926,0.04058643705262362,1,0.016164857979566023,-0.0017123621813058816,0.005319823953032458,0.1909994488559113,0.08698390126892504,0.7646411504667266
154,3,0.5349046731983648,0.04084134522071443,1,0.01572555302417184,-0.013360372508031076,0.032539492682223975,0.2813477287702219,0.14427309330019966,1.9418166009433844
154,10,0.6675673343850338,0.04176559023935703,0,0.012272325071759302,-0.03979662268191244,0.1950916319951869,0.7515428040978364,0.4285436902208798,15.99222697693903
154,30,1.1638201470394935,0.05716043009404523,0,0.010027972694168864,-0.051989651043970284,0.7057818253892948,1.739939601527136,0.5834909876427694,42.87102382786917
154,100,1.2247198727351178,0.05822128534528675,0,0.010027972694168864,-0.04792639052172066,0.7626182905626698,1.8123147866501133,0.5834909876427694,44.20646216651227
155,1,0.5357408715815716,0.04282077240934373,1,0.023743939666093738,0.0019355443046048242,0.010061387610872987,0.16089372446954972,0.12745523179529147,1.1621871008224123
155,3,0.5792152312734097,0.04256663999505904,1,0.022826296143392117,-0.007196188690257609,0.06358512382027517,0.35618660347724773,0.23462534569469687,4.3835321471310715
155,10,0.867000435614985,0.049722839817455816,0,0.01664511782818715,-0.01372154650035965,0.36407686428715763,1.0975238923960033,0.5507821121921305,28.708973730588976
155,30,1.3337619238703846,0.06654462174254318,0,0.015511680907908967,-0.04765731237975167,0.8659075553422274,1.8992038280596693,0.6129041798116893,48.68900405414715
155,100,1.3337619238703846,0.06654462174254318,0,0.015511680907908967,-0.04765731237975167,0.8659075553422274,1.8992038280596693,0.6129041798116893,48.68900405414715
156,1,0.5118095484128925,0.043904975689863915,1,0.0039864995410066805,0.012325234207590194,-0.004502185335704218,0.11844419845833723,0.0777319599194495,0.4822206940348729
156,3,0.5458738863847622,0.043193887067193994,1,0.003813543061518652,0.02461946802026012,0.017440875302983338,0.23605517038930182,0.1687021672900148,2.15931197165657
156,10,0.7508415020086225,0.043212317324693314,0,0.002611590295663125,0.04225954566400668,0.2059703660489528,0.7932844788625544,0.5297028051468333,22.160928002636194
156,30,1.388551175303981,0.07561013277026273,0,0.002322386707411117,0.055628050912041205,0.8306007376845286,1.9134659598389374,0.6204541101149735,49.7167324017339
156,100,1.4504322592963879,0.07895906429442504,0,0.002322386707411117,0.05440307367255311,0.8937067989164234,2.0073954456870737,0.6204541101149735,51.559674161388216
157,1,0.49907757250655166,0.041704675585442635,1,0.006038852005778681,-0.00860213146813038,0.0016408519689032116,0.10519422522341686,0.06695098887326113,0.3644617441011857
157,3,0.5522561087730239,0.04147396051657693,1,0.005762081996850484,0.021391062698915192,0.02510296407725813,0.22099920689753602,0.14794756271906156,1.726122156361826
157,10,0.7740089616929834,0.042992491991813105,0,0.003937667120026991,0.04801190010978964,0.22205939446316686,0.8251504448792418,0.5277623152520969,22.57918017809358
157,30,1.3591532987743196,0.06261633651550166,0,0.0035682508115000154,0.0815882134174572,0.7739968345453621,1.8848567471705797,0.6037359190899229,47.5117286356577
157,100,1.3591532987743196,0.06261633651550166,0,0.0035682508115000154,0.0815882134174572,0.7739968345453621,1.8848567471705797,0.6037359190899229,47.5117286356577
158,1,0.4713925249276553,0.041682731249808834,1,-0.027652230421096054,-0.016054398244717497,0.015099153593468917,0.18132043631272318,0.08692494341847307,0.7373550636966996
158,3,0.5090073373383339,0.04182836751499253,1,-0.026179712233449566,-0.022424437372061908,0.0576114869438454,0.33577617125241876,0.2107205030145172,3.641617418603203
158,10,0.717366971980972,0.045860853805423624,0,-0.017940041857634082,-0.026978165014501967,0.2622851788531082,0.9715573486340472,0.574966174861574,28.118932307493022
158,30,1.2383325320617395,0.0637434873417881,0,-0.01728958311409909,-0.026595931685657173,0.782218046861496,1.8094075671023415,0.6024339401478191,45.94710959528469
158,100,1.2542878471865166,0.0638985712244165,0,-0.01728958311409909,-0.026774286294618633,0.7983517165952342,1.8290783192880626,0.6024339401478191,46.32184989384165
159,1,0.527386536527693,0.04125376636413808,1,0.04401188418674496,-0.008811476746681413,-0.007813870912370699,0.158789216115995,0.13277116184810567,1.2241433008480749
159,3,0.5677740498298502,0.04156789828579861,1,0.044140444444281245,-0.003361861324568412,0.026995466710137448,0.2916743776739364,0.16387591917793887,2.360758024784229
159,10,0.7570001317215762,0.04757739400319942,0,0.03635490976362266,-0.01748630528957668,0.23813152724753,0.8712134561066985,0.40734117601487857,16.469393374519257
159,30,1.3659734468011278,0.07299043068021267,0,0.029896533201053767,-0.03384011070296737,0.8699170243030414,1.9017201649046995,0.5926124763626395,46.7439232813887
159,100,1.3659734468011278,0.07299043068021267,0,0.029896533201053767,-0.03384011070296737,0.8699170243030414,1.9017201649046995,0.5926124763626395,46.7439232813887
160,1,0.5655788785184457,0.043526695158465745,1,0.06189495653080471,-0.0049798064734577025,0.008663728461098781,0.12830023945450825,0.09076333375790226,0.6287537764352412
160,3,0.6148676700030148,0.043403318990703973,0,0.05808659999075469,0.004411884315910598,0.05236918569634938,0.27748335220555154,0.21749221929643905,3.404297380317927
160,10,0.8556737197641396,0.04656426145623204,0,0.039857559546996796,0.02561154213991711,0.2902046180772258,0.9327379388672045,0.5678802452301049,26.948026516323047
160,30,1.3811680603734535,0.07262110851450296,0,0.038799059373250795,0.032267231913922355,0.8101017690862807,1.8295567566199986,0.5886626939373173,45.01551505824736
160,100,1.4067868531483476,0.07424180362946128,0,0.038799059373250795,0.03233034046961898,0.8356574533054779,1.862770671958292,0.5886626939373173,45.633797036630135
161,1,0.4465453317497124,0.043211601951384605,1,-0.06394426290316584,0.006634195685982548,0.003855398966895538,0.13184543788141123,0.12772206106022155,1.0483739731857376
161,3,0.4727911717372326,0.04397495024587153,1,-0.06169944108312799,-0.013064427505330595,0.04755504032569133,0.312828286199275,0.19568441583332566,3.1467196032298133
161,10,0.7281360683618268,0.05364634419510175,0,-0.04780546473577662,-0.02153085317542026,0.29747238627302364,0.9921699747962912,0.4677258158585393,21.593010580738177
161,30,1.2565535033746362,0.07295802523406102,0,-0.040740520618626715,-0.025330140964875427,0.8226241649581383,1.83560261067703,0.5884911287048499,45.11171421611485
161,100,1.2565535033746362,0.07295802523406102,0,-0.040740520618626715,-0.025330140964875427,0.8226241649581383,1.83560261067703,0.5884911287048499,45.11171421611485
162,1,0.5434270263554135,0.043043224728724724,1,0.03902063160293284,0.0031337955313704476,0.001272599221110252,0.14393172829572623,0.08280019552291469,0.5936685402404055
162,3,0.5695153987490467,0.04203933502474694,1,0.03670360723201555,0.003073887653365795,0.029737903863665326,0.29136164896061273,0.20499601716774543,3.2176600406927296
162,10,0.7496901327887563,0.04294524113087314,0,0.02481826256021286,-0.004744731472826617,0.2296166017013699,0.8930449933274575,0.5623123274198947,25.87898502920995
162,30,1.353484903098784,0.06616971908501568,0,0.023504194050687488,0.004647783810477194,0.8253329252376196,1.9174844717232484,0.6039484896577758,48.15565843507615
162,100,1.3687808641989119,0.066937201463072,0,0.023504194050687488,0.0014008999093363564,0.8438757702388882,1.940977586293212,0.6039484896577758,48.6043423454299
163,1,0.546984638732908,0.04155418960632027,1,0.04421355627941274,-0.008240871033281794,0.011011953486777044,0.15233558794958943,0.1141467881323152,0.9619050125407854
163,3,0.5711406611301677,0.04214677174262306,1,0.04154789327424619,-0.031018175499593213,0.060610943355514875,0.3306092122770935,0.23507012841481362,4.205017065167305
163,10,0.7894295348205251,0.0484096935964105,0,0.029168314362559195,-0.05750966183116007,0.317770882289126,1.0030811523107659,0.5715208143075851,28.45789949147374
163,30,1.281192014631854,0.06878314529714859,0,0.02857817562972684,-0.11168462138610831,0.8642984603882359,1.8636604341937408,0.5919847838885437,45.970175928699845
163,100,1.281192014631854,0.06878314529714859,0,0.02857817562972684,-0.11168462138610831,0.8642984603882359,1.8636604341937408,0.5919847838885437,45.970175928699845
164,1,0.47779263409108097,0.04572143318115939,1,-0.026212969952606642,-0.008931592975917701,0.012937197019605327,0.17652338267093529,0.08704619376553521,0.725512775496363
164,3,0.515263697156774,0.0458214086566253,1,-0.02484621998741669,-0.024191389877560567,0.0643013070217512,0.35776171982749266,0.19708029965357635,3.457901019795401
164,10,0.8041311414018112,0.04995564937044273,0,-0.017627363661048407,-0.02353500804946957,0.3452935131123294,1.0559161764165945,0.5218474008412617,26.03667072960896
164,30,1.4085133069569291,0.06794460857511803,0,-0.015566847114167183,-0.022859377262611783,0.9469395313337083,2.0109596549012583,0.6154253060756426,51.113277902219686
164,100,1.4085133069569291,0.06794460857511803,0,-0.015566847114167183,-0.022859377262611783,0.9469395313337083,2.0109596549012583,0.6154253060756426,51.113277902219686
165,1,0.5300665687721463,0.044349492767527775,1,0.04462571271494217,-0.02566652989316287,0.011107385950367192,0.16306064113675625,0.11701273461623064,1.0363464284888604
165,3,0.5722862417238261,0.044997632792309214,1,0.04304068423810408,-0.030434090071311894,0.05967964755703396,0.34420008251169526,0.2060426542122096,3.585184038821775
165,10,0.8014373737935587,0.05030651699386802,0,0.0321816257904179,-0.042235537707316285,0.3114912857104571,0.9731750101679504,0.5074018979029078,23.75653291325378
165,30,1.3337810497794187,0.06879449365449067,0,0.028906903990460982,-0.05826283161283706,0.863136977401795,1.8000553751063524,0.588994827889294,44.49761736157535
165,100,1.3902394553396482,0.07157543856895544,0,0.028906903990460982,-0.06128883388058366,0.9226213852297709,1.874740761504687,0.588994827889294,45.888681367801496
166,1,0.5257112045616283,0.04443903373137288,1,0.026378817529533,0.002145619933427072,-0.0028132329013318786,0.15704785442089858,0.08524094506465797,0.6531028728714026
166,3,0.5466331006454576,0.04437857090384181,1,0.024847998639528017,0.008980305771547,0.012804796234382462,0.2825754452225088,0.2142045679943649,3.3650602367943
166,10,0.7339907139305484,0.04525239361491088,0,0.016372738999698287,0.01591905678927347,0.20169891814157648,0.8787644287805838,0.5935586884661098,27.63546634373496
166,30,1.3091571722020368,0.06579483670833938,0,0.015840352955646557,0.005630669389391448,0.7876861498569988,1.8170751472970483,0.6196068678168138,47.743590965060044
166,100,1.418822195598389,0.06729341446013623,0,0.015840352955646557,0.008574329453106972,0.8944075131896355,1.9492197241620859,0.6196068678168138,50.332790781434305
167,1,0.40630124018757646,0.04265870089359387,0,-0.08951306833198176,-0.015539927564809456,0.011354236084367772,0.18093846175995315,0.0919884139169021,0.7939249207949891
167,3,0.43839917835955056,0.04222024357029738,1,-0.0854606193994148,-0.02633024123933348,0.050190038998298894,0.25086254589176954,0.20060973234006418,2.864066430214248
167,10,0.6465217870879173,0.041424704514032795,0,-0.06009155185197012,-0.03549248042539537,0.24210581936528278,0.7326233606096043,0.5392034771036177,21.686060708918045
167,30,1.3118848186997711,0.0737035801893927,0,-0.05518960663029246,-0.04844667009929076,0.9155210954293542,1.936356340481485,0.6011415026701499,48.23723374035461
167,100,1.3678306930564665,0.07912575520838995,0,-0.05518960663029246,-0.05075354807836405,0.9737738477651229,2.0496494417731186,0.6011415026701499,50.390908795852035
168,1,0.482135387281162,0.041666138193245106,1,-0.018598782085510385,0.0006061114043986592,0.00012805796227374067,0.13410274370084174,0.055843871656392076,0.3354339988288895
168,3,0.5009012818229203,0.04075270760235858,1,-0.01753008520545584,0.003505467011075467,0.014925900017300636,0.21115709521734782,0.16159961207041995,1.9048719235850702
168,10,0.6449278691738635,0.037251080326103636,0,-0.011423589550417206,0.010234146705999595,0.1461173120182811,0.6841661495674823,0.5604161250796564,22.056379946833506
168,30,1.2281879525529678,0.062071473262613,0,-0.010692542812881912,0.022514565814527283,0.7163659295513223,1.7759678854672478,0.6141646392422214,46.42017676908008
168,100,1.360690336787266,0.06719696160277573,0,-0.010692542812881912,0.031238896079565058,0.8401439835205828,1.9754756115176881,0.6141646392422214,50.29493426236358
169,1,0.4917387488743763,0.03795536699157688,1,-0.007383210942588381,0.002614430058035453,-0.0034924702410708062,0.09312764408483332,0.09666753095633437,0.5801840613097229
169,3,0.5242141053780793,0.0376744367605713,1,-0.007137003275147581,0.019236645942724017,0.012114462710502746,0.18482783912466,0.17419188657350898,1.9776354279129882
169,10,0.6886928859908024,0.03747126374115477,0,-0.005251205794916654,0.034089748758452804,0.15985434302726625,0.6882760089040076,0.4987815135435479,18.723287811422594
169,30,1.2445336055817344,0.05594288415675393,0,-0.004726963268795226,0.055396388284667517,0.6938641805658624,1.704223049640927,0.5913890184459292,42.931074167795515
169,100,1.3096884007927938,0.05808402486335556,0,-0.004726963268795226,0.05245342153858352,0.7619619425230059,1.814052966503339,0.5913890184459292,44.985043290981274
170,1,0.4976891586392238,0.04018162803422221,1,-0.0027486589932209193,0.00574668864634109,-0.005308871013896331,0.12917105143540053,0.09137588961951784,0.6372834743639645
170,3,0.5395562227244984,0.04123049076030319,1,-0.0026838401240908555,0.015610788201703571,0.026629274646885692,0.3165129454536204,0.0938223621693289,1.2174335077399063
170,10,0.8561047062705681,0.05068014953395492,0,-0.0020443129147974335,0.04071708459408734,0.31743193459127816,1.0320880437836744,0.39824672220343743,18.013159925294403
170,30,1.519196167966009,0.07001060218165023,0,-0.0015444366861224938,0.09470759365817599,0.9260330109939556,2.0536757100652037,0.6244746893492309,52.88710601762264
170,100,1.519196167966009,0.07001060218165023,0,-0.0015444366861224938,0.09470759365817599,0.9260330109939556,2.0536757100652037,0.6244746893492309,52.88710601762264
171,1,0.4885157108781279,0.04022593592160243,1,-0.01018342049711875,-0.008973774330528112,0.0076729057057746295,0.161273310424735,0.10578643881109633,0.8933845429606811
171,3,0.5283674539099339,0.04144793097291137,1,-0.010022056404763594,-0.024254158995783003,0.06264366931048049,0.37711340976376045,0.17644498545818474,3.088678904621914
171,10,0.7984211754190665,0.052081450886706834,0,-0.007541018942134898,-0.05996524465172281,0.3659274390129241,1.132301084934017,0.48585577404308655,24.861537718341552
171,30,1.2875460625180095,0.06636584931662425,0,-0.006339780033163832,-0.061930696957718155,0.8558165395088917,1.92174963826354,0.6220123748203847,50.035184154321406
171,100,1.2875460625180095,0.06636584931662425,0,-0.006339780033163832,-0.061930696957718155,0.8558165395088917,1.92174963826354,0.6220123748203847,50.035184154321406
172,1,0.5960061757950559,0.04192124810379734,0,0.08589663315633005,0.0034750301074880823,0.006634512531237733,0.1362266018485378,0.07114683763224097,0.4665613210951477
172,3,0.6468014432995692,0.0417780379523304,0,0.08100192287550638,0.0033117946115294324,0.06248772581253347,0.3410958821530006,0.19446388409406318,3.2934183364330862
172,10,0.9199968397443877,0.049474127417744276,0,0.05636416254862162,0.005315512497173459,0.3583171646985927,1.0750000071427521,0.5377147165767393,27.422653345936318
172,30,1.4241613304626348,0.06913720319907266,0,0.05115348030397017,0.023542484175168646,0.8494653659834963,1.9687645097179458,0.6117452388340835,49.92017533202909
172,100,1.4241613304626348,0.06913720319907266,0,0.05115348030397017,0.023542484175168646,0.8494653659834963,1.9687645097179458,0.6117452388340835,49.92017533202909
173,1,0.49373362601559173,0.04079068607220325,1,-0.003833945088147136,-0.016287320214542968,0.013854891318281807,0.1615910681634729,0.12218692353035786,1.096486883724384
173,3,0.5297254811978559,0.0397989303346577,1,-0.0036475115990466755,-0.0226367972069679,0.056009790003870595,0.31042234369903055,0.21042207380871977,3.465766584767255
173,10,0.7353915736318235,0.04041131534227417,0,-0.002590804882121312,-0.041837244471633464,0.2798196229855784,0.9244613585868741,0.560646884252197,26.329797652260755
173,30,1.219177083488317,0.06201557055827112,0,-0.0025626455268698924,-0.06623259281944995,0.7879723218346367,1.8489602825234117,0.5711415092000576,43.709652923681205
173,100,1.219177083488317,0.06201557055827112,0,-0.0025626455268698924,-0.06623259281944995,0.7879723218346367,1.8489602825234117,0.5711415092000576,43.709652923681205
174,1,0.448457428324777,0.041744241276805594,1,-0.05493082087325597,-0.0027332984840422883,0.0061215476820753656,0.16139241508276886,0.08545081339371603,0.6670177928943596
174,3,0.4732681648477317,0.04112247829273495,1,-0.05211522546050717,-0.014753542119023744,0.040136932427262496,0.29765305306844325,0.1967270283373162,3.0755656123800628
174,10,0.6622269355332341,0.042809620438072654,0,-0.03588419531869398,-0.032878833492008396,0.23098996434393634,0.8570640617114946,0.5597574373607447,25.079276924596716
174,30,1.1961359421059832,0.06742253246041922,0,-0.03437899764301902,-0.04866480586958332,0.7791797456185852,1.8493611852133054,0.6011632300286538,46.58557315465125
174,100,1.2504530037145898,0.06819667649573624,0,-0.03437899764301902,-0.04015298631611392,0.8249849876737229,1.9159308830370165,0.6011632300286538,47.85109310154936
175,1,0.5037589581415395,0.04467172120512547,1,-0.0004992577441170321,0.006433749949043055,-0.002175534063386604,0.12008530407957922,0.11595909604592329,0.8655626800272201
175,3,0.554553121237382,0.04480748970658227,1,-0.00048126087468061327,0.021792170333536982,0.033242211778525634,0.2694662293960651,0.16352260585646958,2.239002081919715
175,10,0.8145214384878188,0.0490871663471511,0,-0.0003733976846130156,0.04655825542222072,0.2683365807502113,0.9533286979289359,0.4340150844922347,19.040963307290344
175,30,1.3186164080380351,0.06350788348937282,0,-0.0003055421649702822,0.04454440713212791,0.7743775430708775,1.8600247527854037,0.589532935239297,45.66629148505243
175,100,1.3186164080380351,0.06350788348937282,0,-0.0003055421649702822,0.04454440713212791,0.7743775430708775,1.8600247527854037,0.589532935239297,45.66629148505243
176,1,0.5600077131112985,0.04467611158953195,1,0.047070288272710946,0.01533696374302644,-0.0023995389044387007,0.14630377014972257,0.09683933112800404,0.7445840570138254
176,3,0.5867979220217409,0.04629511185262797,1,0.04635348269739461,0.004466037082975825,0.03597840224137043,0.32397108359197047,0.1258928354815848,1.7909447062916195
176,10,0.8271573598983921,0.054176724281794604,0,0.03650665363643042,0.005813116673085503,0.2848375895888762,0.9901014254846275,0.4017038639404238,17.680090830006158
176,30,1.38975890785987,0.071514543541129,0,0.02862480361022218,0.006147187126058683,0.8549869171235892,1.9222508736189208,0.5926280103281428,47.13019631332598
176,100,1.410492548719635,0.0717942452392462,0,0.02862480361022218,0.005272694640384557,0.8765950504690283,1.9507504243599811,0.5926280103281428,47.664293374556884
177,1,0.5259892056673141,0.04235811675190581,1,0.0246368648921493,-0.0004701330351531325,0.0018224738103179163,0.12619281530781523,0.06402821321885971,0.38515000522023185
177,3,0.5657860212221943,0.04243629344708165,1,0.02382713300523064,0.022591697729960076,0.019367190487003538,0.2436648598191093,0.13983524328777125,1.6958292718666763
177,10,0.776632342137544,0.04309741839834557,0,0.016783475061653674,0.05697225573849964,0.20287661133739063,0.8397189886494946,0.48927353070100343,20.562421523201003
177,30,1.2827633262525746,0.05985541059502774,0,0.014849455352255238,0.09083729196150231,0.6770765789388172,1.7565163655934408,0.5923600283733109,43.99931432021879
177,100,1.3225110400464646,0.060985383099755694,0,0.014849455352255238,0.08803557402277243,0.7196260106714373,1.818520293003875,0.5923600283733109,45.160776157132425
178,1,0.5029926401822684,0.03847263630340642,1,-0.0021072782087226496,0.00990119492505217,-0.004801276534061116,0.19343451318796154,0.10470844886817815,0.9872025942276124
178,3,0.5081473716942241,0.0374162333770636,1,-0.001998997827135976,0.01902934176322198,-0.008882972241861941,0.12544893137094518,0.20701651298797238,2.176464067248135
178,10,0.556826824070877,0.03448938881053614,1,-0.0014236065956757412,0.026669794351181535,0.03158063631537114,0.4246017987647357,0.5587094492840539,17.373088163387344
178,30,0.9210183254629093,0.05356753525551138,0,-0.001355666005166697,0.022709920346792218,0.39966407112128377,1.2201587413690165,0.5984764463285603,34.418556536346856
178,100,1.3506012713502202,0.07822242496782561,0,-0.001355666005166697,0.025398308014845994,0.8265586293405411,1.949741200303305,0.5984764463285603,48.22625985179186
179,1,0.47844046529795675,0.04736690327660005,1,-0.029632201891923365,0.0004363180314616453,0.007636349158418521,0.1547071848860397,0.08104352790289009,0.604186966587195
179,3,0.5229356789292228,0.04791753759979895,1,-0.02828135246854431,-0.0106100982230514,0.06182712962081848,0.33248850717898865,0.18869620404717555,3.1099601990852377
179,10,0.8239168380483328,0.05544960268659143,0,-0.018999682614541158,-0.02481142946542692,0.36772795012830084,1.0311191287646388,0.5606486212991989,28.220874015670727
179,30,1.3825211277593108,0.08445859069867122,0,-0.0179855027073307,-0.05981896656618334,0.9603255970328249,1.9617815382266557,0.6050260466775387,49.10971181429447
179,100,1.3825211277593108,0.08445859069867122,0,-0.0179855027073307,-0.05981896656618334,0.9603255970328249,1.9617815382266557,0.6050260466775387,49.10971181429447
180,1,0.4671901929041673,0.037504369514876526,1,-0.03564566627785994,-0.00011494044619409713,0.0029507996282212862,0.1157233336963401,0.08289913339737161,0.5206889515969931
180,3,0.49233960891419326,0.03653262530217554,1,-0.0333112052346815,0.0017881013538555135,0.023862712795019184,0.22814333932720898,0.22483177135402496,3.220564651755614
180,10,0.6570599640448295,0.03621566371267781,0,-0.023779192134478874,-0.0028159836102802016,0.18365513978958856,0.7590139917092019,0.5723012576060947,24.09381696775946
180,30,1.218247398573605,0.06553834948808213,0,-0.02377919213447887,-0.01863164803568749,0.7606582387437711,1.9079681388127596,0.5723012576060948,44.88730741932507
180,100,1.218247398573605,0.06553834948808213,0,-0.02377919213447887,-0.01863164803568749,0.7606582387437711,1.9079681388127596,0.5723012576060948,44.88730741932507
181,1,0.5116520751296085,0.04249048739973486,1,-0.007446424029625782,0.00951239917894582,0.00958609998028849,0.18523716297345036,0.06022799505032365,0.46750715500724205
181,3,0.5529757315821456,0.044681969315634555,1,-0.007058025983142579,-0.0016635032526103632,0.061697260817898614,0.34354446913936837,0.16557302779505287,2.66567754415285
181,10,0.787639335800414,0.060040298586860115,0,-0.0047636441603975364,-0.018779709793194706,0.3111826897540062,0.9424675130571296,0.5413166215163198,25.399319765742796
181,30,1.439384309906855,0.09921194373216949,0,-0.004195267724137554,0.01599057709163906,0.9275890005393534,2.101089707016837,0.6335906675784794,54.79177195532395
181,100,1.439384309906855,0.09921194373216949,0,-0.004195267724137554,0.01599057709163906,0.9275890005393534,2.101089707016837,0.6335906675784794,54.79177195532395
182,1,0.49993686804172643,0.040772189700931265,1,-0.004296995396540705,-0.00016488401488271717,0.004398747453149951,0.15965879629705673,0.08018596595558543,0.6081750563165855
182,3,0.5306335892568037,0.03974632253887433,1,-0.004102124043014682,0.00547648657866329,0.029259226721155038,0.2430562177768241,0.19509862225248942,2.703222639166584
182,10,0.7001723673648169,0.03959825766725494,0,-0.002735288006140445,0.004089960629859615,0.19881769474109764,0.7512049294650449,0.5836778880842003,24.63862024517935
182,30,1.3161290143494226,0.07017854062700715,0,-0.0026033103579078836,0.003677081806421444,0.8150552429009094,1.837249309590569,0.6197820102805415,48.15591717113432
182,100,1.3677180120593337,0.07120479185674385,0,-0.0026033103579078836,0.003636364185017741,0.8666849582322241,1.919467059136494,0.6197820102805415,49.76732159447651
183,1,0.5135288722673488,0.04383706839660244,1,0.007990829091956735,0.009157345954252891,-0.0036193027788609606,0.13635172678493238,0.10952869565474628,0.8516317936301027
183,3,0.5561262019752696,0.04477919601506761,1,0.00778301800206573,0.02037478473923593,0.02796839923396804,0.24987024038450592,0.18139280308574707,2.473786957663744
183,10,0.7766560184886212,0.04687818234553775,0,0.005888064653923491,0.03902194376425352,0.23174601007044437,0.8421142817988199,0.49670379744797366,21.02902070966393
183,30,1.2772495108058197,0.06253844760860915,0,0.0052257021978758325,0.027530211369265343,0.7444935972386784,1.7694433883106877,0.5926689007477889,44.27032171882682
183,100,1.2960237049970014,0.06310238851213609,0,0.0052257021978758325,0.0281648206633195,0.7626331821358061,1.7950546290050895,0.5926689007477889,44.75032339800669
184,1,0.4609166100388292,0.04058456711206691,1,-0.040196922167825756,0.003935194051859933,-0.002821661845205016,0.14471985517374747,0.08786492600086444,0.6462444725915175
184,3,0.48096774773085754,0.03957608016418897,1,-0.03799303677068366,0.01514285376670809,0.0038179307348330843,0.16828521489883813,0.1916852235345142,2.1820036496491637
184,10,0.6324980441550366,0.03939174386857001,0,-0.026393696066176288,0.03209883659197146,0.12679290362924153,0.6557035317701454,0.538279299471585,20.32383968293528
184,30,1.1983405538989522,0.06390851077665306,0,-0.024724343875543554,0.05151919578592387,0.6715457019885716,1.717672876865579,0.5893711935675459,42.997657496391405
184,100,1.3146751191292567,0.06606489439228956,0,-0.024724343875543554,0.05852488459553355,0.7808745784092666,1.8821164138256303,0.5893711935675459,46.06248272895666
185,1,0.5043813405221838,0.04131846096151588,1,-0.004943879611996558,-0.0001710492981775168,0.009496269432357858,0.1318544468232898,0.10487243117162615,0.785070948440178
185,3,0.5409664639504121,0.04139134652360229,1,-0.0045919207394733656,-0.006788750973032501,0.05234713566291804,0.30345810386056266,0.2498761587342931,4.372324472795127
185,10,0.7636137572203245,0.04550221439093108,0,-0.0031673696161732866,-0.007346807384722943,0.27412793422122067,0.999365492166576,0.5909286050798224,29.71751293029883
185,30,1.2233076101558984,0.06128900175625942,0,-0.0031673696161732866,-0.01402545585856344,0.7405004356306352,1.7503763946164588,0.5909286050798224,43.75150591498878
185,100,1.2233076101558984,0.06128900175625942,0,-0.0031673696161732866,-0.01402545585856344,0.7405004356306352,1.7503763946164588,0.5909286050798224,43.75150591498878
186,1,0.5046944788853613,0.04222079660279829,1,0.005342827921933644,-0.009228872148562921,0.00858052311199061,0.190446646675518,0.10169783197632482,0.9395272425623798
186,3,0.5415674271898712,0.04245935903885647,1,0.005094521660257067,-0.015958691845011332,0.05243159737462538,0.3362804484286174,0.2017761898403959,3.433190568802641
186,10,0.7314159824594532,0.04485236190430143,0,0.0036988565825946803,-0.0346549384605276,0.262372064337386,0.9293064363598948,0.5224074137297999,23.98227351929327
186,30,1.328963511850664,0.0645778859359803,0,0.0034016041389429933,-0.042282767307495334,0.8678446750192165,1.8792922792650533,0.5901646186595014,46.08659469776351
186,100,1.3504318350658653,0.06481174451697175,0,0.0034016041389429933,-0.043566645259307486,0.8905968761862297,1.9052555239648399,0.5901646186595014,46.57113748793068
187,1,0.4910709895534749,0.043576415392025274,1,-0.014079089678290711,0.002751772338882394,0.0023983068928831305,0.14441496120412417,0.06384021210234699,0.4204265363145953
187,3,0.5473468865539656,0.04408697810896363,1,-0.013243241225717618,0.020698987679234,0.039891140100449314,0.3219785316268559,0.18864065145068867,3.0460176395085314
187,10,0.8284037187844875,0.047509013220448794,0,-0.008755496486532776,0.03061646331510658,0.30654275195591374,1.0397131750970376,0.5714600589639076,29.115759281192044
187,30,1.318123526786789,0.06350993153792305,0,-0.008531671812583833,0.03777612088259588,0.7888790777167771,1.8323556983174933,0.5950586181716263,45.67764011029716
187,100,1.318123526786789,0.06350993153792305,0,-0.008531671812583833,0.03777612088259588,0.7888790777167771,1.8323556983174933,0.5950586181716263,45.67764011029716
188,1,0.49325046300309866,0.045550416458502434,1,-0.012998983151935418,0.004806605446931625,0.0014428407081025745,0.12392401075870356,0.0847478195605824,0.5592324433121942
188,3,0.5309372702411234,0.044142351512700496,1,-0.012252995593444322,0.003791800587727635,0.03939846524684004,0.3135490420754131,0.2119946813799993,3.523171782431538
188,10,0.8156765971601949,0.04477383298839111,0,-0.008661399727764469,0.019839633244435002,0.3044983636435244,1.0295797065137438,0.5646206294399332,28.464242987808667
188,30,1.2849940240941224,0.062152319738156055,0,-0.008420351749289633,0.029094929194843452,0.7643194466485684,1.7918533108107346,0.5861536101910206,44.07827179002977
188,100,1.2849940240941224,0.062152319738156055,0,-0.008420351749289633,0.029094929194843452,0.7643194466485684,1.7918533108107346,0.5861536101910206,44.07827179002977
189,1,0.5280182449161389,0.04114462347402472,1,0.023656994247254644,0.002308068258025655,0.002053182410858725,0.13870929800939635,0.09443857875482327,0.6962751689598693
189,3,0.5504880144474926,0.041581736476926166,1,0.02276927503397181,-0.004479708474131296,0.03219844788765196,0.2512274961043606,0.18576646697580249,2.567099835465862
189,10,0.71940071123048,0.04576415732152644,0,0.015992694354703088,-0.020012466581366805,0.22342048345714388,0.8461657722263575,0.5373624859577821,23.510148826434275
189,30,1.2451525235210532,0.07513402560559099,0,0.014178428107798091,-0.02977356632420937,0.7607476617374643,1.845117513000725,0.6267478265278056,48.99115117350042
189,100,1.3508469395946714,0.07773329717434353,0,0.014178428107798091,-0.025764993681020778,0.8624335051678941,1.984946121625908,0.6267478265278056,51.76248519157568
190,1,0.5091146208623181,0.04097851472191575,1,0.01677356923855896,-0.014753552262226561,0.0070946038859856005,0.19371277079638255,0.08476270691071082,0.7464346219822359
190,3,0.5351928740345719,0.04040381005184081,1,0.016212628069672063,-0.017306574318012247,0.03628682028291224,0.30069292437523015,0.16414433452443505,2.412830583642847
190,10,0.6883599075742234,0.04018078360463921,0,0.01174731357838206,-0.011996388867824627,0.1886089828636659,0.8184161789343597,0.4886518805478626,20.19750742684705
190,30,1.2231660254687937,0.058166304392779464,0,0.010488667696861326,0.0192877048491722,0.69338965292276,1.6703079366957163,0.5818838142398199,41.44208912901242
190,100,1.4015523177207623,0.06648090867376817,0,0.010488667696861326,0.030810192501715274,0.8602534575221854,1.9185911221967318,0.5818838142398199,46.01069386637287
191,1,0.44456082011642195,0.04115426136434009,1,-0.059186612331555706,-0.015061490567131693,0.018808923015109325,0.20998848008922963,0.08471849831071795,0.7895300582303499
191,3,0.5000021083839609,0.04285429780612288,1,-0.05651645345125775,-0.030393393489624426,0.08691195532484301,0.38741820433389035,0.202243487369097,3.7711817150054934
191,10,0.7568040006138644,0.05094448026561971,0,-0.03818525671802695,-0.06678424935387889,0.3617735066857703,1.0192380396108593,0.5664990056421219,28.40732395705753
191,30,1.2908314043682214,0.08347867948374314,0,-0.036818208284693274,-0.09422661565895192,0.9218762283118666,1.9548320599760904,0.5934782007210382,47.82523076474454
191,100,1.2908314043682214,0.08347867948374314,0,-0.036818208284693274,-0.09422661565895192,0.9218762283118666,1.9548320599760904,0.5934782007210382,47.82523076474454
192,1,0.4536702707516838,0.041243982125487556,1,-0.052019825432728255,0.003633822860725983,0.0020562733236860428,0.15905178956936505,0.09332007120876433,0.7447593965436093
192,3,0.4965365038848207,0.0410458006981914,1,-0.04922722807909476,-0.0064230452328919736,0.05218677719680746,0.343268315107963,0.2100034648506739,3.6742184994984517
192,10,0.7547299625827142,0.044063181306146594,0,-0.03515671723370418,-0.018552668169114914,0.3084393479855332,1.0265193125640428,0.5376758305658915,26.595701362439478
192,30,1.2587744627160946,0.06278818790029925,0,-0.03342740968713869,0.006756037033710553,0.7854458353695227,1.8729485547851128,0.5786214884380368,44.857892312478015
192,100,1.2587744627160946,0.06278818790029925,0,-0.03342740968713869,0.006756037033710553,0.7854458353695227,1.8729485547851128,0.5786214884380368,44.857892312478015
193,1,0.46564851587529243,0.04106397649680106,1,-0.03533592772005531,-0.004151996802155494,0.005136440397503183,0.1884926373165692,0.12081769903721436,1.1817483201238295
193,3,0.4859928559733778,0.04150448726421395,1,-0.034096335614522716,-0.006770197982122102,0.026859389570022593,0.2569385890753875,0.18787473264359378,2.6426896330732936
193,10,0.6148766612311319,0.04494552464554309,0,-0.025436021857816165,-0.01528658947961447,0.1555992725685627,0.7026715186829642,0.5020381701376603,19.125779350141332
193,30,1.155837654810417,0.07262771406628973,0,-0.0224887681529363,-0.04195639811734825,0.7202828210807013,1.7790648708044916,0.6205528595434325,47.08914916406288
193,100,1.250578630121621,0.07458478634831667,0,-0.0224887681529363,-0.053848287714612864,0.82691568598917,1.9373846010780664,0.6205528595434325,50.19595292708794
194,1,0.49504288672434044,0.04191572512009246,1,0.003401091263805117,-0.00872155454917885,0.00036335000971412184,0.12281282976735068,0.08174252643628019,0.528760387576709
194,3,0.5502119628926001,0.04225782208683042,1,0.0032280645508229776,0.004176241907945092,0.04280765643383194,0.2934891487780399,0.19756219474914677,3.067826155296643
194,10,0.8484963351572068,0.05335056276161277,0,0.0022092708121018226,0.018889168038798917,0.3273978963063061,1.0222635348598494,0.5524626530398745,27.511101208365314
194,30,1.4243654681603446,0.08119690366678535,0,0.0020463537805623885,0.02444430938880692,0.8978748049909754,1.953845564479922,0.6082737656001403,49.28314779106797
194,100,1.4243654681603446,0.08119690366678535,0,0.0020463537805623885,0.02444430938880692,0.8978748049909754,1.953845564479922,0.6082737656001403,49.28314779106797
195,1,0.4509913791410672,0.04357134504324698,1,-0.05206291066858041,-0.01638611863802234,0.01944040844766988,0.18104061403279031,0.11777145939727203,1.1128540171108643
195,3,0.5190656329032107,0.043532332041418584,1,-0.04869708170166545,-0.018035210366014638,0.08579792497089092,0.38226584760171994,0.25047841051680847,5.011855158497601
195,10,0.8449208637178323,0.04558016526631123,0,-0.033596094444474235,-0.01755053187449908,0.3960674900368054,1.10323653973772,0.5963075028626849,32.04813027057964
195,30,1.370161351977863,0.06532230351212043,0,-0.03307918803402924,-0.030786173203127386,0.9340267132150193,1.9187832973564956,0.60862624855867,48.64366623706954
195,100,1.370161351977863,0.06532230351212043,0,-0.03307918803402924,-0.030786173203127386,0.9340267132150193,1.9187832973564956,0.60862624855867,48.64366623706954
196,1,0.4825470622167595,0.04248745965464292,1,-0.020176651941280578,-0.0016316946025262912,0.004355408760566372,0.1567917111539629,0.09131156778238281,0.7164044972072845
196,3,0.5170453495669186,0.0438024681003454,1,-0.01974133293157263,-0.0039506394935762395,0.04073732199206748,0.31736204794897926,0.15613755492218281,2.3379057184052354
196,10,0.7296024660528097,0.05058992386735382,0,-0.015090782311295495,-0.012315024903939686,0.25700827326804476,0.926117531893574,0.46033222856283923,20.182525907207403
196,30,1.3770751625818203,0.07378467742732435,0,-0.012232135243477058,-0.008688251903941352,0.8979955497292389,2.0431382327101417,0.6180751520581127,52.014087446139776
196,100,1.3770751625818203,0.07378467742732435,0,-0.012232135243477058,-0.008688251903941352,0.8979955497292389,2.0431382327101417,0.6180751520581127,52.014087446139776
197,1,0.4481131203569589,0.0408112573924239,1,-0.0666954227145797,0.01746959707560774,-0.0026610540040691234,0.18991979790161348,0.10784254834230235,1.0154532166418635
197,3,0.4599742146210225,0.04090527497466178,1,-0.06447949868748318,0.01152004376861237,0.012933669539893264,0.18543743606974966,0.1920504001841718,2.292546632776154
197,10,0.5626877857751431,0.03884563519833179,1,-0.047578368087556624,0.013328208229911096,0.09693794563278858,0.5454831148088227,0.5025212290622861,16.653959188285906
197,30,1.0372821314321858,0.05797116778316011,0,-0.043292856795165945,-0.022933006969010482,0.6035079951963623,1.542134625204573,0.5745005772310434,38.45355393371941
197,100,1.236951734583791,0.06530180053041161,0,-0.043292856795165945,-0.028421470395718833,0.8086660617746757,1.8202402003992744,0.5745005772310434,43.50598229866002
198,1,0.4949619440323731,0.04170936850215631,1,0.0019837939523558866,-0.0170569650848796,0.010035115164896755,0.18403675918365636,0.10563098812950665,0.9675902519043326
198,3,0.5351933919338964,0.041764892105418366,1,0.0019336605227238722,-0.008021210273348513,0.041280941684521136,0.2985842417810884,0.1688952605074495,2.4967786135740964
198,10,0.8014884160308997,0.04790940157852454,0,0.001458871925085335,0.007735348620220893,0.29229419548559327,0.9402550566793056,0.47541316724953975,21.282992401012216
198,30,1.4325294051875934,0.06887191199387564,0,0.0011998766043534407,0.025491054317160203,0.9058384742660797,1.975689385440877,0.6338477977628424,52.30563456169932
198,100,1.4325294051875934,0.06887191199387564,0,0.0011998766043534407,0.025491054317160203,0.9058384742660797,1.975689385440877,0.6338477977628424,52.30563456169932
199,1,0.5149120228064641,0.04343373655999921,1,0.017701788105289478,-0.00674845156785443,0.003958686269029125,0.1584153939067173,0.1096616927396149,0.9296396542476882
199,3,0.5575437331867668,0.04355580965484295,1,0.016744440156858803,-0.0008022594802144214,0.04160155251012251,0.2898761544197229,0.2030788213160629,3.165715544060775
199,10,0.7483680821736265,0.04723956326000102,0,0.011521901536143369,-0.012438386651403042,0.24928456728888623,0.8799467417092651,0.5515190129560353,24.965568015660452
199,30,1.3710059122538008,0.07822874498396959,0,0.010647223028878253,-0.011549902775684524,0.8719085920006073,1.9709161795913175,0.6101815176783614,49.80391602021047
199,100,1.3710059122538008,0.07822874498396959,0,0.010647223028878253,-0.011549902775684524,0.8719085920006073,1.9709161795913175,0.6101815176783614,49.80391602021047
200,1,0.5751184450179111,0.04163468796424122,1,0.07277485646228268,-0.003597833222983575,0.00594142177861205,0.15189218092512827,0.10880335242682428,0.8969657645395095
200,3,0.6061893236150346,0.04056253760138741,0,0.06796255184524859,-0.00401074715807133,0.042237518927857286,0.299617750401233,0.2423081758828984,4.152484277884884
200,10,0.767129072332381,0.04569903614220297,0,0.047753691751084834,-0.010491277715638042,0.22986665829693423,0.8636782219906175,0.5879959654571422,26.992524284920254
200,30,1.2929118942920186,0.07963940991508439,0,0.04693849318378605,-0.031338729597428464,0.777312130705661,1.798122305345043,0.6010093692203551,45.59690101122708
200,100,1.3482522632092668,0.08218233916141852,0,0.04693849318378605,-0.03270273795302387,0.8340165079785047,1.8943379989457356,0.6010093692203551,47.42553655605689
201,1,0.47369941144456956,0.03970697701353183,1,-0.027391065916462877,-0.00693542163535128,0.008025898996383776,0.14548121104598313,0.10982452162835844,0.8866656559956904
201,3,0.5129087312081514,0.03913240306465773,1,-0.026226664090158367,-0.012793616471537986,0.0519290117698479,0.3149968954436083,0.20152516439658913,3.2916841659697305
201,10,0.7400496331010235,0.041718801422248916,0,-0.019662063473903597,-0.016175347122087343,0.27588704369701444,0.9527427270408259,0.5180598202065229,24.09540796445071
201,30,1.2344945855316616,0.06077973939010264,0,-0.018414177777362758,-0.02752494045324673,0.780433703762271,1.8571818032758762,0.5818116704764089,44.87382259688475
201,100,1.2495648577749159,0.06155369753999414,0,-0.018414177777362758,-0.030141429916942783,0.7981204654692214,1.8852701199706783,0.5818116704764089,45.39060550506881
202,1,0.48289761793754216,0.044051334682666615,1,-0.023156919740556146,0.007714390861994554,-0.0016598531838963079,0.1261100885587236,0.10894557849891107,0.8098047793082754
202,3,0.5418399471697961,0.04337627942120483,1,-0.02154951262322157,0.03127138549496171,0.032118074298055924,0.2448574290507717,0.23556011487794393,3.5786614585640844
202,10,0.8113341501655075,0.04654262991375115,0,-0.015188915266866256,0.055425150544011405,0.2710979148883623,0.8720829559912496,0.5598441212751345,25.350587217555884
202,30,1.3757378781082128,0.06809351426577763,0,-0.014392938956618683,0.06709635545746864,0.8230344616073626,1.809816798022149,0.6027457477216627,45.98463423614115
202,100,1.399383696497878,0.06889606539726924,0,-0.014392938956618683,0.06679455735524983,0.8469820780992471,1.8450501210024925,0.6027457477216627,46.65619878191146
203,1,0.45803780481360823,0.04260611097128072,1,-0.052309731202256154,0.006543478024568546,0.003804057991295757,0.189726931637565,0.07875012315919223,0.6685877523334264
203,3,0.4986629884848894,0.04321361528938024,1,-0.05052872463781169,0.0012410622746787956,0.047950650848022344,0.3411871725039852,0.14138701054619163,2.1576132282009097
203,10,0.7516700719193674,0.04635704837892216,0,-0.036236953513255635,-0.007661499845866801,0.29556852527848976,0.9528365674065408,0.4830260150099165,21.932260725313405
203,30,1.180354248490221,0.06919603628907105,0,-0.03259243057721069,-0.016295398184237468,0.7292420772516692,1.7752895326903368,0.5638439036774249,41.70747384382943
203,100,1.180354248490221,0.06919603628907105,0,-0.03259243057721069,-0.016295398184237468,0.7292420772516692,1.7752895326903368,0.5638439036774249,41.70747384382943
204,1,0.45906489119020244,0.04056570070226063,1,-0.041704362218227486,-0.01003233818379185,0.01080159159222179,0.13401263159023266,0.10059103239923482,0.7462666881720678
204,3,0.5074934538571237,0.04043601312691882,1,-0.0395020304352716,-0.006413358506070191,0.05340884279846555,0.2879273258065525,0.20918294779959476,3.2883574306014625
204,10,0.7683287063506208,0.04565001748859993,0,-0.027520575255131494,0.006250670637325983,0.28959861096842643,0.9379461325513526,0.561776764582509,26.642488973511178
204,30,1.3183876812705282,0.07166291061226834,0,-0.026149212010984926,-0.0047290352436600595,0.849265928525173,1.8876138998014647,0.6033800067023202,47.52953666698776
204,100,1.3183876812705282,0.07166291061226834,0,-0.026149212010984926,-0.0047290352436600595,0.849265928525173,1.8876138998014647,0.6033800067023202,47.52953666698776
205,1,0.4668238566573861,0.039282241200905635,1,-0.04014516768468109,-0.002476632132651999,0.009445656474719318,0.13638413014082007,0.09379500237555592,0.6827247509956896
205,3,0.516414167662832,0.039570384174319996,1,-0.03776354943918569,-0.006170172696917212,0.06034788979893496,0.33226370752284573,0.217838066561957,3.7894555683182873
205,10,0.8195343788253052,0.04470911581090475,0,-0.026155009823814277,-0.007057905603326508,0.35274729425244605,1.0680422383906611,0.575972313742566,29.943824267733778
205,30,1.3305449486342518,0.06489078309331289,0,-0.02577670760906187,-0.004257323840977616,0.860578980084291,1.9272521673157097,0.5886324612614313,46.83116159667999
205,100,1.3305449486342518,0.06489078309331289,0,-0.02577670760906187,-0.004257323840977616,0.860578980084291,1.9272521673157097,0.5886324612614313,46.83116159667999
206,1,0.5028901093495877,0.046807448810561654,1,0.005189286686464561,-0.005235605732478906,0.002936428395602001,0.18192940890769413,0.06504096569973802,0.5079627214910073
206,3,0.5359144320098254,0.046761025941684846,1,0.005025845773174863,-0.0005184072617012642,0.03140699349835174,0.30252535516196805,0.12998406313638441,1.7778113618328022
206,10,0.7285486073218057,0.046421192164876536,0,0.003691386110310384,-0.006907774521261488,0.23176499573275675,0.8595528019977254,0.44556411846951455,18.38906423342566
206,30,1.2667721148555324,0.05985322339802302,0,0.0030790526116622626,0.009978717348044593,0.7537143448958256,1.7717490344721807,0.5787003425258881,43.01348602912107
206,100,1.3060984924135968,0.06026160631275785,0,0.0030790526116622626,0.013903446246125821,0.7891159935558087,1.8162381690735354,0.5787003425258881,43.82764215958286
207,1,0.4508896303497727,0.046325903587568606,1,-0.05544381378363963,-0.0056578988039721985,0.011991342937384608,0.15846011865285692,0.09689137999378863,0.7823904712414833
207,3,0.4845896986554621,0.04577359593383444,1,-0.0527703458456156,-0.02844633619112563,0.06580638069220328,0.34208372490417704,0.2051432717522967,3.549970892793606
207,10,0.7413461347729013,0.04952865877783294,0,-0.03752314695139311,-0.07733899551860737,0.35620827724290194,1.0234217131512984,0.5425657673055109,26.868330052954036
207,30,1.2900579064708977,0.07248120413068337,0,-0.03403013070645518,-0.11675671194331598,0.9408447491206686,1.9810391407423522,0.6182857001318188,50.821766834489225
207,100,1.2900579064708977,0.07248120413068337,0,-0.03403013070645518,-0.11675671194331598,0.9408447491206686,1.9810391407423522,0.6182857001318188,50.821766834489225
208,1,0.4809053109657342,0.043387356160414864,1,-0.02518291342867145,0.002894207723093727,0.003194016671312082,0.14875877999968815,0.0779674691799896,0.5590044184883475
208,3,0.5053404281266366,0.042890113145108905,1,-0.024417658623562336,-0.004527123765124682,0.03428521051532368,0.2915319956368778,0.1265441978464779,1.6730066815272366
208,10,0.721322435418184,0.046643584140789514,0,-0.018518415011436994,-0.011464711270372525,0.2513055616999934,0.891981042513303,0.42717977867788476,17.820029997207236
208,30,1.339257636265258,0.07135654828989818,0,-0.014444116159529842,0.006490479894450957,0.8472112725303367,1.9202459351537775,0.6193297840069818,49.73740609271677
208,100,1.339257636265258,0.07135654828989818,0,-0.014444116159529842,0.006490479894450957,0.8472112725303367,1.9202459351537775,0.6193297840069818,49.73740609271677
209,1,0.5138904550976565,0.044079674911477705,1,0.008262845619403974,-0.00552727842529722,0.011154887903549708,0.15697783188912917,0.11304592820138137,0.9652879941678979
209,3,0.5640096770977496,0.04427461009522907,1,0.00782506650653611,-0.016449409223036403,0.07263401981424988,0.3680323081426749,0.23416948231407386,4.45935799047945
209,10,0.8391079086244966,0.04993359625495382,0,0.0054156522765356286,-0.031487220989170624,0.36517947733713146,1.0923969633779813,0.5886265950765253,31.29058481865927
209,30,1.3973836411443337,0.07362434956422544,0,0.005189834722900688,-0.05715824736094464,0.9493520537823775,2.029333058199521,0.6234780777486614,52.30311077690591
209,100,1.3973836411443337,0.07362434956422544,0,0.005189834722900688,-0.05715824736094464,0.9493520537823775,2.029333058199521,0.6234780777486614,52.30311077690591
210,1,0.5060211832656618,0.04072911617905388,1,0.007225289962765607,-0.010149594600449757,0.008945487903345933,0.19355873908308457,0.09905516671392145,0.9165836253604246
210,3,0.5407801366231934,0.04084911500823508,1,0.0067704935225567815,-0.012531833869426466,0.04654147697006309,0.34168302398073097,0.21458163383873521,3.7746267706071817
210,10,0.7346894035737812,0.041747884186617595,0,0.004751332104418096,-0.011875237652932764,0.24181330912229584,0.9449547327653707,0.5486508651309734,25.913853605336488
210,30,1.3306288446041232,0.05806106159725097,0,0.004457570017972374,0.004792009993785807,0.821379264592365,1.898210357308003,0.6056446591039369,47.954246300425964
210,100,1.3306288446041232,0.05806106159725097,0,0.004457570017972374,0.004792009993785807,0.821379264592365,1.898210357308003,0.6056446591039369,47.954246300425964
211,1,0.5252945635759215,0.04403920261001943,1,0.01979433262524381,-0.00045108975695280654,0.005951320707630495,0.16146166192170341,0.0784171185722385,0.594843489232246
211,3,0.5664986900525996,0.04358706841691785,1,0.01874395848316534,-0.011459169078087169,0.05921390064752136,0.35431687004094214,0.19749466445415703,3.446244939833662
211,10,0.7949467534991332,0.04468277514218578,0,0.01262856275791956,-0.01959150114083143,0.3019096918820451,1.0237330510562552,0.5885708515818732,30.00859453100562
211,30,1.3551241416118025,0.06632588618909799,0,0.012445888781703761,-0.004968513107508907,0.8476467659376078,1.9721641469391602,0.6002426178637453,48.827722820313255
211,100,1.3551241416118025,0.06632588618909799,0,0.012445888781703761,-0.004968513107508907,0.8476467659376078,1.9721641469391602,0.6002426178637453,48.827722820313255
212,1,0.4665692186341551,0.043884464665961666,1,-0.03419853322238135,-0.004129416396750296,0.004897168253286762,0.11254988504994141,0.10638619145365567,0.7365506085820334
212,3,0.5280445463770623,0.044048980711092714,1,-0.03277282572525479,0.006944930534801426,0.053872441567515736,0.2998043450009303,0.2069487764685323,3.316341881697092
212,10,0.8152824182716277,0.050239981725855996,0,-0.023215612097346797,0.017922269722406587,0.3205757606465678,1.002136862438778,0.5487438534969723,26.91212954182564
212,30,1.3131225928758532,0.07364913214898947,0,-0.02223294362847497,0.004765104575792097,0.830590431928536,1.8726433777236928,0.58220900066554,45.19644710538536
212,100,1.3131225928758532,0.07364913214898947,0,-0.02223294362847497,0.004765104575792097,0.830590431928536,1.8726433777236928,0.58220900066554,45.19644710538536
213,1,0.4472503604406539,0.04275855299839659,1,-0.05547324189381047,0.004696363171748851,-0.0019727608372844987,0.12621658329407737,0.08599547198542684,0.5770927734975286
213,3,0.4909314230354301,0.0424223777973473,1,-0.0530241095870175,0.01830209866282169,0.025653433959625965,0.2892141237142452,0.15552681608579305,2.1873203362673825
213,10,0.7724367697435105,0.04649385897141143,0,-0.03683409607125416,0.04453031001108675,0.26474055580367795,0.9708883007356518,0.527826490615157,25.015556942257994
213,30,1.3761033350667775,0.07507278636967106,0,-0.03235894697349195,0.07131169514373696,0.8371505868965324,2.0096942310214096,0.6375483012337037,53.37118244395368
213,100,1.3761033350667775,0.07507278636967106,0,-0.03235894697349195,0.07131169514373696,0.8371505868965324,2.0096942310214096,0.6375483012337037,53.37118244395368
214,1,0.4806123821508279,0.03998175911580395,1,-0.023862034126962302,-0.0017138723913179962,0.0061882886691080686,0.1365992479358076,0.07834926363653277,0.5325610022671092
214,3,0.5197425732333217,0.041445914385746505,1,-0.022576426736699698,-0.006747870309529358,0.04906687027955069,0.33991684022150903,0.2045282298080935,3.5213348847731765
214,10,0.8189469904766761,0.04862473450224868,0,-0.01552396563489893,-6.034506973980388e-05,0.3345313011813145,1.0849914232836944,0.5701608790685483,29.842512047194415
214,30,1.3539755294580667,0.06837731694043954,0,-0.014763732646346173,0.024855839004713644,0.8438834230996992,1.9343106125471143,0.6106751513457073,49.146840775998335
214,100,1.3539755294580667,0.06837731694043954,0,-0.014763732646346173,0.024855839004713644,0.8438834230996992,1.9343106125471143,0.6106751513457073,49.146840775998335
215,1,0.5003156543948605,0.04222822129864841,1,0.003928619444477173,-0.0034747571417972603,-0.0001382079078194349,0.13660851772531693,0.05965445007565185,0.3702381850225876
215,3,0.5189244456325693,0.04175891638125924,1,0.0037927003167188716,-0.0020151563100769343,0.017146901625927437,0.2317883688610887,0.14928597307463462,1.7989898441309347
215,10,0.6612839661435684,0.042651006577141,0,0.0027294884958241465,0.012568249683810234,0.14598622796393418,0.724232525590634,0.4901619817541895,18.82345835247897
215,30,1.1959054287396602,0.06061805515540592,0,0.002502841955647963,0.049185429351655145,0.644217157432357,1.650654004784779,0.5590850153493551,39.06778932005544
215,100,1.2419259318730582,0.0636611921028873,0,0.002502841955647963,0.0493411460893702,0.6900819438280398,1.7185801564864658,0.5590850153493551,40.26871149223238
216,1,0.5154989838680524,0.039587336603140566,1,0.0021015455663557603,0.008959431149779635,0.004438007151917069,0.15699461813302487,0.08628181378530955,0.6637725732159335
216,3,0.5254832662585142,0.039018129117466965,1,0.0020077136784312087,0.0011542306500085255,0.02232132193007438,0.22928466490820737,0.19868412446157396,2.6889038013280344
216,10,0.6577537747241343,0.03732747007602254,0,0.0014221371066833648,-0.010318311433190256,0.16664994905064107,0.7001836666647504,0.56125718996004,22.388696584357422
216,30,1.1828020528976815,0.06043354798603178,0,0.0013599357059698696,-0.01646138960979616,0.6979035068015077,1.7187275400599775,0.5968533015378029,43.70464009829326
216,100,1.3185117430853472,0.06759999277747816,0,0.0013599357059698696,-0.027424426651070203,0.8445762340304477,1.9543353824807688,0.5968533015378029,48.15153988790757
217,1,0.4616351364647653,0.042356936323162564,1,-0.04663715530515946,0.006440648390887558,0.001831643379037322,0.17842114713569346,0.08378054914353424,0.694670249147894
217,3,0.4831413561790951,0.04132274771945295,1,-0.04310813850926064,-0.0010985651893689519,0.02734805987772472,0.29964616557729506,0.22453337799982856,3.7218681041282453
217,10,0.6750741150083058,0.04187414896736322,0,-0.02783212314360407,0.00019851903897850868,0.2027077191129313,0.8662103008532727,0.6174100775307959,28.966532078514664
217,30,1.2630393121531631,0.06572626955874271,0,-0.02783212314360406,-0.010677713603482282,0.8015491489002495,1.8740150024783895,0.6174100775307961,48.64313375090333
217,100,1.3313876589143074,0.06701547485614613,0,-0.02783212314360406,-0.010447821120574774,0.8696676031784861,1.9722091684037224,0.6174100775307961,50.56029834276284
218,1,0.4553551647355464,0.043738951602676934,1,-0.04428408341351455,-0.008935862592121514,0.008575110741182442,0.13263673098190149,0.08799144556707415,0.6139053642221387
218,3,0.49755387461895023,0.043853056110715695,1,-0.04255512446844955,-0.012162668235671128,0.05227166732307089,0.3113950692993978,0.1887334017212533,2.9849038502315057
218,10,0.7427964492274897,0.0485481367498937,0,-0.031479068184501836,-0.010274188690423609,0.284549706102415,0.9778316521179776,0.501316434890104,23.448960696700038
218,30,1.229090157207672,0.06434643878998458,0,-0.02776864697312064,0.002202384916363254,0.7546564192644293,1.765279370303887,0.5986907267664044,44.75530385253083
218,100,1.229090157207672,0.06434643878998458,0,-0.02776864697312064,0.002202384916363254,0.7546564192644293,1.765279370303887,0.5986907267664044,44.75530385253083
219,1,0.508161339226723,0.040350338729793885,1,7.215925646272638e-05,0.00792930977873808,0.00015987019152215594,0.11083422292031733,0.07634631549210141,0.45190669433040903
219,3,0.538311343310677,0.04045396904486877,1,6.993837047597887e-05,0.012360895011418899,0.02588050992878198,0.24846037824031755,0.13540976364432347,1.6437445021808879
219,10,0.7515886407291082,0.042868697471830884,0,5.1655607455876113e-05,0.02040996899570464,0.23112701612594772,0.8495277774690106,0.4662423604569918,19.399554398799257
219,30,1.3805336838385587,0.06564415772564096,0,4.200649848109263e-05,0.03300218883301803,0.8474894885070595,1.9632882522762425,0.6315305074485965,51.820471956245306
219,100,1.4046801850032196,0.06607516036857689,0,4.200649848109263e-05,0.03200248956835707,0.8726356889363812,2.0016667251077793,0.6315305074485965,52.58691877170654
220,1,0.5463801075306558,0.04244139229911001,1,0.037988306096784184,0.0040076590773415076,0.004384142356530017,0.13235054143797598,0.06670765421683214,0.41990953077979926
220,3,0.5946160831195854,0.042637668743407214,0,0.036045204651989717,0.00873239058983219,0.04983848787776349,0.3273204681061252,0.18153158638846956,2.9210819104517607
220,10,0.8648762778874589,0.04927084091689057,0,0.025225652365923865,0.006628255642533127,0.33302236987900213,1.0687569268269494,0.5400200658357958,27.472978367326235
220,30,1.3007381204417612,0.06816537433439966,0,0.02394964846109564,0.00675588029329492,0.7700325916873708,1.8361350872843796,0.5809362975934523,44.40358033820596
220,100,1.3007381204417612,0.06816537433439966,0,0.02394964846109564,0.00675588029329492,0.7700325916873708,1.8361350872843796,0.5809362975934523,44.40358033820596
221,1,0.43218146993574236,0.04085966357905105,1,-0.07353580411645537,0.006045438973112839,-0.00032816492091512686,0.10648771224675495,0.08765894887353785,0.5381783027934885
221,3,0.4823334140931258,0.04194505389269723,1,-0.07056513295154002,0.014599394550332852,0.03829915249433296,0.29403021404491814,0.19507180463542545,3.0171295404124625
221,10,0.7985948607773361,0.05603481012199708,0,-0.04849154307786819,0.027399071191201052,0.3196873326640032,1.01231084129586,0.5722999492732898,28.67783200961374
221,30,1.4655759477525279,0.10310035135107576,0,-0.04369054107223777,0.025993840024124297,0.9832726488006417,2.1960404917974046,0.6535094971016691,58.888186944101065
221,100,1.4655759477525279,0.10310035135107576,0,-0.04369054107223777,0.025993840024124297,0.9832726488006417,2.1960404917974046,0.6535094971016691,58.888186944101065
222,1,0.43444371516786917,0.042213942104073345,1,-0.06275171225784798,-0.015437081072097073,0.012632508497814224,0.18814993454052398,0.12315183942091065,1.2123345954479503
222,3,0.4703971944870879,0.04217876248146522,1,-0.061062773228864414,-0.015647992114970498,0.04710795983092272,0.28345465566170225,0.1998824438290785,3.0550954413766296
222,10,0.6564935616854417,0.04717532386326852,0,-0.046747616793208865,-0.03585452926132838,0.23909570773997887,0.7952250443393752,0.4858542772621695,19.682581189884747
222,30,1.1622138613538984,0.07532925599133695,0,-0.04106427552407067,-0.056882689872425625,0.760160826750395,1.8192966729733935,0.5930310253445807,45.239075190015654
222,100,1.1954383336996206,0.07630446481519591,0,-0.04106427552407067,-0.06011548396577514,0.7966180931894667,1.8765189133772506,0.5930310253445807,46.312180323276046
223,1,0.5536446117952947,0.043429204053636,1,0.04519046284035337,-0.00020419655829337238,0.008658345513234637,0.1843493008623555,0.11309965680523859,1.0638336871244112
223,3,0.5838083872890871,0.04322853665386434,1,0.043636308328458,-0.01831476612252175,0.05848684508315094,0.35567660322096173,0.2069796492416564,3.682737769843291
223,10,0.8051378290177014,0.046313467221647496,0,0.033438399707606065,-0.03276476496625896,0.30446419427635424,0.990314755235777,0.4980314473296126,23.440168544583315
223,30,1.276821223515132,0.06173159409723083,0,0.030582247408879094,-0.047454061390459865,0.7936930374967126,1.7727991771407139,0.5681030664932205,42.054300282363165
223,100,1.276821223515132,0.06173159409723083,0,0.030582247408879094,-0.047454061390459865,0.7936930374967126,1.7727991771407139,0.5681030664932205,42.054300282363165
224,1,0.5104853434191313,0.03955957923933176,1,0.004951744234948712,-0.009726098808664813,0.015259697992847442,0.19445221732279364,0.09303828662253552,0.8458341354471226
224,3,0.5266610007904374,0.039362677736422366,1,0.004753157976225004,-0.03255522689278234,0.054463069706994736,0.32449714082611836,0.2069304698906119,3.477511370478542
224,10,0.6675464479570785,0.04055478144296412,0,0.0033561587496697986,-0.07255135812239037,0.23674164732979916,0.8346766732255677,0.5668697633376366,25.124115659059104
224,30,1.2675190264379,0.07171401006555575,0,0.0031039364586820392,-0.11549013635112433,0.8799052263303423,1.9628609124894285,0.6298513236505112,51.64072890710886
224,100,1.3171203728167191,0.07544360530977601,0,0.0031039364586820392,-0.12181385412279978,0.935830290480837,2.060351121142498,0.6298513236505112,53.582504537267496
225,1,0.5017598884982432,0.044729640750002325,1,-0.006848657306075044,-0.0016102030419211067,0.010218748846239356,0.14700711955717322,0.08043994706971343,0.5785649448522543
225,3,0.5304374728240556,0.04548727566165317,1,-0.006616761904756791,-0.015543172556927966,0.052597407285740236,0.2920124843805165,0.17006031099666538,2.4849254787056867
225,10,0.779270986850792,0.053437650919077505,0,-0.004819227740008598,-0.03237503582445776,0.31646525041525847,0.9484940678447888,0.49050979583877563,22.320794289425265
225,30,1.3125916337536194,0.07451407077577171,0,-0.004177511618072039,-0.034298957269007946,0.8510681026406991,1.8335817717541703,0.5974587993274828,45.93039374782495
225,100,1.3411154631777593,0.07539289879716982,0,-0.004177511618072039,-0.0352165746949207,0.880509549490752,1.8756718088209157,0.5974587993274828,46.72561370356432
226,1,0.5420235186201633,0.041225339898673635,1,0.04161255683929594,-0.0006688238223146517,0.0010797856031821036,0.18063777387529076,0.10323428144847481,0.9267158296621628
226,3,0.5680937067822058,0.04009329948561977,1,0.03969024784232364,0.001200908518851053,0.027202550421031164,0.23359005161435764,0.20094841808928754,2.761295100229682
226,10,0.7240988962753923,0.04032982976251623,0,0.028795847405843365,0.00130574329031318,0.19399730557923558,0.7366837264724458,0.5159655033979105,20.43855283841992
226,30,1.2031988883712619,0.06337262491026975,0,0.02620792325250676,0.0018973784158481462,0.6750935867029073,1.665041507804191,0.5853504818667037,41.65567281250972
226,100,1.3127695112388966,0.06498927160460544,0,0.02620792325250676,0.004167695531624433,0.7823938924547655,1.810070835785101,0.5853504818667037,44.34022477604317
227,1,0.5263057891785385,0.03889023408555408,1,0.028428807420425917,-0.00103434194362767,-0.0010886762982596418,0.09537198324205252,0.07884439301266305,0.43436996730822763
227,3,0.5716625960514458,0.03903107256094779,1,0.027205728924311605,0.016508640836614064,0.02794822629051994,0.2560183429624397,0.18180418232335452,2.517108703480887
227,10,0.8251618062182958,0.04293929599078409,0,0.01846687461038555,0.03497609058417589,0.27171884102373445,0.9400886751171207,0.5642363268076422,26.841248765161644
227,30,1.3514724306112924,0.06343832019722598,0,0.017708803341094308,0.038051843561488774,0.7957117837087092,1.8444301901055267,0.5988492913180747,46.26906120143192
227,100,1.3514724306112924,0.06343832019722598,0,0.017708803341094308,0.038051843561488774,0.7957117837087092,1.8444301901055267,0.5988492913180747,46.26906120143192
228,1,0.4859895226783702,0.04247151734792181,1,-0.027271246251489408,0.0012667779185763653,0.011993991011283163,0.18620655295397073,0.1036106788309552,0.9495737993021642
228,3,0.5366646662812593,0.04350963349754817,1,-0.025367381095757504,-0.012086843196406296,0.07411889057342307,0.390054117699497,0.22726191747195465,4.436436041222852
228,10,0.800909982366844,0.05359220496743304,0,-0.01717250795583304,-0.032468267402771506,0.35055075772544847,1.1366661901600186,0.5603345632635676,30.069724363701795
228,30,1.252727170900477,0.07352204294970344,0,-0.016614729151522917,-0.014771612420050114,0.7841135124720502,1.9166464559477423,0.5850869960692782,46.28726088299046
228,100,1.2759738760328272,0.07382851146765224,0,-0.016614729151522917,-0.01278057301779612,0.8053691782021464,1.9489144464818988,0.5850869960692782,46.88428567586764
229,1,0.5078234074447157,0.042264026865297226,1,0.007304928804153998,-0.0016297493343294472,0.0021482279748911005,0.1503559451261658,0.07166947058155847,0.5031956617805584
229,3,0.5568244248562968,0.04236777169574159,1,0.007018917913925007,0.005640627192320541,0.0441648797500513,0.3287102324243335,0.16973425951531584,2.675385144527739
229,10,0.8809053707829102,0.048127502047526416,0,0.004893997018013484,0.014166424148819395,0.36184494961607727,1.0867088621054564,0.5341267024166257,27.376835568312263
229,30,1.3883776856893941,0.07144186126175542,0,0.004362757736015223,0.022553110250995677,0.8614618177023828,1.9844861508658325,0.623894330306872,51.461445463334506
229,100,1.3883776856893941,0.07144186126175542,0,0.004362757736015223,0.022553110250995677,0.8614618177023828,1.9844861508658325,0.623894330306872,51.461445463334506
230,1,0.557837837442543,0.043531990375706084,1,0.05461906250674908,-0.0067946182662174765,0.010013393202011478,0.1580413396297916,0.09971110770496526,0.812730088857721
230,3,0.603129089717441,0.04311625247185308,0,0.05202393003129071,-0.007814135389804213,0.05891929507595451,0.30379702040957896,0.2053720602495062,3.3067653870955596
230,10,0.8400039618109043,0.04875491785799221,0,0.03805854260920263,-0.009089321418588295,0.3110347406202899,0.937524930558418,0.5188270038691403,23.89400273845163
230,30,1.3122614009482518,0.0688506315555697,0,0.03576668888223254,-0.02683881227980881,0.8033335243458283,1.7603032139095784,0.5639033096726456,41.44568857818083
230,100,1.3503058537388262,0.06914874094594566,0,0.03576668888223254,-0.029618119671294702,0.8441572845278883,1.8186871579219992,0.5639033096726456,42.486802066570505
231,1,0.4478823260867832,0.04232481686805769,1,-0.048291352281332134,-0.008766628787175474,0.004940307155290846,0.2255471644954464,0.12199922661734092,1.340818090184727
231,3,0.47932574329300054,0.04308015012801219,1,-0.04784744926635078,-0.008376021646122608,0.035549214205474036,0.3322577154639518,0.11038493872774068,1.5451230888635126
231,10,0.6744218366233038,0.04866480493401577,0,-0.0402772942365126,-0.014063094345150632,0.22876222520496706,0.8449180334848256,0.3500888244406815,13.229658842399603
231,30,1.249061938402045,0.06726475513122228,0,-0.029659069690749187,-0.021720474876856365,0.8004414829696503,1.8624757134857366,0.6055867779390609,47.2642244784606
231,100,1.2857284013664898,0.06683825559383062,0,-0.02927594547026785,-0.024533126998865815,0.8395374738356233,1.9072505809542966,0.6176322081299722,49.31410520758779
232,1,0.49987009464139387,0.04042206446466832,1,-0.015802473586937534,0.0039005648570056947,0.011772003371325744,0.17697777654681782,0.08717258833531437,0.7281672734350312
232,3,0.5257280297844461,0.03986197530529491,1,-0.01504832064088992,-0.007904360372251217,0.04868071079758728,0.27425725336460166,0.18667921584394612,2.7210532367087343
232,10,0.707771765762654,0.04142050806597971,0,-0.010329577139385518,-0.015515859075911902,0.2336172019779515,0.7695908964441965,0.54331513069435,22.55721307173885
232,30,1.2961099334522244,0.06496156248688999,0,-0.009111266528805667,-0.005422647636979633,0.8106438476180099,1.8299157003954303,0.6375263448533434,49.74450308582799
232,100,1.4518753704935172,0.06940512434200496,0,-0.009111266528805667,-0.0016823033503541253,0.9626689403726768,2.0566847752693596,0.6375263448533434,54.31624772581171
233,1,0.4655917807314526,0.04290213584521807,1,-0.03711719976543922,0.001297630806296785,0.001411349690595167,0.13792118787140423,0.05998892168618984,0.37543869764186366
233,3,0.5007997041078245,0.04322742610231468,1,-0.035601705638349086,0.008869067826942164,0.027532341919231394,0.27863646577257273,0.14371467668588211,1.9194411246954775
233,10,0.7326488330453419,0.0482461264870786,0,-0.025386949832895758,0.02650977585813348,0.2315260070201042,0.8917528756838192,0.4890034293087339,21.35152699225858
233,30,1.2615237195413935,0.06878251127789825,0,-0.021656989321433943,0.05438684426888924,0.7287938645939381,1.7813197147782964,0.6083240249633856,45.96932509433135
233,100,1.3008925943389076,0.06887018380894191,0,-0.021656989321433943,0.054951542376665934,0.7675980412836756,1.8386878230962151,0.6083240249633856,47.072909355639815
234,1,0.471137684374683,0.04162758445040699,1,-0.02994556969047512,-0.0053539466392724215,0.0064372007044305474,0.14965602299066547,0.08209050124354209,0.6015976577724614
234,3,0.515465565981119,0.0418581092639364,1,-0.02835745213972882,-0.013213320570378629,0.05703633869122646,0.35529407187792406,0.2038868788655844,3.6053019696604833
234,10,0.8151746079264302,0.04870382195813949,0,-0.018863692229295587,-0.031044926947030912,0.36508322710275654,1.0940502300025532,0.5862296039736047,31.149376730702013
234,30,1.2866310635776694,0.06855412939198507,0,-0.01770640900658425,-0.0698262667176345,0.8741637393018886,1.9107870740163913,0.6316397521506516,50.78294896646776
234,100,1.2866310635776694,0.06855412939198507,0,-0.01770640900658425,-0.0698262667176345,0.8741637393018886,1.9107870740163913,0.6316397521506516,50.78294896646776
235,1,0.5468343047892624,0.04050176780709905,1,0.05603580228753356,-0.013159778533505653,0.003958281035234528,0.1679008675199919,0.05744337676042822,0.40934211717211755
235,3,0.5756144988755159,0.039480326858468924,1,0.05365618457171129,-0.010713188519155495,0.03267150282296014,0.290699669582502,0.15520018125875573,2.188414336460591
235,10,0.7276783975765179,0.0418162737638935,0,0.03669964612818359,-0.02620653192228222,0.21718528337061657,0.8554072096937982,0.5272044231072671,23.050441693771763
235,30,1.278498352770149,0.07026954453618664,0,0.03391628939243535,-0.01597382864329317,0.7605558920210068,1.8986429902745214,0.5917349068959723,46.60070023830556
235,100,1.278498352770149,0.07026954453618664,0,0.03391628939243535,-0.01597382864329317,0.7605558920210068,1.8986429902745214,0.5917349068959723,46.60070023830556
236,1,0.49283422491901063,0.03959673753520074,1,-0.011992729556554341,0.0012623056371711004,0.0035646488383938362,0.15377907689726764,0.10612497142590444,0.8722292178576395
236,3,0.5115736137892356,0.03918752047226768,1,-0.01165215672847731,-0.006205365517933677,0.029431136035646552,0.24291886349592967,0.18807854086914427,2.563385371006778
236,10,0.6471924794029669,0.04005193116415371,0,-0.0086510915647626,-0.009257011798927427,0.16510058276665693,0.7078994169566216,0.5187551600243829,20.12262867968844
236,30,1.2374986130529038,0.07163132627888172,0,-0.007840412564941885,-0.01592961929187709,0.7612686449097226,1.832645038719467,0.6117102143696641,47.2835480165632
236,100,1.3227594064429433,0.07649157971414394,0,-0.007840412564941885,-0.012175298693968575,0.8427751177018534,1.9654116279889688,0.6117102143696641,49.85178166050109
237,1,0.5181583862509892,0.04373418484938973,1,0.02249463305752593,-0.0020703702993055905,-0.002265876507231198,0.13464515933610202,0.07419728887410211,0.4900121091265005
237,3,0.5544189187867363,0.04553665042687645,1,0.021488064808673466,-0.0038653273080763912,0.03679618128613928,0.3298036563251726,0.15201255857981585,2.31611905923055
237,10,0.8495330297408498,0.05330082264728719,0,0.015308249735261981,-0.009332646121700084,0.34355742612728773,1.0615361734006148,0.49298390995265823,24.234222011694676
237,30,1.3700184346617366,0.0734932554654123,0,0.013193757274494596,-0.021501121019620133,0.8783257984068616,1.952063973227086,0.6034799596079238,48.76926428027288
237,100,1.3700184346617366,0.0734932554654123,0,0.013193757274494596,-0.021501121019620133,0.8783257984068616,1.952063973227086,0.6034799596079238,48.76926428027288
238,1,0.4473799996604053,0.043798621508783143,1,-0.05838851916446174,0.004144351889327146,0.0016241669355398424,0.13562428401715476,0.07884050598075167,0.5346941153039128
238,3,0.4795633826331796,0.04370384844147102,1,-0.05687758594782501,-0.002366615141693206,0.038807583722697755,0.2903477872749412,0.14224695065018053,1.9459164864696303
238,10,0.6954769317094415,0.04781642553074612,0,-0.04252564101339825,-0.001996671115195268,0.23999924383803478,0.8573145528884925,0.4427874271249667,18.204246198279197
238,30,1.2519502299954788,0.06735018579257356,0,-0.036022425610602704,0.0032492736772604222,0.784723381928821,1.8416068036056874,0.570283443655074,43.495898328318106
238,100,1.2519502299954788,0.06735018579257356,0,-0.036022425610602704,0.0032492736772604222,0.784723381928821,1.8416068036056874,0.570283443655074,43.495898328318106
239,1,0.5253618937910233,0.04093380672024948,1,0.01610767549072864,-0.0013808939748182535,0.010635112275112817,0.15182667338051548,0.10805536779059997,0.8880197300391858
239,3,0.567688089795985,0.04097467863509226,1,0.015155397199631779,-0.01006487751838796,0.06259757011474122,0.34723925633160924,0.24378844438885594,4.556390653618079
239,10,0.8084761025778157,0.04859337015727654,0,0.010963473467622825,-0.027780815710878613,0.3252934448210715,1.0635185680070747,0.565933194349484,29.161286262881227
239,30,1.2699579755171138,0.06482017810687106,0,0.010569873487155242,-0.03641276559475144,0.7958008676247103,1.8788149324894432,0.5976481786578456,46.80340649820457
239,100,1.2699579755171138,0.06482017810687106,0,0.010569873487155242,-0.03641276559475144,0.7958008676247103,1.8788149324894432,0.5976481786578456,46.80340649820457
240,1,0.4684631608502944,0.04146065192813691,1,-0.037851590009718265,0.0037909886291664593,0.0025237622308461696,0.15419699938807865,0.0968535848129143,0.7689125264208413
240,3,0.5081454807139183,0.04112190594611373,1,-0.0360192557510791,-0.001397181108815783,0.04556191757381314,0.31107909424818597,0.1912119656337179,3.037179881135054
240,10,0.7466669689222142,0.04421640221524015,0,-0.02530200454955916,-0.00901374757468001,0.2809827210464534,0.9740139855610446,0.5535239492253929,26.737969309423903
240,30,1.2552881327188987,0.0638031277617541,0,-0.02392960448839602,-0.005063105474042216,0.7842808426813369,1.8621602269942217,0.6078621168937581,47.4794806807282
240,100,1.2552881327188987,0.0638031277617541,0,-0.02392960448839602,-0.005063105474042216,0.7842808426813369,1.8621602269942217,0.6078621168937581,47.4794806807282
241,1,0.6594148141131251,0.04096403410529761,0,0.15867853838018875,-0.015200021274827214,0.015936297007763722,0.21166953148188453,0.0966669324897497,0.942546586667758
241,3,0.694133643999112,0.040535701566942986,0,0.15150008505652376,-0.022061491464240687,0.06469505040682894,0.36485625881393235,0.2121596420599662,3.87124408885072
241,10,0.878733239787721,0.04401719472620899,0,0.10713371778209689,-0.04887299036610831,0.3204725123717324,1.0280563038944905,0.5644059180547611,28.42239673220013
241,30,1.2909382862526828,0.058832803582087215,0,0.1032618153603201,-0.07692586975321286,0.7646023406455755,1.787229014482096,0.5928605654427741,44.62167481155274
241,100,1.3595100866170817,0.06145320226641801,0,0.1032618153603201,-0.07406053351895624,0.8303088047757176,1.8830636313271378,0.5928605654427741,46.418372357988865
242,1,0.5286890147357611,0.03959036625140413,1,0.01766715110998496,0.008301167547170045,0.0027206960786061033,0.09940036555966696,0.08186716943371024,0.46927757758449473
242,3,0.5696762552989872,0.039643887353874425,1,0.016885022488863855,0.006595958629075788,0.04619527418104761,0.2932284602998669,0.1715466019371122,2.521302401624601
242,10,0.8615193648569002,0.046098484261714694,0,0.011985785853135129,0.014691136535406652,0.3348424424683583,1.0449321494237758,0.5390879320048877,27.003514609344066
242,30,1.3696939560958756,0.06691390067664346,0,0.010931729041296098,0.022146695410105173,0.8366155316444744,1.9712974677010817,0.6162616261635977,50.426102523032256
242,100,1.3696939560958756,0.06691390067664346,0,0.010931729041296098,0.022146695410105173,0.8366155316444744,1.9712974677010817,0.6162616261635977,50.426102523032256
243,1,0.4122652937049706,0.04720431588251356,1,-0.10176232660182767,0.014117106886755649,-8.948657995744209e-05,0.10672693312122879,0.09185319700742489,0.5768063963585055
243,3,0.45421705810714347,0.0475137390336571,1,-0.0965827769455574,0.0032078451232247012,0.04759198992947615,0.31627163693524724,0.17926092975047003,2.8090395016416307
243,10,0.7765099865160656,0.05258043678847356,0,-0.06732466041587327,0.002215225983327628,0.3416194209486112,1.0513505262373923,0.527433079713811,26.33237144154447
243,30,1.30974244978607,0.06867988228435674,0,-0.06054704625017346,0.0045724533329201626,0.8657170427033231,1.8931965916456095,0.6117556770814354,48.459336462257255
243,100,1.30974244978607,0.06867988228435674,0,-0.06054704625017346,0.0045724533329201626,0.8657170427033231,1.8931965916456095,0.6117556770814354,48.459336462257255
244,1,0.4874987781589644,0.040906552100613405,1,-0.019748826032538396,0.010132669481313382,-0.002885065289810629,0.14644871189395267,0.09013098570733453,0.6742975675960019
244,3,0.5153560004893164,0.04086407049191107,1,-0.018847261760713087,0.01177278861613627,0.022430473633893375,0.24104059445887202,0.15781032919013738,1.9904259626426686
244,10,0.6702074076905234,0.0439563210164303,0,-0.01325838724201642,0.006028229383920598,0.1774375655486191,0.7732408059901527,0.5230832037032976,21.442940465634166
244,30,1.2426126332201637,0.06986510946866824,0,-0.011799225079040165,0.02382045452200832,0.7305914037771951,1.8369591593507868,0.620309938675183,48.20160046995209
244,100,1.3148659171675043,0.07228726119097384,0,-0.011799225079040165,0.022539550551692725,0.8041255916948519,1.9606281405103867,0.620309938675183,50.627481634196506
245,1,0.4647554970259917,0.042198888603212754,1,-0.03569858783457271,-0.0038219427853050927,0.004276027645869611,0.12564282247797876,0.11078440464611734,0.828277982322422
245,3,0.5156880514218486,0.04193938713568658,1,-0.03435229828262626,0.004011199824050633,0.046029149880424294,0.27919260270073665,0.20919631978052136,3.230872686847283
245,10,0.7518443214194038,0.0452071944015736,0,-0.024557511026606173,0.011876637046512492,0.2645251953994974,0.8859746900412276,0.5541344938648162,25.235423940962786
245,30,1.295438481473973,0.0754348945728312,0,-0.023681263604133612,0.006685291117974339,0.812434453960132,1.9137252865004353,0.5868770612684808,46.407884283682534
245,100,1.295438481473973,0.0754348945728312,0,-0.023681263604133612,0.006685291117974339,0.812434453960132,1.9137252865004353,0.5868770612684808,46.407884283682534
246,1,0.5419364893125841,0.04094712908041325,1,0.040929248721656826,7.777417962930576e-05,0.0009294664112979648,0.17103470853193636,0.1250023261904545,1.170210903518599
246,3,0.576930012955188,0.04148138228063799,1,0.03986631342794219,0.0030246166583308147,0.034039082868914945,0.308329713486682,0.1657218932475768,2.484308407025651
246,10,0.7670364153281762,0.046787716548567906,0,0.03253731668890458,0.0012495166608294684,0.23324958197844223,0.9215556132674319,0.3982608654780896,16.621919691563328
246,30,1.2763192067193085,0.0592383929506099,0,0.026225697995597305,0.020480673039597223,0.729612835684114,1.7622967756097538,0.5599733713880657,41.122557322148175
246,100,1.2933827718508222,0.05890652029533011,0,0.02575315281771853,0.020336800282082176,0.7472928187510216,1.7834011833727423,0.5713616637265483,42.54595461198292
247,1,0.4740615913283018,0.03939557192181699,1,-0.02568614906545128,-0.005314143100727693,0.0050618834944806184,0.12356110969592046,0.09470765986052761,0.6536973222088056
247,3,0.5105602261224705,0.038083378547617154,1,-0.023604327163576855,-0.002034189317301931,0.03619874260334926,0.2642725138318219,0.24808136396586933,4.019427213437219
247,10,0.7004772190075333,0.03818317980076376,0,-0.016496310794651577,0.0026149721562079902,0.2143585576459769,0.8217466271215501,0.5758484320204362,25.450103055263305
247,30,1.3218066816709682,0.06654439899155004,0,-0.01620067831798265,0.005888617549218127,0.8321187424397328,1.8850231861768125,0.5888399330962302,46.065195728714265
247,100,1.3218066816709682,0.06654439899155004,0,-0.01620067831798265,0.005888617549218127,0.8321187424397328,1.8850231861768125,0.5888399330962302,46.065195728714265
248,1,0.41705492796727633,0.043653015307652435,1,-0.0741699600454954,-0.018996471892619004,0.010221359905390812,0.20268414795136164,0.11197599114920118,1.1142089575099148
248,3,0.4604764521195449,0.044245023515739154,1,-0.07253642786998328,-0.008560281333457103,0.04157316132298514,0.2820072344908849,0.19583092549790498,2.9591167874815323
248,10,0.6588771650477955,0.04757204089339943,0,-0.05313091888401683,-0.021437513591143754,0.2334455975229559,0.792281896297547,0.5146750875030167,21.271319987898135
248,30,1.1897592014976155,0.07332277920805694,0,-0.048335932006029314,-0.06653390567666817,0.8046290391803133,1.7352385575001974,0.5866825252615803,43.07751154970524
248,100,1.2448276282420203,0.07497440659826811,0,-0.048335932006029314,-0.07516533716709499,0.8683288974151446,1.809503164595713,0.5866825252615803,44.45530793289938
249,1,0.5250301403651383,0.041993712945756795,1,0.019446880057725456,-0.0006742306552853977,0.006257490962698064,0.14603668716148582,0.0943474215599554,0.717192583292903
249,3,0.5680916727614342,0.04122369679551545,1,0.018325364246858298,0.005406166970676092,0.0443601415438998,0.2921188982286382,0.22728759729708822,3.7332159625178893
249,10,0.7948597323234806,0.04256462603619458,0,0.01273932937540068,0.005963610545293992,0.27615679240278596,0.9022181364228652,0.5783130791132787,27.075755451987813
249,30,1.3197917960072694,0.06931575480412074,0,0.012557576473654682,-0.0025047847313516606,0.8097390042649664,1.8537587263497042,0.5893018055690601,45.52731092239311
249,100,1.3197917960072694,0.06931575480412074,0,0.012557576473654682,-0.0025047847313516606,0.8097390042649664,1.8537587263497042,0.5893018055690601,45.52731092239311
250,1,0.5210843644473434,0.038629191763864125,1,0.02369265290852991,-0.007537009036270321,0.00492872057508374,0.14511998298696444,0.10007990650369279,0.7760097199571698
250,3,0.55623864368364,0.03880703629569605,1,0.02259067517128369,-0.0171733016926614,0.050821270205017664,0.34336257311701424,0.22279124651689441,3.988710946711218
250,10,0.8023178059065714,0.04549807489337024,0,0.01576055392775297,-0.04576676251384102,0.3323240144926596,1.0539263630953606,0.5881915277136165,30.54380211601547
250,30,1.3373224957868004,0.07025076828900484,0,0.014982566459987735,-0.08443256265400519,0.9067724919808177,2.011230514337786,0.628030942077966,52.41594941965316
250,100,1.3373224957868004,0.07025076828900484,0,0.014982566459987735,-0.08443256265400519,0.9067724919808177,2.011230514337786,0.628030942077966,52.41594941965316
251,1,0.502728071310014,0.04321974431156746,1,-0.011589718014699322,0.015020350462240362,-0.0007025611375271879,0.14689241874057143,0.07554563947711603,0.5313962642739095
251,3,0.5440660346690597,0.04433702368321554,1,-0.011204660474686377,0.014577431605740541,0.04069326353800541,0.33443494616929054,0.12473284188398863,1.8111408693448154
251,10,0.8167166308440551,0.05502774437664592,0,-0.008017388213472323,0.02838711566885167,0.29634690338867564,1.0199448837659706,0.46343601401355067,21.739145148126536
251,30,1.3580826471992928,0.07274551438513849,0,-0.006626828706136675,0.066368355255743,0.7983411206496867,1.8872537519448862,0.6098049955843944,48.15259955477747
251,100,1.3856094560948296,0.07312653068566183,0,-0.006626828706136675,0.06679993756571503,0.8254363472352512,1.931692953392207,0.6098049955843944,49.009552990071775
252,1,0.5375996837429929,0.04221495219781357,1,0.026150269434706254,0.001475884227279442,0.00997353008100712,0.18275173508334325,0.09373571219081202,0.8195595253543473
252,3,0.5800912085160985,0.042750656140386534,1,0.025008117507304316,0.0005831216402121068,0.05449996936858224,0.3561139966452215,0.19707705863608252,3.4475551407723297
252,10,0.8075396347153166,0.04581683200694252,0,0.017332079489571356,0.0019125230826953874,0.2882950321430499,0.9906806225738733,0.5646576603053222,27.772187333704945
252,30,1.329452716123373,0.07146557702689366,0,0.01647677057752394,0.0018086874510524706,0.8111672580947965,1.8616899000926883,0.6028014466370273,46.97876368497021
252,100,1.329452716123373,0.07146557702689366,0,0.01647677057752394,0.0018086874510524706,0.8111672580947965,1.8616899000926883,0.6028014466370273,46.97876368497021
253,1,0.4674832676445714,0.0421209539244352,1,-0.03835579576775355,-0.0027239599115715506,0.00856302332389649,0.14192637098853592,0.08882652233512787,0.6481713257152256
253,3,0.5052283660733972,0.042349167564675466,1,-0.03684383460386876,-0.009156806452132828,0.051229007129398686,0.32396295409787984,0.19219263032219608,3.1370205303193592
253,10,0.7402654352053277,0.044804854749743425,0,-0.027135779586819727,-0.011891062054824854,0.27929227684697233,0.975016697629433,0.5165938482854885,24.367146559052575
253,30,1.2352957555942314,0.06070424107079551,0,-0.025229903578754934,-0.0067098561301319375,0.7672355153031184,1.8099392979953888,0.5716813827570109,43.055302231200315
253,100,1.2352957555942314,0.06070424107079551,0,-0.025229903578754934,-0.0067098561301319375,0.7672355153031184,1.8099392979953888,0.5716813827570109,43.055302231200315
254,1,0.5675941165828575,0.04144796763104288,1,0.06542382871939154,-0.00165846441220901,0.003828752275674951,0.13144916310178908,0.08702988970332236,0.6012820476713848
254,3,0.607640098513563,0.0424430565451825,0,0.06385349058955904,-0.0016424599965283717,0.04542906792053252,0.3072404052454147,0.16516559312475892,2.4673740038485135
254,10,0.8483645981968831,0.04813156823986797,0,0.046597182970442734,-0.007763286204124883,0.3095307014305653,0.9801977545990087,0.500168910831236,23.414559448890678
254,30,1.4561774639967364,0.0744866789551472,0,0.040049349032786834,-0.022606096292701026,0.9387342112566506,2.0358289083683454,0.6197027291027212,52.03971250493588
254,100,1.4561774639967364,0.0744866789551472,0,0.040049349032786834,-0.022606096292701026,0.9387342112566506,2.0358289083683454,0.6197027291027212,52.03971250493588
255,1,0.4804433993625015,0.04363631201203676,1,-0.019233977993405014,-0.0036265012017628515,0.0033038785576693084,0.13476597313527772,0.04307088774622248,0.24221754998452077
255,3,0.5302621008142336,0.04308322904327489,1,-0.018138125360308517,0.01478347154778237,0.03361675462675982,0.2633074575186933,0.1651957587879996,2.2384787665075976
255,10,0.7936311347726451,0.04692392726949015,0,-0.011785696301735211,0.030048757043849975,0.27536807403053026,0.9122294104428063,0.5555777658204877,25.787774486577444
255,30,1.4608242081405869,0.08435079882542505,0,-0.010752238442073743,0.053417640267860916,0.9181588063147995,2.0004832575618154,0.6224807038324445,51.63191307903361
255,100,1.474556623065026,0.08455770878667743,0,-0.010752238442073743,0.054815172521594784,0.9304936889855049,2.0241408342381786,0.6224807038324445,52.09760226142149
256,1,0.4744593042547688,0.04595093890633971,1,-0.026141820317055614,-0.0007000310817776435,0.0013011556536019916,0.14776316383303126,0.07954381039188636,0.5717670869400352
256,3,0.5043612261274706,0.045066576427521515,1,-0.025079837176629316,0.0122351328686095,0.017205930435490277,0.22697256454566048,0.12188426290979285,1.3446054345902274
256,10,0.7000469983366168,0.04589999240142343,0,-0.01878230608983461,0.03140662540074899,0.18742267902570245,0.7519184237472039,0.4266135719606958,15.899228290160437
256,30,1.2547528205526806,0.06624500251956707,0,-0.015187274751779604,0.05598716281769523,0.713952932486765,1.7695360106123783,0.5875021344339618,43.790112380051326
256,100,1.3502072491774126,0.06842808413566324,0,-0.015187274751779604,0.06307798485564636,0.802316539073546,1.8834111198226524,0.5875021344339618,45.90573526043984
257,1,0.5156987234336838,0.04249639973903006,1,0.012422674734516805,0.002475451366434993,0.0008005973327320632,0.12815177006562986,0.08416335486426078,0.5650722397846868
257,3,0.5548234126760065,0.04282677605518817,1,0.012015590680530586,0.006591949447783128,0.03621587254769283,0.2830569202287551,0.1606809994486465,2.254711954143573
257,10,0.7977924287317616,0.046492485042462985,0,0.00891387423786132,0.02145152013137452,0.26742703436252574,0.8948193029711665,0.47191979918775434,20.396413975822295
257,30,1.3571458174321978,0.0679051834927782,0,0.007668151770092104,0.020367774587860783,0.8291098910742449,1.8642440640585343,0.585709657359504,45.377468676864844
257,100,1.3571458174321978,0.0679051834927782,0,0.007668151770092104,0.020367774587860783,0.8291098910742449,1.8642440640585343,0.585709657359504,45.377468676864844
258,1,0.5115774708435002,0.040247044511670646,1,-0.0001841918526453202,0.0074414649917539525,0.00432019770439164,0.1417015945557307,0.09490309734129378,0.7100742097806338
258,3,0.544771901769781,0.04078967683282259,1,-0.00017508046463938088,0.001142344131937326,0.043804638102482994,0.3272982131833824,0.1996101008474039,3.3259641626605485
258,10,0.8011502572969881,0.04805703316493093,0,-0.0001251943815085824,-0.00437135922988801,0.3056468109083845,1.033346021725353,0.539880144126759,26.858918173523126
258,30,1.187055341557562,0.06884964944258191,0,-0.0001216318280735721,-0.03278129112717506,0.7199582645128108,1.7569634977417088,0.5679387892824758,41.7547834816715
258,100,1.187055341557562,0.06884964944258191,0,-0.0001216318280735721,-0.03278129112717506,0.7199582645128108,1.7569634977417088,0.5679387892824758,41.7547834816715
259,1,0.5096691406838437,0.043136646872572154,1,0.015741553591112727,-0.014496029499550703,0.008423616592281724,0.16269079480014353,0.0997783080935255,0.8281601373410488
259,3,0.5359718695182824,0.04292011706182785,1,0.015393653788697793,-0.023282099915598122,0.04386031564518268,0.27552701772336957,0.1531850490543079,2.0767398070925704
259,10,0.66876983734962,0.04317872080533729,0,0.011756623450891394,-0.05219835325370427,0.2092115671524329,0.7765938410801139,0.4428708031624798,17.07836390290942
259,30,1.1663264710047458,0.05732081889577514,0,0.009938947895654832,-0.05781834835277171,0.7142058714618628,1.7122788500490929,0.5733078998035361,41.43674528905947
259,100,1.2057473323374746,0.058009221297954564,0,0.009938947895654832,-0.05584738283204357,0.7516557672738635,1.756378866759855,0.5733078998035361,42.23626040691922
260,1,0.508527042091766,0.04212302182712517,1,0.01364132317864713,0.001050183803921238,-0.00616446489080237,0.15051248069134948,0.09198317220865579,0.7053624569881672
260,3,0.5527182936034468,0.04198421500367433,1,0.01322174479845598,0.01084051158575389,0.028656037219237037,0.3013599562618634,0.11581882951949664,1.5279227146356666
260,10,0.8140274983442497,0.05061572984193762,0,0.009788429058058802,0.015435819562819047,0.28880324972337185,0.9694413086122532,0.4460475206754152,19.965839521311743
260,30,1.3394077686399861,0.07666542985462073,0,0.007802069841385582,0.04460502620200748,0.7870006725965932,1.9764318209299445,0.6273875496944434,51.65908975545112
260,100,1.3394077686399861,0.07666542985462073,0,0.007802069841385582,0.04460502620200748,0.7870006725965932,1.9764318209299445,0.6273875496944434,51.65908975545112
261,1,0.4723277079931361,0.042894547118876775,1,-0.029125375494375254,-0.004072869593207268,0.005525953080718671,0.1564492066937321,0.08774013319439769,0.6775244778883757
261,3,0.5013757992488975,0.04319877601032244,1,-0.027480248758797877,-0.0062357528453428025,0.035091800853038146,0.2928767647256538,0.20981001655799825,3.3352138312545923
261,10,0.7040090508360806,0.04437692038396421,0,-0.01804944529074252,-0.011916977092618184,0.2339754732194413,0.8914080763671627,0.6090276872982568,28.897112185780912
261,30,1.3187685040987909,0.06930519239939383,0,-0.017753152373607,-0.04088508897531991,0.8774067454477176,1.9721741158742268,0.6210165349805273,50.92577077662337
261,100,1.3187685040987909,0.06930519239939383,0,-0.017753152373607,-0.04088508897531991,0.8774067454477176,1.9721741158742268,0.6210165349805273,50.92577077662337
262,1,0.5123001453351748,0.042107808068441645,1,0.008650967460729029,-0.0016340255037731722,0.005283203378218911,0.16338626469886883,0.09355590328598427,0.7601627434828756
262,3,0.5341611191252266,0.04084389898620333,1,0.008277066908330188,0.0009618003954576902,0.024922251821438705,0.24337781028803196,0.20687650705154617,2.9455680514509472
262,10,0.6671262281056802,0.03676351338693746,0,0.0058013621848572935,0.002653337636657176,0.1586715282841656,0.6916091071083322,0.5606485167949705,22.201604505823116
262,30,1.2902072662048982,0.0616640650246993,0,0.0054827132315633945,0.012466707366806317,0.7722578456065283,1.755019830975826,0.6062958265753237,45.27293243199897
262,100,1.3983320828312855,0.06640395772118507,0,0.0054827132315633945,0.013080460565336235,0.8797689090343861,1.924834860056038,0.6062958265753237,48.52875480072852
263,1,0.5281683851063541,0.045943808606091034,1,0.020851057995807117,-0.0006052182494791966,0.007922545360026168,0.18511116230978392,0.06382893430233728,0.5024726725301698
263,3,0.5692135847444927,0.04563885664129162,1,0.019726225092701034,-0.01015907024428724,0.05964642989607897,0.3551743018464524,0.1736160679214932,2.9031765904128353
263,10,0.7874503963780836,0.04446221111363971,0,0.013053080959077923,-0.030150875293229476,0.304548190712235,0.9977954400819564,0.5599798746775749,27.585269836438535
263,30,1.3789132143583762,0.0686472125873515,0,0.012256595238771718,-0.017179189069966155,0.8838358081895709,2.033757484342167,0.6090119684727509,50.89617040752737
263,100,1.3789132143583762,0.0686472125873515,0,0.012256595238771718,-0.017179189069966155,0.8838358081895709,2.033757484342167,0.6090119684727509,50.89617040752737
264,1,0.45285029434960106,0.04168125325817527,1,-0.044739819967387746,-0.009178829369441891,0.0067689436864307026,0.16859464183531736,0.08593645746800128,0.6917008352896682
264,3,0.4929512554585227,0.0419922824488946,1,-0.043154255184839806,-0.0009219811100866272,0.03702749175344911,0.30483286407414933,0.13722811387878242,1.9183386388866546
264,10,0.7563484883654302,0.057241965110960524,0,-0.031409102453938326,0.013414097173617464,0.27434349364575106,0.9270911974722664,0.4505487975161283,19.6280690645962
264,30,1.350673528126756,0.07750155358642835,0,-0.02523430555432246,0.05425517941293572,0.8216526542681429,1.8903352735715004,0.6072543601863395,47.96138600223024
264,100,1.4077655416634267,0.07811094634294896,0,-0.02523430555432246,0.05613802384235568,0.8768618233753938,1.970451156021623,0.6072543601863395,49.499856818718335
265,1,0.5126580725187604,0.042953292468382503,1,0.004767608724379788,0.0024918376345082153,0.005398626159872385,0.1296271887975803,0.08256681982953053,0.5540368798066778
265,3,0.5544995614384488,0.04305422460713974,1,0.004569013852457959,0.004352663527585968,0.045577884058404926,0.3115092960950413,0.18346742567263197,2.8717309063163743
265,10,0.8261745544036445,0.048522145596354496,0,0.003237793729587698,0.014061798662050694,0.30887496201200626,0.9888957708321022,0.5328505410772828,25.641750435036116
265,30,1.3675619724054955,0.07070415899168024,0,0.0029671691081540512,0.003945502775644517,0.8606493005216971,1.918390941464949,0.5997678620651569,47.76021855884048
265,100,1.3675619724054955,0.07070415899168024,0,0.0029671691081540512,0.003945502775644517,0.8606493005216971,1.918390941464949,0.5997678620651569,47.76021855884048
266,1,0.4914961966107622,0.04492889556361819,1,-0.0015093837943863653,-0.007834072258784283,0.0008396526639329237,0.1539755785296888,0.10283483415511314,0.8351276844026906
266,3,0.5153935101698143,0.04502889064059594,1,-0.0014679933734557922,-5.225621645027973e-06,0.01686672916491505,0.21210319366292238,0.1491956819099846,1.7046014900393136
266,10,0.6937241056547641,0.04587463490315538,0,-0.0011373640706026577,0.016390568702090914,0.17847090102327576,0.6738367715184858,0.4331581624775194,15.163244439961693
266,30,1.2338511498890565,0.06759966299061101,0,-0.0009111456385681959,0.014689981352729642,0.720072314174895,1.719938073737376,0.5988972501860539,43.915944403758786
266,100,1.3645954106789993,0.07025538413564895,0,-0.0009111456385681959,0.022677567374567463,0.8428289889430001,1.8864960700215108,0.5988972501860539,47.07035197610826
267,1,0.5417255903212731,0.04216705278879187,1,0.04433954693333859,-0.013564223637708388,0.010950267025643026,0.17895438812812686,0.07752629119500704,0.6287871581156397
267,3,0.5789325618576123,0.04209537418661066,1,0.0419477134917068,-0.029041951241711658,0.06602679960761729,0.36319036177880526,0.19330569345004456,3.401784011986449
267,10,0.7767288465521284,0.04264130671998532,0,0.027832628557395316,-0.06337178937488776,0.3122680073696207,1.0324243708311205,0.590261185970072,30.2885579365279
267,30,1.2192803778421961,0.06269887578037456,0,0.027832628557395305,-0.07064384676516393,0.7620915960499646,1.8541694530741097,0.5902611859700724,45.62700316287136
267,100,1.2192803778421961,0.06269887578037456,0,0.027832628557395305,-0.07064384676516393,0.7620915960499646,1.8541694530741097,0.5902611859700724,45.62700316287136
268,1,0.5564880942616709,0.0440564219844934,1,0.038871032082675,0.010287089860157281,0.007329972318838628,0.1754106512972077,0.0750505874479827,0.5944216517589128
268,3,0.5779765754392794,0.04307576363415639,1,0.03703985215526696,-0.008178671525218891,0.04911539480923133,0.3057872708551729,0.19186060350736733,3.01931176733771
268,10,0.7924140971629522,0.04593391562568418,0,0.026894296904959446,-0.021378017900689446,0.2868978181586822,0.9352961656243128,0.5175816611335304,23.779787855736803
268,30,1.3135640410384988,0.0662294794439967,0,0.025296464986205035,-0.03666374502325194,0.8249313210755457,1.8375350859584154,0.5656703417061194,42.98869933466292
268,100,1.3135640410384988,0.0662294794439967,0,0.025296464986205035,-0.03666374502325194,0.8249313210755457,1.8375350859584154,0.5656703417061194,42.98869933466292
269,1,0.4164516351919604,0.0430639712637765,1,-0.10525597753182302,0.021302779867860343,0.00040483285592300347,0.1390253535984868,0.10221446052814367,0.7797606696418375
269,3,0.44582888669765997,0.04341765987802007,1,-0.09895255878737788,0.00592991783097109,0.03885152765406677,0.2821151973307024,0.19437565756527325,2.92884538289762
269,10,0.7072160722834081,0.04712904900781693,0,-0.07018793716914151,0.003168492778784468,0.27423551667376517,0.9028008222130294,0.5338566852178673,24.253696137156528
269,30,1.3106699386780711,0.0684588632273291,0,-0.06430853342818592,-0.009335104171848635,0.8843135762781054,1.9144835303347285,0.6065045164844364,48.35092932091511
269,100,1.3106699386780711,0.0684588632273291,0,-0.06430853342818592,-0.009335104171848635,0.8843135762781054,1.9144835303347285,0.6065045164844364,48.35092932091511
270,1,0.565703262133828,0.04472834216105851,1,0.054273104354300196,0.0067862273772406265,0.00464393040228724,0.1610099319469669,0.06273408549482935,0.4438691926376525
270,3,0.5945459609103101,0.043832160920416016,0,0.05156955206738273,0.00028690447782804616,0.04268950436509925,0.3111452618069607,0.17686817458652515,2.7294897837660863
270,10,0.7707550172786303,0.04319596606481424,0,0.03490025359599527,-0.010072587646879471,0.2459273513295143,0.9048972303471204,0.5637964617202861,26.1850601346125
270,30,1.376462849103719,0.06371673145031885,0,0.03268790021536063,0.005734908616616342,0.8380400402717421,1.9402086190592518,0.6162498788751867,49.819067425523116
270,100,1.3970714786764573,0.06377313634880569,0,0.03268790021536063,0.005126691865166968,0.8592568865959299,1.9700660171941113,0.6162498788751867,50.40091443459174
271,1,0.4829589902175859,0.03881047134310235,1,-0.02063899233760782,0.002718226140859889,0.0008797564143336653,0.09372830641154908,0.043972296449163485,0.19147628326531504
271,3,0.5241679695145179,0.038282438019081357,1,-0.019316574603485816,0.02657099653642622,0.016913547581577516,0.21820206998365016,0.1631965483436304,1.9682945251154091
271,10,0.7504806632567645,0.04029237241637704,0,-0.012484097577270342,0.07611514109007257,0.18684961974396214,0.8438330835546697,0.5702740550176217,25.501511847003567
271,30,1.4547155279407071,0.0754309943140689,0,-0.011711002538291519,0.13665284678036113,0.8297736836986377,2.0419305693420693,0.6180388356376472,51.986718768961424
271,100,1.4547155279407071,0.0754309943140689,0,-0.011711002538291519,0.13665284678036113,0.8297736836986377,2.0419305693420693,0.6180388356376472,51.986718768961424
272,1,0.5305912248342441,0.04564604766149084,1,0.026595355868911107,-0.002055661781106861,0.0060515307464400385,0.15962074799298237,0.09590244272683472,0.7749255693783863
272,3,0.5567617750750906,0.04570504195391285,1,0.02590911910594289,-0.005757576049323285,0.036610232018470995,0.26016914581527745,0.13038378611489485,1.6102877550802186
272,10,0.7249327381172808,0.04513434327683916,0,0.01997520359715143,-0.018901956477640775,0.22385949099776997,0.776232451210642,0.42360525233104396,16.072515059857626
272,30,1.2162430332202072,0.06231644512048526,0,0.016248445762632752,-0.033145832356063595,0.733140419813638,1.7469694947419552,0.5873772895283369,43.359326229780386
272,100,1.3342387222382164,0.06973264657559491,0,0.016248445762632752,-0.030649278068180654,0.8486395545437642,1.9042542175652408,0.5873772895283369,46.28081144089363
273,1,0.5021775606685495,0.04237491099609463,1,0.00334989458166648,-0.010982723913297163,0.009810390000180273,0.16180175423963597,0.09899448992214814,0.8164175932303536
273,3,0.544359132204555,0.04168342187144142,1,0.003166648537048615,-0.02206626651454861,0.0632587501820551,0.33131757565337727,0.19638658654732008,3.2771954350109205
273,10,0.7978660023113321,0.04660735297339452,0,0.002273361719877055,-0.03685546460926356,0.3324481052007188,0.9925581111809753,0.5239548489470764,25.126962409362513
273,30,1.3236043952922858,0.06808980398876269,0,0.0021278433328606643,-0.046780149424590994,0.8682567013840161,1.8711605473501802,0.5851106943019376,45.44795637965668
273,100,1.3236043952922858,0.06808980398876269,0,0.0021278433328606643,-0.046780149424590994,0.8682567013840161,1.8711605473501802,0.5851106943019376,45.44795637965668
274,1,0.5076090547131227,0.04166000631922687,1,-0.0007449071700696729,0.0032106364777726285,0.00514332540541984,0.15320725605639354,0.09089884128618546,0.7016765693544996
274,3,0.52667174679326,0.04197196697513223,1,-0.0007215935299500152,0.00228298496094765,0.02511035536226239,0.23329483700560094,0.16814920657965998,2.134616395810032
274,10,0.6770101758746891,0.04421123402978847,0,-0.0005168959944311126,-0.006512593165077674,0.18403966503419789,0.7312141533488251,0.5189315971805666,20.514964236131387
274,30,1.1473942474407803,0.06721159735370351,0,-0.0004558040262195449,-0.048425206454664055,0.696275257921664,1.7154055605969127,0.622964088450062,46.065541151761956
274,100,1.2759466557149823,0.0714564689573707,0,-0.0004558040262195449,-0.061259282908574096,0.8376617426497758,1.935570959831685,0.622964088450062,50.402767416555896
275,1,0.43830450106017427,0.040855007077032865,1,-0.05911530366178092,-0.00918855062961661,0.006608355351571716,0.1546350850900688,0.09385812562768292,0.7375414019757884
275,3,0.4695419631842258,0.0421800422227595,1,-0.05728140250002521,-0.011973671921996092,0.038797037606247156,0.2629234278991511,0.1906446312955952,2.7344314669710847
275,10,0.6553713550226332,0.043174948199279424,0,-0.0409647250924576,-0.031666050888500046,0.22800213100359085,0.7864350375651853,0.546281013813899,23.02256645087444
275,30,1.2532732932376425,0.07725509237932843,0,-0.038076496509198206,-0.03540014670443314,0.8267499364512739,1.905960004387697,0.6039393839013631,47.93466144073482
275,100,1.3012716351786362,0.08173027155811531,0,-0.038076496509198206,-0.03181629193911559,0.8711644236269501,1.9802610350150989,0.6039393839013631,49.35368037210721
276,1,0.49452004034324964,0.04254999582789797,1,-0.009018908190127654,0.0037895043875590716,-0.0002505558541816792,0.11553985162485196,0.08831568488765708,0.5693251276450024
276,3,0.5319139327607858,0.04321271563078005,1,-0.008581736168550038,0.016888959322838945,0.023606709606496988,0.24126955365824038,0.16740866756207728,2.1635126269237954
276,10,0.7387277528157129,0.046143212829884074,0,-0.0058429772661397926,0.031959765602207514,0.21261096447964534,0.8235610595336752,0.5469473952901347,23.704307785201788
276,30,1.3663763598297927,0.07088354973770637,0,-0.005300228224924886,0.04209810557415629,0.8295784824805613,1.9302939822755345,0.6237879363372226,50.38158126705527
276,100,1.3942604167443389,0.07152568008682149,0,-0.005300228224924886,0.04249167575189109,0.8570689692173725,1.9752137478475846,0.6237879363372226,51.26766436531961
277,1,0.5398860367135213,0.042721623578094996,1,0.04617981227563974,-0.01577592356583597,0.009482148003717614,0.1785700112707993,0.08040038062985463,0.6584278902177915
277,3,0.5887112677377907,0.04275776564420324,0,0.04516913024749136,-0.01084020265174908,0.054382340142048305,0.33917624431258253,0.1530056749864944,2.381404635242997
277,10,0.8415983251111957,0.045461996440311014,0,0.03330557596147159,-0.02184608573996425,0.3301388348896884,0.9956934618432424,0.4808050561537841,22.449260600941013
277,30,1.3301749086849075,0.06406220452120248,0,0.028748166849793238,-0.050923823396649366,0.8523505652317636,1.8937278277358602,0.5959970584135773,46.9240486720933
277,100,1.3301749086849075,0.06406220452120248,0,0.028748166849793238,-0.050923823396649366,0.8523505652317636,1.8937278277358602,0.5959970584135773,46.9240486720933
278,1,0.5641845181376922,0.041341128955051105,1,0.06350563752350288,-0.006865659048148933,0.007544539662338166,0.15100528273058283,0.10789223587269874,0.8833200352974172
278,3,0.601519889183733,0.04156501904583498,0,0.06048528580514215,-0.009472607758916847,0.05050721113750763,0.2915316798017792,0.20898264713879902,3.3077047690166097
278,10,0.8270435583698893,0.04464779502954358,0,0.04366491091674613,-0.030301680143984367,0.3136803275971275,0.9278215729209421,0.5357884125569767,24.79811563036495
278,30,1.3549243109281703,0.06607320532451272,0,0.04132814033968878,-0.06565841530064742,0.8792545858891293,1.88440381879983,0.5831070661857035,45.499579339550834
278,100,1.3549243109281703,0.06607320532451272,0,0.04132814033968878,-0.06565841530064742,0.8792545858891293,1.88440381879983,0.5831070661857035,45.499579339550834
279,1,0.39972834718892347,0.04362609097299942,0,-0.10473209571498658,0.0021299925174800144,0.002330450386430054,0.14889970440019415,0.06059412763554585,0.401422561880835
279,3,0.42638436653689815,0.04321673659396148,1,-0.10018374021989065,0.011711428653525587,0.014856678103263174,0.20388029445759293,0.1498786201691256,1.67666801257284
279,10,0.5963604266579401,0.04174177766356625,0,-0.07095538177480805,0.03162650501055512,0.13568930342219312,0.6647980850576712,0.48527313319843557,17.6486293570681
279,30,1.1437061531312502,0.06066257002760414,0,-0.06225744180643928,0.07392675471607402,0.6320368402216157,1.6775704334302637,0.5825321191885611,41.633988885416755
279,100,1.2763320307588877,0.06361954189348108,0,-0.06225744180643928,0.08260942334971338,0.7559800492156137,1.8516094040387507,0.5825321191885611,44.840010027929566
280,1,0.42705153554117636,0.039952142168914476,1,-0.09016761916345654,0.020045324207820896,-0.002826169503188046,0.16499295653778615,0.13313994684959524,1.2552154863275968
280,3,0.4569025288065713,0.04008651756251348,1,-0.08933504671128747,0.01627236002613495,0.029965215491723842,0.2724873404444458,0.13808686285961463,1.7928502743280466
280,10,0.6384493567252715,0.046373218171263456,0,-0.07136309674698658,0.011235385554484095,0.19857706791777396,0.7940760426314369,0.4109301661282239,15.65875785634784
280,30,1.0408037772280994,0.060926462849256825,0,-0.05809462509534864,-0.0011119788982309538,0.6000103812216788,1.6170556446241107,0.6027687371588197,42.312563383520505
280,100,1.1916342816710612,0.06433988296046937,0,-0.05809462509534864,-0.01782219891607258,0.7675511056824824,1.8520362186584227,0.6027687371588197,46.79158006354142
281,1,0.5361923638732439,0.04178037946886388,1,0.030038802667670884,0.0025290057764238223,0.0036245554291490707,0.15474030605871936,0.07645528999661984,0.5589681945073459
281,3,0.5597110161931645,0.041780009764169644,1,0.028825251924770055,0.0027057864723543427,0.028179977796040073,0.257309216614755,0.17357089674610926,2.365012048376809
281,10,0.7782022386041741,0.04231824104137804,0,0.021210512409973396,0.007205435494470205,0.24978629069973074,0.8462548032114691,0.4967884480571904,21.098981309437395
281,30,1.2736794501633304,0.05955044214733054,0,0.01950805707773562,-0.018241242748056767,0.7724126358336516,1.7653555239678353,0.5641485072243259,41.55821730404697
281,100,1.2736794501633304,0.05955044214733054,0,0.01950805707773562,-0.018241242748056767,0.7724126358336516,1.7653555239678353,0.5641485072243259,41.55821730404697
282,1,0.5192251155431945,0.04227087689547833,1,0.017102703793913356,-0.005206983437360808,0.0073293951866419136,0.13544552622618128,0.08280103728839246,0.5714565191809096
282,3,0.5494285236367739,0.041840097727125214,1,0.016119120659914724,-0.016419265548759186,0.0497286685256183,0.2963072978959749,0.20341115370608856,3.2144016968827303
282,10,0.750785590042971,0.045978409447274944,0,0.011244785559317036,-0.0347785981317973,0.2743194026154513,0.9150547295354332,0.5485107904699075,25.38617941094665
282,30,1.307236927627503,0.07315567010875285,0,0.010656182608733957,-0.05318615480896972,0.8497668998277389,1.9229497724999742,0.59581579791752,47.456943361057334
282,100,1.307236927627503,0.07315567010875285,0,0.010656182608733957,-0.05318615480896972,0.8497668998277389,1.9229497724999742,0.59581579791752,47.456943361057334
283,1,0.4990811038907053,0.04184727226866647,1,-0.005141607822573426,-0.0039582726835541825,0.008180984396832871,0.18923058543233962,0.08658587883499606,0.7552091726972808
283,3,0.5256549862034531,0.042429412999991534,1,-0.004886835245343932,-0.018540172687089792,0.049081994135886764,0.32468101732467153,0.1838028223809913,2.9554888886021464
283,10,0.7292804276393406,0.04635451301869748,0,-0.003407907282073532,-0.03477362642655487,0.26746196134796896,0.9461553420724247,0.5496557571103078,25.999651851302282
283,30,1.2706071636303544,0.07077337251167692,0,-0.0031625941264881337,-0.03580410885077561,0.8095738666076181,1.911222989477866,0.610081255849295,48.642169526803976
283,100,1.2706071636303544,0.07077337251167692,0,-0.0031625941264881337,-0.03580410885077561,0.8095738666076181,1.911222989477866,0.610081255849295,48.642169526803976
284,1,0.4689318803771181,0.0413753413634877,1,-0.027985291051115826,-0.013561536655796238,0.010478708084030225,0.17461608998325717,0.10664038932366272,0.9484714397753293
284,3,0.5130670222468484,0.041339652966769995,1,-0.02674440075232788,-0.020757328829338142,0.060568751828514504,0.3543238183109008,0.21300429519466046,3.821401469058032
284,10,0.7566709417805424,0.04569809814247776,0,-0.01957322872529609,-0.04787041628841351,0.3241145867942519,1.0205765378609728,0.5343046138160676,26.271575824636717
284,30,1.2508804296658294,0.06582342630128163,0,-0.01874099868362738,-0.07648053348819069,0.8461019618376476,1.8780374597391305,0.5670839150535046,43.847794248547565
284,100,1.2508804296658294,0.06582342630128163,0,-0.01874099868362738,-0.07648053348819069,0.8461019618376476,1.8780374597391305,0.5670839150535046,43.847794248547565
285,1,0.5545667019294482,0.04091465086934058,1,0.05493487281185716,-0.009410800886188151,0.009042630003779372,0.15751443396521705,0.06718362495837171,0.47737838804428984
285,3,0.5808390050274739,0.04005288654287361,0,0.05180497862903745,-0.013058902890717055,0.04209292928915337,0.27649116123883594,0.18300465063758647,2.65915518997789
285,10,0.7351233814793847,0.04063707157244225,0,0.03568930669921552,-0.01049852485851149,0.20993259963868055,0.8423428380845573,0.5327612136730044,23.166912658201436
285,30,1.3018914255418925,0.06259448094745752,0,0.03317006299902987,0.01379097093320748,0.7549303916096551,1.8452982285652333,0.5867565144509654,45.12646001774998
285,100,1.3216471179113023,0.06271630079568744,0,0.03317006299902987,0.016067776648052187,0.7724092782642203,1.8669668316055408,0.5867565144509654,45.52851813405958
286,1,0.5087865732279461,0.03955548304315259,1,0.007253687373402605,-0.0012160680742044868,0.0027489539287481584,0.14737240137527394,0.0647875645447338,0.434665420402051
286,3,0.5485908557321771,0.04001387062999725,1,0.006925154782079601,0.007332259513422895,0.034333441436674765,0.28176042147848757,0.17908211116580985,2.6097851779576207
286,10,0.7832010579212376,0.04274111081117183,0,0.004494038665529283,0.006941964437503683,0.2717650548182046,0.9148534863347456,0.5813402445143157,27.505416121058325
286,30,1.4621378682974508,0.07417761912041831,0,0.004175854400833312,0.02033835491329903,0.9376236589833185,2.0367593425648844,0.6398942832222009,54.16271236650147
286,100,1.4621378682974508,0.07417761912041831,0,0.004175854400833312,0.02033835491329903,0.9376236589833185,2.0367593425648844,0.6398942832222009,54.16271236650147
287,1,0.5315773641625636,0.04206940509903581,1,0.02659362929603435,0.0010980259796927127,0.0038857088868365403,0.15556613553243392,0.10348242041166122,0.8477108734282752
287,3,0.5821274297555061,0.041998416988587174,1,0.02500248077288134,0.016635724368824625,0.04048922461380007,0.2958438432945434,0.22836269804647183,3.785537924834517
287,10,0.833632204042349,0.04556598449654385,0,0.01699013869144077,0.03043244597615359,0.28620961937475453,0.9267373201508908,0.5829526133525912,27.83050024902284
287,30,1.4135477909657823,0.0752218289436821,0,0.01699013869144077,0.024276132583608785,0.8722815196907328,1.8830976515391145,0.5829526133525913,45.460601536834176
287,100,1.4135477909657823,0.0752218289436821,0,0.01699013869144077,0.024276132583608785,0.8722815196907328,1.8830976515391145,0.5829526133525913,45.460601536834176
288,1,0.4651869195376212,0.03955543932747717,1,-0.04858679714389207,0.014937048895384311,-0.0011633322138709836,0.12923036093447238,0.09356299906192514,0.6591835750196635
288,3,0.4870397044176403,0.03904994623234039,1,-0.04716627558214468,0.006122162651308156,0.028083817348476814,0.26398670407330754,0.12186249741977619,1.486920263632699
288,10,0.6916411158924812,0.04407958302364492,0,-0.037105833794649476,0.010903187609752472,0.21784376207737816,0.8411135063868423,0.4016795367423701,15.786233451878532
288,30,1.287872398482702,0.065925693068313,0,-0.029307074819383702,0.03014808221971235,0.7870313910823733,1.9000247842784417,0.5871657676134014,46.18168632050525
288,100,1.3089376537713389,0.06581657493096044,0,-0.028884322400021156,0.031039966396833582,0.8067820097745263,1.9243241366884811,0.5975891910737757,47.65767928852191
289,1,0.5590787205988756,0.040061572076705146,1,0.05059421096071693,-0.0039407088439226716,0.01242521848208147,0.19737085576071284,0.07771970255720406,0.6760935840031611
289,3,0.5865369980284927,0.04016828662158819,0,0.04766593660568656,-0.019185969960332182,0.05805703138313826,0.3535491413832079,0.18543148692568656,3.1605061310820335
289,10,0.7676304032403188,0.04192832992746503,0,0.031165993055724088,-0.03893396420766536,0.2753983743922603,0.9453688238986195,0.5778651154300506,27.835119201084453
289,30,1.3231491907799948,0.06395997159094305,0,0.030695510068182538,-0.026266478296051714,0.8187201590078639,1.8695626753568808,0.5890446370275445,45.79703642594236
289,100,1.3231491907799948,0.06395997159094305,0,0.030695510068182538,-0.026266478296051714,0.8187201590078639,1.8695626753568808,0.5890446370275445,45.79703642594236
290,1,0.4771255732398997,0.04460475765426953,1,-0.030334631745717777,0.0010436407247005842,0.006416564260916826,0.16238957842706572,0.064099900844238,0.45909798960476605
290,3,0.5002757781562871,0.04462608751896512,1,-0.028807832918094814,-0.010302796189722612,0.039386407264104466,0.26982037232785183,0.1748159766109136,2.4580238021319873
290,10,0.6707008367415426,0.042702310378245845,0,-0.02011420426399244,-0.019866711054823266,0.21068175206035808,0.7874644483648885,0.514280321720574,21.170238388300792
290,30,1.2579550332675569,0.06315301343364847,0,-0.018354173177849938,-0.005543501349348888,0.7818527077947554,1.8263078200720004,0.5839048937256236,44.503840261490936
290,100,1.2773817464702164,0.06359974008533854,0,-0.018354173177849938,-0.0037462054547734865,0.7994821251028396,1.8534322545658393,0.5839048937256236,45.004684644638786
291,1,0.4866683172399825,0.04202732810084286,1,-0.005725566655234652,-0.020340187271657817,0.012734071166874916,0.19625519793343033,0.09461222975543371,0.8702466656708914
291,3,0.5265046362189377,0.04292408881172632,1,-0.0055639766777858006,-0.03470101481914193,0.06676962771586549,0.41378002615868453,0.17832698829205607,3.3390066268873837
291,10,0.8061526890037312,0.05335566698919734,0,-0.004130795721778066,-0.066380092212865,0.3766635769383741,1.1563544970085045,0.5042281918822212,26.478149507140493
291,30,1.278823709277941,0.07460873119336939,0,-0.0037458437982863108,-0.07197484823430281,0.85454440131053,1.9179012120598218,0.5884775483376934,46.64193934336119
291,100,1.278823709277941,0.07460873119336939,0,-0.0037458437982863108,-0.07197484823430281,0.85454440131053,1.9179012120598218,0.5884775483376934,46.64193934336119
292,1,0.5048120190387845,0.04100848866352002,1,0.0005762322075480765,0.0011204560655976058,0.0031153307656387203,0.11663252277087824,0.09236474721108211,0.610445447369798
292,3,0.5469099392267519,0.04126739748334732,1,0.0005592270013671893,0.006157833610036619,0.04019287861534816,0.2827140040747564,0.1789758106727153,2.6130314208197865
292,10,0.7863861686844068,0.045899734055334866,0,0.00041029252718656505,0.020815396822544067,0.2651604793346762,0.9213966206686505,0.5098384380598926,23.07509729553177
292,30,1.380777189317483,0.06569699840050974,0,0.0003604970998338346,0.032672830345066246,0.8477438618725831,1.8914062895784618,0.6188427630228406,49.124385222534265
292,100,1.380777189317483,0.06569699840050974,0,0.0003604970998338346,0.032672830345066246,0.8477438618725831,1.8914062895784618,0.6188427630228406,49.124385222534265
293,1,0.48143796327388627,0.04132597762048741,1,-0.025300707831415727,0.009591792337583224,-0.002853121232281194,0.1482448583837858,0.08762239159068753,0.653555910064565
293,3,0.5068624505483147,0.04057591343125494,1,-0.024312775079067133,0.014192463962412655,0.016982761664969207,0.2289961612603817,0.16794383174546249,2.10808887018697
293,10,0.6888754601175524,0.04155250453364042,0,-0.017127339828216338,0.0206028187411928,0.18539998120457596,0.7536613638081526,0.5183323729987783,20.849387779680736
293,30,1.2341012115688452,0.06855574636115483,0,-0.01504498157999223,0.0382120251464556,0.7109341680023818,1.733467615099601,0.6150803644775678,45.68054745687523
293,100,1.3823524064484418,0.08032158601696845,0,-0.01504498157999223,0.043082248306272046,0.854315139722162,1.9689427191923405,0.6150803644775678,50.26066749741094
294,1,0.5417396030589676,0.04187523021530786,1,0.036397403598269984,0.00445438794594679,0.0008878115147506301,0.15575627438385944,0.1020385078312071,0.8318369773543465
294,3,0.5607155756335079,0.04145484223253026,1,0.03412861341011528,-0.0028424799640179624,0.029429442187410424,0.2983052551293527,0.21959697625957453,3.596450920285072
294,10,0.7394686871957751,0.04321096591701875,0,0.02350782658697372,-0.01736938152479927,0.23333024213360046,0.8918207510223569,0.5745210109708122,26.640423203197805
294,30,1.3113859788467406,0.06695395215679249,0,0.022558702406083597,-0.038947294038499065,0.8277745704791564,1.8646273972336294,0.6079635863435091,47.53678972820303
294,100,1.336333218655785,0.06756720070920336,0,0.022558702406083597,-0.039140671496262554,0.8529151877459643,1.8970440617719386,0.6079635863435091,48.1600162044308
295,1,0.525231624474506,0.0433605738370842,1,0.028821273458691704,-0.007012398275700714,0.0034227492915149967,0.1520336809917905,0.07984262583433463,0.5854518544959111
295,3,0.5623975954842287,0.04436517864835945,1,0.028208797309879262,-0.010357379405821397,0.04454617758017078,0.362246454050945,0.13342101913967103,2.0912919905950402
295,10,0.8463938314289907,0.05612487598453583,0,0.022028126227090168,-0.0026257284775189375,0.3269914336794194,1.1002357211239584,0.4291865256783669,20.757425215005963
295,30,1.363271222594548,0.06680079136750797,0,0.017020255623153655,0.016483266641378194,0.8297677003300161,1.9294344381905917,0.6306425387502926,51.05476550873802
295,100,1.363271222594548,0.06680079136750797,0,0.017020255623153655,0.016483266641378194,0.8297677003300161,1.9294344381905917,0.6306425387502926,51.05476550873802
296,1,0.4564227065582609,0.042253471597160544,1,-0.04707291749553588,-0.005125527878925189,0.008621151932721918,0.16076381672004697,0.0725879969228624,0.5356436894840522
296,3,0.5062901433556398,0.04264367909342896,1,-0.04407309838826249,-0.004676740717389955,0.0550399824612924,0.3188695510750999,0.20650056331726263,3.430730512332713
296,10,0.7422898973986789,0.04474458519785815,0,-0.028200695575480463,-0.007785447110982632,0.2782760400851419,0.9264966764419046,0.6038771197879067,29.224433132697634
296,30,1.4105078454433568,0.07141327769227554,0,-0.027796240797003883,-0.004087362087252166,0.9423914483276126,2.004465224484224,0.6153381278599125,50.97796788997735
296,100,1.4105078454433568,0.07141327769227554,0,-0.027796240797003883,-0.004087362087252166,0.9423914483276126,2.004465224484224,0.6153381278599125,50.97796788997735
297,1,0.548614551760559,0.04267088228992943,1,0.043832588027702894,0.005329188230632613,-0.0005472244977765954,0.09925720285625643,0.08994650170722794,0.5381630952238122
297,3,0.58859483740843,0.042172129412000346,0,0.04174547387122045,0.02467584833071994,0.022173515206489545,0.21826449329012415,0.1434357958629494,1.6406139629044334
297,10,0.8201726921896274,0.04463967687403908,0,0.029166957522787664,0.061827892879915226,0.2291778417869243,0.8580862545995872,0.4950789378172103,21.184843905112945
297,30,1.3973824844580243,0.06828879878354809,0,0.025249167977989675,0.10740869493889177,0.764724621541143,1.902888565212426,0.6009731192244786,47.584485877264214
297,100,1.3973824844580243,0.06828879878354809,0,0.025249167977989675,0.10740869493889177,0.764724621541143,1.902888565212426,0.6009731192244786,47.584485877264214
298,1,0.4606975106583365,0.0417814221142865,1,-0.03599106687620257,0.0007803915721749102,-0.004091814037635958,0.11485203835379101,0.0688194538016971,0.3997173280606341
298,3,0.4976555111437765,0.04096361915084833,1,-0.03450375459747661,0.016202063375329024,0.015957202365923993,0.2451130891629214,0.16853769359386958,2.204605552423763
298,10,0.7366285357946872,0.043612231995439094,0,-0.024648824010821874,0.03831325009739027,0.2229641097081189,0.8761735916612562,0.514737738981488,22.64047090098525
298,30,1.2943114476440831,0.0631985633390128,0,-0.022109877483723606,0.04298758493611266,0.7734337401916943,1.868761850817904,0.5972054750165617,46.57052120217291
298,100,1.2943114476440831,0.0631985633390128,0,-0.022109877483723606,0.04298758493611266,0.7734337401916943,1.868761850817904,0.5972054750165617,46.57052120217291
299,1,0.5252407209395642,0.0413842313532286,1,0.02281320623297035,-0.00023065596462353173,0.0026581706712174007,0.0964845874004426,0.07370710775557156,0.3966867859826004
299,3,0.5551332097620729,0.04019581778777226,1,0.021589453248732297,0.0033697580110553477,0.030173998502285235,0.21849610966716534,0.19702054759017118,2.5888087050938755
299,10,0.730787903387377,0.03955833992469203,0,0.014205639756604629,0.0031787923696333124,0.21340347126113904,0.7508201578148751,0.5889941862791446,24.954888348506497
299,30,1.400950994259056,0.0779816336049377,0,0.013769424206970842,-0.003178365481734705,0.8903599355338196,1.9528354657785694,0.6128769646323494,49.725742501245264
299,100,1.4270064256779451,0.078226333062959,0,0.013769424206970842,-0.0026108617707244495,0.9158478632416985,1.991158176245415,0.6128769646323494,50.468470022083956
300,1,0.5084217206967107,0.04235429479773004,1,0.0073339721257872515,0.0002978388243401411,0.0007899097465833751,0.11997995486555703,0.07516385873785503,0.46383536221396104
300,3,0.5357246255826628,0.04211608633914117,1,0.007089966458403096,0.012700812840483201,0.015933846283776233,0.20001354587413156,0.1663016103720045,1.9264216154934724
300,10,0.6798148039489454,0.04213791017496006,0,0.005081464117552593,0.029266621652481926,0.14546671817891105,0.6843821863504385,0.49239115364223496,18.32327343524812
300,30,1.2379790923988834,0.06535264710698822,0,0.004391416024483606,0.04709377176613655,0.6864939046082632,1.6862370597653265,0.5973480388045235,43.13647398063399
300,100,1.3583260111268831,0.06949496790549829,0,0.004391416024483606,0.04841333011269068,0.805521264989709,1.8591958616193842,0.5973480388045235,46.403631775879596
301,1,0.595138229688347,0.044596164128487395,0,0.08731417057345482,0.0013974046322473422,0.006426654482645015,0.15675951272189345,0.10772333004597245,0.9009636605238144
301,3,0.6169643457300528,0.04466185253924536,0,0.08364752223642366,-0.019184128200374174,0.052500951694003414,0.3361250044675074,0.17808482857574437,2.8957915720972367
301,10,0.8082931574514176,0.04708710117232785,0,0.06290743071687457,-0.046523597610372586,0.2919093243449157,0.9667081872683588,0.48175598029162714,22.06657194431817
301,30,1.3101765677301949,0.0607426567423519,0,0.05450968386042783,-0.0399495217544818,0.7956164056242488,1.82529950467931,0.5912562613590874,45.18274108534574
301,100,1.3101765677301949,0.0607426567423519,0,0.05450968386042783,-0.0399495217544818,0.7956164056242488,1.82529950467931,0.5912562613590874,45.18274108534574
302,1,0.5181056734901185,0.0432898232553744,1,0.010012713457164557,0.0031817424415442213,0.004911217591409673,0.12633534956960937,0.06853408549600848,0.42232845937490554
302,3,0.5567547985568337,0.044420048024772604,1,0.009615018008490451,0.0015376355501351647,0.045602144998208076,0.2722991881629867,0.16502784289693725,2.282251729043246
302,10,0.8121309492953006,0.052685517337554874,0,0.006739168543921872,0.0007531405242079317,0.30463864022717085,0.9356609616517731,0.5191032910538653,23.88066426927242
302,30,1.372949079438805,0.07823004674952522,0,0.006096173865526288,0.02641344448195383,0.8404394610913247,1.9400211918275208,0.5949679617176954,47.69465213819823
302,100,1.372949079438805,0.07823004674952522,0,0.006096173865526288,0.02641344448195383,0.8404394610913247,1.9400211918275208,0.5949679617176954,47.69465213819823
303,1,0.5587190738856597,0.0405879829374661,1,0.06297240934293562,-0.013444464989211369,0.009191129531935627,0.1722283844432171,0.10127796374536006,0.8759561617525267
303,3,0.5854314274548922,0.03958816033899315,0,0.05921069575082014,-0.020150366138932962,0.04637109784300494,0.3187380728397014,0.22153412193777114,3.7848898528109283
303,10,0.778422443332268,0.041909671913460095,0,0.0419631796354196,-0.0351635137329669,0.2716227774298152,0.9267587088673451,0.5586370799656092,26.24049040724244
303,30,1.3271765175591081,0.0645325711895632,0,0.03915074002471687,-0.033672408402367134,0.8216981859367584,1.8817302552411,0.6160529347860464,48.660074479150666
303,100,1.3737242958688825,0.0654208722437862,0,0.03915074002471687,-0.02846693795270811,0.8630404937968735,1.9569600689505209,0.6160529347860464,50.12564937482977
304,1,0.4885294012907725,0.042149050169594256,1,-0.01517354113294262,-0.0018514168083901678,0.0055543592321053315,0.13241164718629514,0.07647005572561881,0.5051167917015136
304,3,0.5454824062342956,0.042695950477281246,1,-0.014407650396041055,0.007725555119214098,0.05216450151112259,0.3185776977706166,0.1653748744040542,2.530884521906393
304,10,0.8684496276209237,0.050467930373027804,0,-0.009968030703667528,0.029413280492982464,0.3490043778316087,1.0630561930874973,0.5063184652788496,25.127564808121818
304,30,1.4016428075428098,0.07107037188982719,0,-0.00890523830026696,0.07766085525312792,0.8328871905899491,1.9127409959950494,0.5885311109237547,46.55114477610868
304,100,1.4016428075428098,0.07107037188982719,0,-0.00890523830026696,0.07766085525312792,0.8328871905899491,1.9127409959950494,0.5885311109237547,46.55114477610868
305,1,0.464902440431506,0.041932020076505004,1,-0.03878882416448891,-0.007623988489034925,0.011315253085029758,0.1847848754028465,0.11358645245946208,1.0717256449167756
305,3,0.4992250268130918,0.04165883537506741,1,-0.03692340369300556,-0.014285701038324319,0.0504341315444218,0.2944642385190274,0.1845283024656026,2.795063874209991
305,10,0.6835249473981964,0.04270485203403726,0,-0.0253351894242391,-0.025766982692852193,0.2346271195152877,0.8243868261776013,0.5539246129012613,24.14337741324356
305,30,1.1835843785956819,0.06171913993763316,0,-0.023392578856690736,-0.018332984199277463,0.7253099416516501,1.7215951141206092,0.6167138986629983,45.60218369552725
305,100,1.2661506954947472,0.06428027587813699,0,-0.023392578856690736,-0.0232180557427939,0.8127613300942319,1.8367919376440927,0.6167138986629983,47.848775860523226
306,1,0.4568368091760866,0.04236154762971169,1,-0.045825040852363545,-0.00722271261255316,0.009884562641003262,0.1658500490450995,0.09444701053131582,0.7774231667492228
306,3,0.4904078285901711,0.0421595088101954,1,-0.043548353562713124,-0.008411343873771203,0.04236752602665545,0.28521109028631103,0.198405282509498,3.0342700225021386
306,10,0.6595477463519949,0.041956546506841795,0,-0.031246181479752836,-0.020616324350562255,0.2114102521823099,0.7929160717899204,0.5276990894356988,22.037515138270027
306,30,1.223259898984794,0.06304560236980837,0,-0.02820820606324509,-0.04779032859935114,0.7992584336473905,1.8375126428778716,0.6036151755645421,46.59621813936942
306,100,1.2660910103097867,0.06402333981652378,0,-0.02820820606324509,-0.049225988894689314,0.843525205267721,1.9029699573136367,0.6036151755645421,47.845666562030196
307,1,0.5813437311867763,0.04390348458528186,1,0.08695030060425857,-0.007762302065234645,0.0021557326477522846,0.18471028704989234,0.09819004535978304,0.8784173768638852
307,3,0.6052982544755826,0.043030627519337186,0,0.08298209566400265,-0.004234869179577723,0.026551027991157723,0.26340319781703414,0.1772805827732336,2.470519221819207
307,10,0.7470608744947975,0.04209638093275775,0,0.060483631702481985,-0.001787813310916663,0.18836505610323218,0.8155000122594318,0.5174430568825098,21.810929034942358
307,30,1.3362585813287768,0.059115279947861685,0,0.054613477761118336,0.009500946087160752,0.7721441574804976,1.857137794544145,0.6100268074157899,47.59343445580706
307,100,1.3362585813287768,0.059115279947861685,0,0.054613477761118336,0.009500946087160752,0.7721441574804976,1.857137794544145,0.6100268074157899,47.59343445580706
308,1,0.518089822525597,0.04080451039596435,1,0.014892859183707368,0.0063435381803210135,-0.0031465748384313687,0.12311077558640726,0.08129866658185636,0.525514103152348
308,3,0.5496123472488489,0.04044351718755837,1,0.01449744877189576,0.020818971238545817,0.014295927238407238,0.19417726875438404,0.13990635461235384,1.4780619194090043
308,10,0.7092909482224258,0.03941525137578907,0,0.010962624868626283,0.043458013513932456,0.15487030983986702,0.6928274731850622,0.44228927369507953,15.876213776560249
308,30,1.2928348811198696,0.05835296984965272,0,0.008794740082530138,0.08597526998728743,0.6980648710500517,1.7666485226113595,0.6105957736564214,45.90157716171741
308,100,1.4281286870515395,0.06362674642748403,0,0.008794740082530138,0.09094286332014256,0.8283910836488669,1.9594901467995027,0.6105957736564214,49.62510473797871
309,1,0.5884757162226972,0.03881383843827727,0,0.07621703094962626,0.007395824044200612,0.004862861228870417,0.1639913744483468,0.0735196009727704,0.5521878220739239
309,3,0.6064535887795179,0.037707920066504946,0,0.07247618548471338,0.0010883630478788202,0.03288904024692582,0.26688719821503626,0.1790059322056776,2.5240514607695035
309,10,0.75613962095973,0.036075834191250454,0,0.04716794098696178,-0.005471368595794414,0.21444304856856267,0.8069092763834756,0.5867593518486429,25.859465514161183
309,30,1.3120237694208619,0.056360449031189246,0,0.046033950200007834,0.003696631645624328,0.7622931875752297,1.7906443037180932,0.6079902541000138,46.116963499759656
309,100,1.410411352463472,0.06273986758733653,0,0.046033950200007834,0.010937246627473498,0.8534401556359904,1.9289826966436525,0.6079902541000138,48.77670447462775
310,1,0.47562225079187487,0.04108689586197174,1,-0.0264279921553658,-0.0012629604729182658,0.0033132034201587214,0.12834569758997671,0.06111362027764531,0.3661457359062847
310,3,0.5092292102241727,0.04062932930767376,1,-0.025145443202141265,0.006417325944195633,0.02795732748211836,0.23446685904311554,0.15264854072745035,1.8686721160644062
310,10,0.7107067619608322,0.04083831603526659,0,-0.0167736794557993,0.013409749648843422,0.21407069176778817,0.7893285163006392,0.5399002747501429,22.6941169187498
310,30,1.3568619040412773,0.06504487883797633,0,-0.014714129338022497,0.03363947684158305,0.8379365565377169,1.8940663501404489,0.6407831082952201,51.36451917224675
310,100,1.4445157580686243,0.06945424268159356,0,-0.014714129338022497,0.039743343163235655,0.9194865442434113,2.0234189089249943,0.6407831082952201,53.98563419095412
311,1,0.46249181910604775,0.040205775227322084,1,-0.048111828571928014,0.006650570952566778,0.003953076725408903,0.15958814199202903,0.10457166190420403,0.8735358709850566
311,3,0.5047326498866515,0.03987999811734831,1,-0.045469625775499574,0.007102002141876067,0.043100273520274957,0.3194629588100187,0.2216246301630387,3.792150774817761
311,10,0.7638077407563141,0.04211101220418567,0,-0.031871408092291185,0.016628624350996435,0.27905052449760887,0.9673984437889063,0.5728037752248344,27.898677487218574
311,30,1.2555023851214286,0.0621943924877096,0,-0.03092478428913285,0.0015762677993834506,0.7848509016111779,1.8281130422538001,0.5978383422768113,45.86335894662366
311,100,1.2555023851214286,0.0621943924877096,0,-0.03092478428913285,0.0015762677993834506,0.7848509016111779,1.8281130422538001,0.5978383422768113,45.86335894662366
312,1,0.5176861971639953,0.03923891316863958,1,0.018777575351995993,-0.007339684235143694,0.006248306047143057,0.1376985215550377,0.09499155631487376,0.6989769720194375
312,3,0.5541459578087531,0.038406552039134075,1,0.01801374396615464,-0.009173512876284255,0.04530572671888261,0.2705763112908854,0.18898571568666023,2.7464589736923744
312,10,0.7563280787798992,0.042486705522768745,0,0.01270297391511723,-0.004913678994674464,0.24853878385945632,0.8186249168743107,0.5419348215270973,23.3165704673846
312,30,1.3450645584865935,0.0724313555450063,0,0.012331838347148922,-0.014121083941296173,0.8468538040807406,1.8744315266369524,0.571294675156407,44.18430340809014
312,100,1.3742971799628263,0.0736844465150076,0,0.012331838347148922,-0.010840691114112908,0.8728060327297898,1.9141049588246526,0.571294675156407,44.90104061429755
313,1,0.4047716132667999,0.04255354429289654,0,-0.10148700883598528,0.004656932391746372,0.001601689711038752,0.10734689287065194,0.06820077083855208,0.3786032496348578
313,3,0.47145624022995997,0.043717465770782594,1,-0.09488501219149746,0.019901247767069523,0.04644000465438791,0.3185818502460398,0.19903784847839634,3.257965372928756
313,10,0.8165588195478979,0.04894588093287547,0,-0.061688094318901356,0.0404338806646377,0.3378130332021615,1.1102430771108514,0.6048032113041263,32.8012152706847
313,30,1.3214489028317211,0.07243434153727878,0,-0.059624366457606756,0.04213695031924521,0.8389363189700825,2.0157396113129638,0.6317675110361619,52.89254027895698
313,100,1.3214489028317211,0.07243434153727878,0,-0.059624366457606756,0.04213695031924521,0.8389363189700825,2.0157396113129638,0.6317675110361619,52.89254027895698
314,1,0.5248841127918787,0.04333982224321116,1,0.017786920465123986,0.002922272621649163,0.004174919705105623,0.1546488087693697,0.08141471862014982,0.6077595873688846
314,3,0.5515067515028595,0.04247222559301456,1,0.017037978826117614,0.0035826540583830846,0.030886118618358778,0.29172195710156323,0.1695030957936692,2.4722394022534373
314,10,0.7638211744962415,0.043155011577645945,0,0.012564471087803777,0.017358127758855865,0.23389857564958189,0.8965642390080605,0.48397011977326504,21.128359074418846
314,30,1.281361079578772,0.060001264660276755,0,0.011293616849057499,0.02769694975426005,0.7423705129754546,1.8545064368791069,0.5723083569953085,43.920443954318095
314,100,1.3006810431820515,0.06036586354952047,0,0.011293616849057499,0.02701649711657225,0.7623709292164217,1.8793784689476287,0.5723083569953085,44.37057747635399
315,1,0.47444388535088855,0.0438217521855124,1,-0.023839104504278216,-0.0015014809492540416,-0.00021552919557916113,0.1255800830489591,0.07390517375083999,0.4662143603081039
315,3,0.5097700121703768,0.04351117666200521,1,-0.022789871014466508,0.01289485504843645,0.019665028136406734,0.24441092470637116,0.1439086439585425,1.7671611589653493
315,10,0.7262909418218071,0.04506120429023221,0,-0.016195615440546162,0.027325471219556058,0.21516108604279705,0.872787542676409,0.48947693725863733,21.08597400455128
315,30,1.2339789791637212,0.06554875876214585,0,-0.014942198465149811,0.040568309661150576,0.7083528679677205,1.7775322498718038,0.5561248751543847,41.04019054541928
315,100,1.2550825200893776,0.06616742445887513,0,-0.014942198465149811,0.041031162840450844,0.7289935557140762,1.8170021415813096,0.5561248751543847,41.73431645585996
316,1,0.4199674420693437,0.04333768445122697,1,-0.09152397746732398,0.00989040411813293,0.0016010154185347714,0.12092282074635756,0.03975169253110741,0.20197732570551805
316,3,0.47831955327414327,0.044350051696634495,1,-0.08652395537636791,0.019264457189009824,0.04557905146150133,0.3387002171316882,0.13696677349213426,2.060242014263517
316,10,0.806418298755625,0.05651026133073175,0,-0.05614220118385224,0.0378059811064103,0.32475451883306683,1.095767773808684,0.5405825605541204,27.972953319549276
316,30,1.359350031269608,0.0775482283897297,0,-0.050965106649578526,0.07582252499049925,0.8344926129286875,2.0033265679831134,0.6141421655047731,50.83354748930216
316,100,1.359350031269608,0.0775482283897297,0,-0.050965106649578526,0.07582252499049925,0.8344926129286875,2.0033265679831134,0.6141421655047731,50.83354748930216
317,1,0.556678017605395,0.04075831193023064,1,0.03946319055347648,0.014507211041157172,0.0027076160107614828,0.10343382215968755,0.06293443883268021,0.3310997410823831
317,3,0.5902330300655905,0.04054068051729285,0,0.03762083859840141,0.012130603978335699,0.04048158748885338,0.2838525220852234,0.16529451499106618,2.3477236862637363
317,10,0.8213218387790098,0.04087543897245579,0,0.02564325461308411,0.015060646022145203,0.28061793814378033,0.9591532374366332,0.5407663934979984,25.64942792892453
317,30,1.36762422674465,0.058638855219975784,0,0.022814655306403555,0.015293648024519652,0.8295159234137267,1.9276861248265635,0.6282466852987748,50.77847325152739
317,100,1.36762422674465,0.058638855219975784,0,0.022814655306403555,0.015293648024519652,0.8295159234137267,1.9276861248265635,0.6282466852987748,50.77847325152739
318,1,0.5059633907345322,0.042805445383003383,1,-0.0007494656251165283,0.0057404789445719955,0.0009723774150768121,0.1435742522835535,0.1070669068097626,0.8486090251134389
318,3,0.522629009737916,0.04222905066013838,1,-0.0007251826996705088,-0.00590044450884285,0.02925463694642946,0.21955689830536151,0.15321157134171734,1.8060540255733013
318,10,0.6626065330155327,0.04345269046954213,0,-0.0005472713743842892,-0.008721229218543493,0.17187503360846046,0.6953339353471096,0.4466823328987296,16.131363078382908
318,30,1.2251163530686546,0.06469544131642489,0,-0.00044822851542572197,-0.007853202076127304,0.7334177836602078,1.8251452790771472,0.590936291958894,45.14942829473851
318,100,1.286470689883979,0.06691376223030161,0,-0.00044822851542572197,-0.005947748403857133,0.7928666668032618,1.9239914409076648,0.590936291958894,46.99657110203345
319,1,0.49525392155711695,0.044140656900637384,1,-0.010243543659397695,0.012003440049868601,-0.006505974833354006,0.12163539224513722,0.07301120774858695,0.44940340086838537
319,3,0.5320016672814405,0.0448920392767952,1,-0.009981280072829897,0.02534232468075451,0.016640622673515973,0.27620289962304684,0.13541100733224484,1.762560399892562
319,10,0.8072692484724161,0.053748283803242286,0,-0.007268141667277383,0.05670795723622254,0.25782943290347093,0.9556120538454579,0.45542568180687365,20.32151796501238
319,30,1.3433041983764213,0.07315807139299801,0,-0.006127123609322235,0.08230046522973114,0.7671308567560122,1.864201450311931,0.5851810517561639,45.325944864595876
319,100,1.3433041983764213,0.07315807139299801,0,-0.006127123609322235,0.08230046522973114,0.7671308567560122,1.864201450311931,0.5851810517561639,45.325944864595876
320,1,0.4921165411368664,0.04390064421674473,1,-0.009207663689344668,-0.006164769336634067,0.007488974162845112,0.15861760104615164,0.08515941753671931,0.6564859617750928
320,3,0.5288420365107179,0.04209423968876377,1,-0.008386160704835256,0.0014184029152008446,0.035809794300352416,0.24068101958273688,0.23225084684969607,3.4734086720041972
320,10,0.7268880000683292,0.040237573824039294,0,-0.005394753843390233,0.028939654297564666,0.20334309961415464,0.8001842249310273,0.6169587912911376,27.64838943107069
320,30,1.4161718107631127,0.06605008266854318,0,-0.005394753843390233,0.08721123408443936,0.8343553305220633,1.9247022432327765,0.6169587912911376,49.58767977534777
320,100,1.4161718107631127,0.06605008266854318,0,-0.005394753843390233,0.08721123408443936,0.8343553305220633,1.9247022432327765,0.6169587912911376,49.58767977534777
321,1,0.4558810903429634,0.04163664143864462,1,-0.048560835859182715,-0.008565120553419396,0.013007046755565436,0.17000775515261332,0.11734703849786161,1.0663274277835517
321,3,0.4898535801396626,0.04242288535512061,1,-0.04714172395245366,-0.029506249521706846,0.06650155361382325,0.35963654843408255,0.18801770014140903,3.256155953248987
321,10,0.7722139971761454,0.05142856895246109,0,-0.03619177949312333,-0.05446543324037435,0.3628712099096432,1.0700842475215906,0.4923212828029522,24.324413527522072
321,30,1.315953521882437,0.07100507494814852,0,-0.03052625513365187,-0.0645808618293632,0.911060638845452,1.981652171320473,0.6276462230512146,51.78913612392234
321,100,1.344896833455677,0.07164299981827749,0,-0.03052625513365187,-0.06426760383787683,0.9396906924272058,2.0217017088921265,0.6276462230512146,52.58403599335562
322,1,0.4833976770867307,0.04331142106381789,1,-0.026841291704598355,0.011055747033047824,-0.0008167782417188063,0.1300077578233632,0.08201413027147365,0.5498818452800843
322,3,0.5205600877970632,0.04639004439643109,1,-0.025453456412268212,0.01763143478783216,0.028382109421499283,0.2537968389033015,0.20670336753092447,3.010075447124781
322,10,0.7729028722658644,0.054791029167966104,0,-0.017335118759188802,0.029239973688155205,0.26099801733689787,0.9255234972327644,0.5871724201365187,28.087771479404473
322,30,1.3121341197139866,0.08031312581256513,0,-0.017335118759188802,0.01345771742810431,0.8160115210450709,1.8746826652833757,0.5871724201365187,45.711780048258824
322,100,1.3121341197139866,0.08031312581256513,0,-0.017335118759188802,0.01345771742810431,0.8160115210450709,1.8746826652833757,0.5871724201365187,45.711780048258824
323,1,0.561986848460351,0.043330094561344,1,0.058659850378468985,0.00036896501451527794,0.0029580330673667178,0.12846377783280247,0.0810910147514408,0.5373661835810829
323,3,0.5952716655582724,0.04337749536606223,0,0.05623128299489109,-0.0024149913101146354,0.0414553738734959,0.320709807976487,0.1638726643020388,2.511159023338976
323,10,0.8499851500441883,0.04892202386915846,0,0.04115077987995468,-0.007169267637355259,0.3160036378015889,1.0391667112531375,0.48316276105790873,23.25959293032067
323,30,1.391190818135096,0.06684129187152651,0,0.03530494625444831,-0.0019057284012446414,0.8577916002818924,1.965048287995762,0.6021551424950607,48.884219338876754
323,100,1.391190818135096,0.06684129187152651,0,0.03530494625444831,-0.0019057284012446414,0.8577916002818924,1.965048287995762,0.6021551424950607,48.884219338876754
324,1,0.43096164589550257,0.0401976317516795,1,-0.07061606104479293,-0.004198144226372026,0.00577585116666753,0.12905603359177784,0.09180507554736304,0.6411888198619975
324,3,0.45548802608727557,0.03960184719341709,1,-0.06905417764454846,-0.005888186054825694,0.030430389786649747,0.23792503355077424,0.16846906572071726,2.1650481575686524
324,10,0.6689135954363957,0.0393624793397497,0,-0.05032404109309434,-8.352967412447729e-05,0.2193211662036146,0.7896841226776453,0.49295131695557204,19.99434891834948
324,30,1.2725393222914558,0.06496271754557364,0,-0.04276851472959673,0.021084771330563135,0.7942230656904895,1.8560267152908183,0.6139637370380813,47.95545273148105
324,100,1.3418636345871546,0.06682527430542795,0,-0.04276851472959673,0.02315294429179535,0.861479205024956,1.9507472143741296,0.6139637370380813,49.79447377393453
325,1,0.5033001464874204,0.04228474572971492,1,-0.001992508905880474,-0.002353143339711763,0.007645798733012409,0.17970832008071944,0.0914762349850633,0.7844643876779784
325,3,0.5390715456061365,0.04282910721090812,1,-0.0018887095797916979,-0.011399238267909019,0.05235949345383718,0.3339706357180312,0.20245446147572715,3.434285848531223
325,10,0.7564192082813005,0.042275395597725626,0,-0.0013292997439071294,-0.01804493127364737,0.27579343929885497,0.9166979006009546,0.5450910522553901,25.197283860435668
325,30,1.306813565825525,0.06308815393161919,0,-0.0012921024906856608,-0.023631311075321976,0.8317369793915328,1.8465753913264529,0.5678683826613257,43.35755516446781
325,100,1.306813565825525,0.06308815393161919,0,-0.0012921024906856608,-0.023631311075321976,0.8317369793915328,1.8465753913264529,0.5678683826613257,43.35755516446781
326,1,0.5165985197589117,0.039952448604289564,1,0.01519754363128344,-0.003988561938076433,0.0053895380657044975,0.12283431817393943,0.0842486243114378,0.5517052864304354
326,3,0.5623179698640848,0.04046902738114151,1,0.014527408805661703,-0.01040498238187495,0.05819554344029798,0.34829906789547477,0.20586793381918606,3.6076912875416496
326,10,0.8655676770705322,0.0463601385192392,0,0.010122489580502185,-0.021906276220050314,0.37735146371008044,1.1239013633516977,0.5809041391376792,31.316939220575552
326,30,1.3293675192119019,0.06329950119120037,0,0.009781960951104052,-0.040708192115593345,0.8602937503763912,1.933889812852064,0.6058355941378877,48.656576564150235
326,100,1.3293675192119019,0.06329950119120037,0,0.009781960951104052,-0.040708192115593345,0.8602937503763912,1.933889812852064,0.6058355941378877,48.656576564150235
327,1,0.5182881378551367,0.04187620293211581,1,0.01985481861756528,-0.006982981919601851,0.005416301157173275,0.15450390054937915,0.09060432197505222,0.7022743319495177
327,3,0.5662877270158311,0.04148657218662121,1,0.018863026863307424,0.006512477284306477,0.04091222286821719,0.31062917690026054,0.18697613368880392,2.9421931618745227
327,10,0.8521992651119471,0.04509193619554983,0,0.012767197988625875,0.01775581218870129,0.3216762549346198,1.0035498770663307,0.5612062912791053,27.76957308506828
327,30,1.393022092995232,0.06365354734382256,0,0.011796717606483995,0.010058640711942806,0.8711667346768049,1.872585014581867,0.6247784576366259,49.34098349376564
327,100,1.393022092995232,0.06365354734382256,0,0.011796717606483995,0.010058640711942806,0.8711667346768049,1.872585014581867,0.6247784576366259,49.34098349376564
328,1,0.5206990965520415,0.0413647559726271,1,0.01707718307540791,-0.015165538899780747,0.018787452376414306,0.25082528734435927,0.08013958205959244,0.8387431200152111
328,3,0.5439188116161757,0.040997351191678834,1,0.01614283624859622,-0.044447216428433044,0.07222319179601243,0.408522972021642,0.20914565667959087,4.085116009491185
328,10,0.7228341739730553,0.04554978617112102,0,0.01119439747945982,-0.08753341797635632,0.2991731944699518,1.0244006492304907,0.5668285395574103,28.522293552607994
328,30,1.1414912343482189,0.06511258442373068,0,0.011049530581788064,-0.11645368901932937,0.74689539278576,1.8109212572650122,0.5773025742062913,43.59920012892807
328,100,1.158843977383768,0.06565745084787965,0,0.011049530581788064,-0.11718461080525291,0.7649790576072327,1.8351718430274404,0.5773025742062913,44.04191664819522
329,1,0.45380931909912736,0.044306665438691856,1,-0.04594437472085851,-0.006300315164572873,0.006054008984558733,0.15968080060309928,0.10752992629935673,0.9086219762463459
329,3,0.48782231730457104,0.04380292465723945,1,-0.04411278163651568,-0.015501493127340301,0.047436592068427055,0.3343490885167971,0.1870017906108316,3.0830166864033894
329,10,0.7606860916580822,0.05149162986783627,0,-0.03195815207793346,-0.029279870689514972,0.3219241144255307,1.0153934414363932,0.5188319466312863,25.17189286344674
329,30,1.2928034594761695,0.07090092132348895,0,-0.028423076687461284,-0.07296398045865114,0.8941905166222817,1.8966127366943828,0.6153678582370379,48.882238840268094
329,100,1.2928034594761695,0.07090092132348895,0,-0.028423076687461284,-0.07296398045865114,0.8941905166222817,1.8966127366943828,0.6153678582370379,48.882238840268094
330,1,0.46438729769890824,0.041173637084951205,1,-0.035292899766996955,-0.0071264124146853645,0.006806609880590548,0.1440117967906672,0.07726062571307062,0.5406117884909395
330,3,0.5078813984793722,0.04229217365856584,1,-0.033859160365798335,-0.010365923932554278,0.052106482777724755,0.324760304227777,0.15982331593424362,2.4491132450902593
330,10,0.7750041884991495,0.046266217320105094,0,-0.02261691370960451,-0.028693665733971228,0.3263147679427252,0.9916256565647305,0.539196350843606,26.101871147573686
330,30,1.3997266129999972,0.07915789537850658,0,-0.020349940252390362,-0.023857879955263072,0.9439344332076508,2.045235897028519,0.6213772801887066,52.39808206109193
330,100,1.3997266129999972,0.07915789537850658,0,-0.020349940252390362,-0.023857879955263072,0.9439344332076508,2.045235897028519,0.6213772801887066,52.39808206109193
331,1,0.5245075292173714,0.038764051333990225,1,0.027445712692218308,-0.010860225098043116,0.007922041623196261,0.16346005154992657,0.0677781481210246,0.49562051890479053
331,3,0.5511758270343945,0.03837096384733778,1,0.025667897649223427,-0.023446283649775395,0.048954213034946494,0.3289385025615233,0.21135324605817768,3.611081225648681
331,10,0.7440867618107236,0.04205695262199323,0,0.01742709373534433,-0.047291175114054534,0.2739508431894338,0.9746230224366399,0.5891157854976468,29.131635964575903
331,30,1.2284357240389572,0.06512306664862393,0,0.017226542008270163,-0.07042153538287746,0.7816307174135646,1.8669315786871614,0.6006062186536493,46.86554139483461
331,100,1.2284357240389572,0.06512306664862393,0,0.017226542008270163,-0.07042153538287746,0.7816307174135646,1.8669315786871614,0.6006062186536493,46.86554139483461
332,1,0.4851381866052604,0.04109905647682364,1,-0.012177246020296198,-0.01067962120893165,0.007995053834488284,0.16561518577671777,0.09086859221052863,0.7370105454085231
332,3,0.5409812922260838,0.04078608607449145,1,-0.011254366908459079,0.007000378496575828,0.04523528063796708,0.3084237211896051,0.23455326017536518,4.027382629409936
332,10,0.8016674266348336,0.04723659344691058,0,-0.00739411619368266,0.02600401208690516,0.28305753074161105,0.9853119307331821,0.611347033640326,30.867394533375826
332,30,1.3455132318706162,0.07409703378110305,0,-0.007394116193682658,0.03139860775346648,0.8215087403108324,1.8892771071737393,0.6113470336403262,48.34329287374051
332,100,1.3455132318706162,0.07409703378110305,0,-0.007394116193682658,0.03139860775346648,0.8215087403108324,1.8892771071737393,0.6113470336403262,48.34329287374051
333,1,0.5611153023107538,0.043382802595278026,1,0.050539064021827416,0.01124092332489054,-0.0006646850359641005,0.11167151860819842,0.1148995255344641,0.8232327540287493
333,3,0.5901822701068562,0.04253226840215128,0,0.048018068714485086,0.01765987241860474,0.024504328973766438,0.23458382222466612,0.23926704632063606,3.5852923081797172
333,10,0.7834695247286486,0.04218054865814749,0,0.034944686481998236,0.02793340143991383,0.2205914368067365,0.7942117691069271,0.5673858220435128,24.430213016342904
333,30,1.3556874724354262,0.07399185983823729,0,0.03393242887120035,-0.008256497011852326,0.8300115405760784,1.8601111151906085,0.5928368825079868,45.98577987716654
333,100,1.3800356988491735,0.07475311580527776,0,0.03393242887120035,-0.012532319344989343,0.8586355893229626,1.9022474281498134,0.5928368825079868,46.77571558489266
334,1,0.5030917427475852,0.040669334873164285,1,-0.0010533639627524568,0.0008841139382257374,0.0032609927721118284,0.15069492921550798,0.09115561585710463,0.6971568518210566
334,3,0.5416899727503619,0.040232226141041404,1,-0.0009828173406149336,-0.0045560544677180565,0.04722884455869505,0.2968144271394884,0.23317745968716494,3.9080110953465783
334,10,0.7726767230280026,0.042844168781827605,0,-0.0006598248271036223,-0.023935828522319836,0.29727237637742615,0.9401660430726024,0.5979273135576725,29.08245662026637
334,30,1.33170082822345,0.06461899903583303,0,-0.0006467453136889611,-0.02543597777207039,0.8577835513092092,1.9188214637139265,0.6169360654327003,49.470680346259265
334,100,1.33170082822345,0.06461899903583303,0,-0.0006467453136889611,-0.02543597777207039,0.8577835513092092,1.9188214637139265,0.6169360654327003,49.470680346259265
335,1,0.5166153894980081,0.04162028546405958,1,0.022621512929925116,-0.01743764439440093,0.011431520962483848,0.21773936105187175,0.10984467900887027,1.1378938725761711
335,3,0.541900879426648,0.042584372515624865,1,0.022119824602248466,-0.029576562578426863,0.04935761740282634,0.34723764532145385,0.180849173210504,3.020103696706532
335,10,0.7146848863985742,0.04439184095696409,0,0.016869229837657217,-0.06308818758356625,0.2609038441444831,0.8878044440965901,0.4742805882497454,20.428645419864736
335,30,1.2824875413026926,0.06384903218990319,0,0.01391053323976317,-0.08749678959817121,0.8560737976611004,1.9695072007434589,0.6228187312282881,51.056527015874515
335,100,1.2824875413026926,0.06384903218990319,0,0.01391053323976317,-0.08749678959817121,0.8560737976611004,1.9695072007434589,0.6228187312282881,51.056527015874515
336,1,0.5058565167995667,0.04363945079700855,1,-0.0019722847252132305,0.006329213139350458,0.001499588385429445,0.1553544615392053,0.13033489015895114,1.1774832660070256
336,3,0.5517455001260836,0.043185071913158096,1,-0.001918903933455263,0.0034090627566037294,0.0502553413029352,0.3331153561058296,0.19874737881784352,3.3427274836878516
336,10,0.8054098175794064,0.04973192262376351,0,-0.0014998968349354451,0.0117762732026926,0.29513344121164947,0.972372972960505,0.48136582493303165,22.12899216597936
336,30,1.3248591413699686,0.07527600268932132,0,-0.001319156922237845,-0.008577108832635452,0.8347554071248421,1.8754827817208743,0.5853544949590597,45.55141312893794
336,100,1.3248591413699686,0.07527600268932132,0,-0.001319156922237845,-0.008577108832635452,0.8347554071248421,1.8754827817208743,0.5853544949590597,45.55141312893794
337,1,0.5321521431834215,0.04272479685122237,1,0.03029634310773027,-0.009199396962255028,0.011055197037946291,0.16417641651370463,0.07742910611508091,0.5915767576404953
337,3,0.5795672187279528,0.04382792592454038,1,0.028414167622789775,-0.018455759707772676,0.06960881081293556,0.3682629153686259,0.2162593905384056,3.997385783790641
337,10,0.8274527916603217,0.049539468027887064,0,0.018739601928879242,-0.033996690468075214,0.34270988019951765,1.0751756302622895,0.6035167345929126,32.03763373420918
337,30,1.3341002984168429,0.07139873525691627,0,0.018739601928879242,-0.024357303506743467,0.8397179999947069,1.8854562989573975,0.6035167345929127,47.5017389085978
337,100,1.3341002984168429,0.07139873525691627,0,0.018739601928879242,-0.024357303506743467,0.8397179999947069,1.8854562989573975,0.6035167345929127,47.5017389085978
338,1,0.45619506567907636,0.04122626493219395,1,-0.0519771465732881,0.014930993131692596,-0.006758780879328173,0.1211622976539081,0.07173080882944523,0.43754470772621856
338,3,0.4969033824248338,0.04169387153480046,1,-0.05065138506216538,0.02835158200907934,0.01920318547791986,0.24945422327096498,0.1517012629195761,1.9244291748556106
338,10,0.7346544053309257,0.04454395819764132,0,-0.03733814229870059,0.060522369162757994,0.21147017846686816,0.8270575025607245,0.477908315936376,19.721671645976734
338,30,1.3306690332368265,0.06593387494594562,0,-0.033071768478483456,0.09799170695371302,0.7657490947615965,1.8558269535269067,0.5721478621423339,43.92911532147419
338,100,1.351770385634433,0.06627266223742456,0,-0.033071768478483456,0.10145896366595654,0.7833831904469599,1.8792124214045667,0.5721478621423339,44.35222634742658
339,1,0.4056254798855475,0.041404990286781594,0,-0.08748932556666919,-0.01802770625140071,0.011142511703617373,0.16651885852020576,0.13457622160257757,1.2813624412693725
339,3,0.4309578895227011,0.04023938476144025,1,-0.08184468765583915,-0.03169693163747,0.04449950881601018,0.30317511032599914,0.27884702662381017,5.1322230290508
339,10,0.622289667916727,0.04053203041292541,0,-0.059218903525082536,-0.06264784988626063,0.2441564213280702,0.8583528195058822,0.6006178020328545,27.710524568308937
339,30,1.1112358446071005,0.06414757327590166,0,-0.059218903525082515,-0.14718129790356674,0.8176360460357496,1.814356125328957,0.6006178020328545,45.86808901978169
339,100,1.1112358446071005,0.06414757327590166,0,-0.059218903525082515,-0.14718129790356674,0.8176360460357496,1.814356125328957,0.6006178020328545,45.86808901978169
340,1,0.5042061812593636,0.04253811345698069,1,0.004614835036816265,-0.0013461156113147017,0.0009374618338619583,0.12150988833319479,0.08926375228311371,0.5949650241270211
340,3,0.5405198294537623,0.04329525017272244,1,0.004505143559921103,0.005802091014334543,0.03021259487950669,0.2674528242803577,0.1523864302222387,2.023155843228834
340,10,0.7632264953619566,0.05179059788002209,0,0.0034186119601628926,0.03311183064783936,0.22669605275395435,0.8795780224097719,0.45479464651498225,19.190773597362533
340,30,1.3381332661705747,0.07820501965300428,0,0.002850906651479052,0.06682862323645057,0.7684537362826451,1.8367668409948414,0.5927954240674477,45.54417884795041
340,100,1.3589521564802531,0.07980514405319014,0,0.002850906651479052,0.06545722768592975,0.7906440221428442,1.8707917500307694,0.5927954240674477,46.18200425572107
341,1,0.4765746545438237,0.0440510224521988,1,-0.028054987931553234,0.003328149982831955,0.0013014924925448873,0.146430445668878,0.12321079851684492,1.050594431591738
341,3,0.5251398143145964,0.04336989728191683,1,-0.02677110344152539,0.011248067632223573,0.04066285012389821,0.3055956742457677,0.2377551813220183,4.085171988980695
341,10,0.7914294254879448,0.04361860405824323,0,-0.019875153755832625,0.003976150015673947,0.30732842922810355,0.9488378105842127,0.5391145446729698,25.367056365848537
341,30,1.2829856564776858,0.06317850171071004,0,-0.019374595753405752,-0.034883722239132366,0.8372439744702241,1.8164583190641583,0.5598384307614848,42.06911556827584
341,100,1.2829856564776858,0.06317850171071004,0,-0.019374595753405752,-0.034883722239132366,0.8372439744702241,1.8164583190641583,0.5598384307614848,42.06911556827584
342,1,0.6068342564080224,0.04003730675178452,0,0.1014361964694431,-0.002119195836101456,0.007517255774680851,0.14500248486023226,0.08012568708934488,0.5704290198118644
342,3,0.656690007415893,0.040336363088472105,0,0.09611991816518228,0.009267434279439865,0.05130265497127091,0.2931672007330624,0.193516085880005,2.978266136300082
342,10,0.8565005580628247,0.04509884613248102,0,0.06386999291124167,0.018179215935693754,0.2744513492158892,0.949238272548265,0.5620165971166582,26.858815401422856
342,30,1.3919242659808997,0.06827793093934975,0,0.05933864299043281,0.031514431242556186,0.8010711917479107,1.9106433960230191,0.6141063603191655,49.03000464233247
342,100,1.3919242659808997,0.06827793093934975,0,0.05933864299043281,0.031514431242556186,0.8010711917479107,1.9106433960230191,0.6141063603191655,49.03000464233247
343,1,0.5004345503543981,0.04569932381575001,1,-0.006319274647346979,0.0003980746141063378,0.006355750387638744,0.1534325693514242,0.07377270118347647,0.5300466414321652
343,3,0.5412797856048078,0.044075370674472154,1,-0.005850268546082876,0.011896060474369061,0.03523399367652164,0.2572656682157949,0.21352452410195003,3.178887579440428
343,10,0.7525359009046595,0.0414319695159965,0,-0.003591820037443041,0.02224829176121079,0.23387942918089166,0.820172549078054,0.619874053884772,28.227993284879087
343,30,1.4399155419819738,0.06924983949769568,0,-0.003401605822868556,0.052929537784922244,0.8903876100199202,1.9442589201376692,0.6521768977484428,53.54796886563533
343,100,1.5228097936493175,0.0702795826234766,0,-0.003401605822868556,0.05262015583384673,0.9735912436383392,2.0659944075677563,0.6521768977484428,56.05859826222732
344,1,0.5270692419625146,0.04265161722736764,1,0.02468324472416083,-0.0018985704349450045,0.004284567673298753,0.1210189625793254,0.07054251538317918,0.42732580621256994
344,3,0.5609728407867834,0.042446762048148956,1,0.023422262687372724,0.0032391530864227915,0.03431142501298801,0.2645814008148439,0.18848573227057044,2.7004804613768565
344,10,0.7672490575025976,0.042271724835553935,0,0.01567297629653796,0.015229689783664653,0.23634639142239494,0.8921071803964739,0.5707153923286093,26.400444496562287
344,30,1.4184276349381313,0.0683423618190051,0,0.014700403158611399,0.03854322386928309,0.8651840079102368,1.9418721729479338,0.6219917922777819,50.42891593530252
344,100,1.4451012575412174,0.06918482597560238,0,0.014700403158611399,0.04169368445599756,0.8887071699266088,1.9754017066719594,0.6219917922777819,51.08841193838704
345,1,0.48570100542655176,0.04001108762479946,1,-0.023095491502889805,-0.00033914613108674543,0.009135643060528373,0.2127124504041175,0.11252223665828567,1.15727138347398
345,3,0.5113059189266419,0.040256971841557375,1,-0.022283273779018942,-0.028719374951729982,0.0623085676573909,0.39361635179135424,0.16142822056362993,2.8333962819695975
345,10,0.7512904771714182,0.04523741524309327,0,-0.016812859764879493,-0.07485254228950998,0.34295587922580756,1.0468992476626116,0.480829930608649,23.229393295523106
345,30,1.2027780511837012,0.05976893820525711,0,-0.01446135588010882,-0.10230130486418293,0.8195407119279928,1.8498704071621226,0.6074105895290759,47.1994764292558
345,100,1.2027780511837012,0.05976893820525711,0,-0.01446135588010882,-0.10230130486418293,0.8195407119279928,1.8498704071621226,0.6074105895290759,47.1994764292558
346,1,0.4512026657871114,0.04395260037873279,1,-0.047748455217480314,0.003859274738772764,-0.004908153734181076,0.12328623753746643,0.10185277945138874,0.7251429857695461
346,3,0.5013974060976387,0.04306263025038799,1,-0.04491972244848336,0.023371458497447612,0.022945670048674448,0.2277363083047586,0.2170571176723255,3.053039276666302
346,10,0.7728026699688216,0.04318621082223832,0,-0.02907336284392582,0.050120717262214655,0.25175531555053277,0.8451206999673696,0.6035332946755985,27.648138847658416
346,30,1.412015992254255,0.07412749413473209,0,-0.028729187787613745,0.009576076427115474,0.9311691036147532,1.9622295018099785,0.6133396430146677,49.95445781830013
346,100,1.412015992254255,0.07412749413473209,0,-0.028729187787613745,0.009576076427115474,0.9311691036147532,1.9622295018099785,0.6133396430146677,49.95445781830013
347,1,0.46546862276487627,0.0418146116277651,1,-0.04137437249597322,0.0014302187534679127,0.005412776507381605,0.14050986342081614,0.08989804650479648,0.6550095604338165
347,3,0.4999622448503508,0.041287363799310826,1,-0.03944708808486919,-0.0030453326050189937,0.04245466554023905,0.29860475740982584,0.18723392345645698,2.8765811279411833
347,10,0.7234017073043866,0.04382824710558469,0,-0.028541359589667036,-0.014298702503817698,0.26624176939787125,0.8916772584673335,0.5148655746120984,22.900597663881626
347,30,1.2834344270029518,0.07104639758003048,0,-0.02588391401752021,-0.017974981542476624,0.8272933225629489,1.8843661954435087,0.5947082094038898,46.622278582814516
347,100,1.2834344270029518,0.07104639758003048,0,-0.02588391401752021,-0.017974981542476624,0.8272933225629489,1.8843661954435087,0.5947082094038898,46.622278582814516
348,1,0.48513875580377613,0.040224060227900565,1,-0.02002332666905442,0.008306680922150415,-0.003144598449319791,0.14660393505214808,0.09624719231652892,0.7391425318071011
348,3,0.512085282347522,0.04046496668617285,1,-0.019318621557712704,0.008144915706739773,0.02325898819849508,0.2500275810909763,0.19497010807188195,2.7436315488881036
348,10,0.6921879979460213,0.0426821489049956,0,-0.013785311689165523,0.014219307528517694,0.19175400210666918,0.7911897320668686,0.5504230039587766,23.351982073366354
348,30,1.2980213352720864,0.06572402298466944,0,-0.012520927760404487,-0.004131233166402213,0.8146734961988933,1.9104459031968017,0.6262474514696498,50.23587171138143
348,100,1.3813781725339949,0.0665460410593828,0,-0.012520927760404487,-0.0038009996532753615,0.8977000999476745,2.02738828069392,0.6262474514696498,52.55176151444422
349,1,0.5294295702783902,0.0409062109049158,1,0.013463923081185372,0.0187083333819228,-0.0027426861847179075,0.09844632280093364,0.09987354057978928,0.6263493928005758
349,3,0.5587060597292356,0.0400083076232602,1,0.012682832839234333,0.019026301300834284,0.026996925589167064,0.24650016644083275,0.21743809162254032,3.1900376976578997
349,10,0.7806434101211529,0.0433902729459215,0,0.008958709238691746,0.026169014890171594,0.24551568599228962,0.8369677819381023,0.5506688971790396,24.163860416163907
349,30,1.4297369673132792,0.07660184190256515,0,0.008553327419756502,0.01839101075336134,0.9027926291401615,1.965818694478455,0.5892456667173278,47.61000660955012
349,100,1.4297369673132792,0.07660184190256515,0,0.008553327419756502,0.01839101075336134,0.9027926291401615,1.965818694478455,0.5892456667173278,47.61000660955012
350,1,0.5243590213405871,0.04211684907232463,1,0.016156483197298333,6.819574119508071e-05,0.00813434240209366,0.14482503318296155,0.08925170334933243,0.6606550624288868
350,3,0.5616619363617578,0.041298381584197845,1,0.015256245264396619,-0.004937689719577953,0.05134338081693915,0.303759531865012,0.21041496851261754,3.421268558093316
350,10,0.7856421436642034,0.042199122730540405,0,0.010553836706029213,-0.017862586532663715,0.292950893490838,0.9662284510492053,0.5582143440356078,26.909902492014783
350,30,1.3529676348375415,0.06330759086786257,0,0.010043998496251628,-0.02887754917977969,0.87180118552107,1.9465482430160026,0.601323729760699,48.44912567042763
350,100,1.3753866696150547,0.06488686708642871,0,0.010043998496251628,-0.032005213029095564,0.8973478841478985,1.9876049390403974,0.601323729760699,49.22984033998405
351,1,0.5254206555202771,0.04358100578211434,1,0.014681137046646133,0.0066017829223962215,0.004137735551234619,0.11605826847367492,0.08193400435436934,0.5129941607708378
351,3,0.5735985217587815,0.0434899763883478,1,0.013860072663817913,0.011923289577646878,0.04781515951731655,0.28687137359952297,0.18213285371239385,2.701251676898837
351,10,0.8312446642657174,0.04575326793641696,0,0.00933234331457146,0.026859093096013385,0.29505322785513266,0.9543719368241201,0.5512837821751656,26.24828268177431
351,30,1.3508046965330422,0.06596925924136239,0,0.009073726073421093,0.032871692371411784,0.8088592780882091,1.8380470951476255,0.5785108810064197,44.20880245264512
351,100,1.3508046965330422,0.06596925924136239,0,0.009073726073421093,0.032871692371411784,0.8088592780882091,1.8380470951476255,0.5785108810064197,44.20880245264512
352,1,0.48807728410735113,0.04310349602055337,1,-0.014699780496508623,-0.0005390374459643362,0.003316102049824128,0.12612727396739484,0.0943462897018192,0.6577810345857037
352,3,0.5222933084111099,0.042722387558361684,1,-0.014041178127451648,-0.0022692901523742866,0.038603776690935815,0.2751966266318719,0.20857662627042609,3.1908581033601644
352,10,0.7157914897076063,0.04281572770132988,0,-0.00971007425357729,-0.004669928846960728,0.23017149280814414,0.8369392480645984,0.5585587636356621,24.648931176708203
352,30,1.4279070518235106,0.07242396464213674,0,-0.008878967973127141,-0.022137867245105875,0.9589238870417435,2.037979063123324,0.6242992988378206,52.55890510876093
352,100,1.4279070518235106,0.07242396464213674,0,-0.008878967973127141,-0.022137867245105875,0.9589238870417435,2.037979063123324,0.6242992988378206,52.55890510876093
353,1,0.5887088018734298,0.03932489275747593,0,0.08766627753235029,-0.012196364663696259,0.013238889004775631,0.20007515014050314,0.11855657621720699,1.1945784213375077
353,3,0.610071269766145,0.03931239773137493,0,0.08458751748497188,-0.017959786628257073,0.04344353890943004,0.30193224732310964,0.2098561911226817,3.396348578294673
353,10,0.7666308889169433,0.040236111144637376,0,0.0606063567145431,-0.04121945342409634,0.24724398562649663,0.812357251792385,0.5523375749949215,23.83637087692293
353,30,1.3247240246245016,0.0692403987532435,0,0.054062264046441794,-0.0626503365522388,0.8333120971302989,1.8285288226005258,0.6395810271283945,49.918331101617376
353,100,1.5014079210433275,0.08125802528523346,0,0.054062264046441794,-0.07701945539947049,1.024365112396356,2.1176226567216094,0.6395810271283945,55.76534870202009
354,1,0.4369549054655229,0.04127137467027892,1,-0.06574812759823731,-0.00036816882557988873,0.0030712018893400295,0.15717640920878606,0.08958637772617793,0.6990715748199973
354,3,0.4809034028461634,0.0407219685991201,1,-0.06253269441290284,0.005816310997026585,0.03761978626203953,0.2737053753182885,0.1962309249779592,2.916127070351644
354,10,0.7100338667790367,0.042991466928620214,0,-0.04345931898865123,0.009355728723854177,0.24413745704383372,0.8511592669524273,0.5568560562383537,24.794213040528543
354,30,1.279079558992651,0.06711345136122938,0,-0.04122981573794808,0.018163671890992973,0.8021457028396061,1.8349575258321675,0.6009899491825986,46.295110883547544
354,100,1.2976765728852337,0.0671699657881036,0,-0.04122981573794808,0.01642409429267508,0.822482294330507,1.8645903628196376,0.6009899491825986,46.85828208826356
355,1,0.48051314811038426,0.03931704489296045,1,-0.026799484937963615,0.00756972237645871,-0.00025708932811084796,0.1452978899949462,0.04928216527360584,0.3032411278578727
355,3,0.508816736197454,0.03903446268793663,1,-0.025115781925204004,0.006583283494960424,0.027349234627697495,0.27632704658199236,0.16689311461247494,2.3391492180623126
355,10,0.7154080875512432,0.03705442579047574,0,-0.01625319500241713,0.01951976105625595,0.21214152149740437,0.8472394672865478,0.5692626606916971,25.499398120701734
355,30,1.3880239438549227,0.06007429474388373,0,-0.015437225349680063,0.06446091333162056,0.8390002558729821,1.9740875763326382,0.608090011146688,49.6539699132373
355,100,1.3880239438549227,0.06007429474388373,0,-0.015437225349680063,0.06446091333162056,0.8390002558729821,1.9740875763326382,0.608090011146688,49.6539699132373
356,1,0.5168145991926134,0.0421473905337941,1,0.028879078447975312,-0.019456495098401274,0.007392015843039359,0.20974351405314232,0.0881126824321627,0.8299368768890489
356,3,0.5329816735684282,0.04092224077191187,1,0.027183682720523492,-0.02268568186677518,0.028483672714679862,0.2902737843070356,0.20889213108280982,3.2973648437985132
356,10,0.6577664900397253,0.03853504483779468,0,0.018172741103270423,-0.0416119412677396,0.1812056902041944,0.7681751611348465,0.5891058453513731,25.285008485398215
356,30,1.139475878183937,0.060380666168805386,0,0.017882059190930957,-0.06164967956540843,0.6832434985584145,1.658442393508793,0.5998764486216307,42.839764007325606
356,100,1.2705441574584746,0.06380989284030784,0,0.017882059190930957,-0.06882944527572568,0.8214915435432695,1.8700697950435639,0.5998764486216307,46.85428479602012
357,1,0.5166484284553701,0.041336806169463086,1,0.022696194090220417,-0.00978497975771683,0.0037372141228663295,0.1459360700064626,0.11443087010970032,0.942169496390976
357,3,0.5532045936714912,0.04241571351288131,1,0.022437936060831734,-0.013939579376927021,0.04470623698758653,0.30086883370418577,0.16061744005651932,2.34396697185407
357,10,0.7507345498991741,0.05012052588646645,0,0.017573593492428773,-0.028304765771241993,0.2614657221779872,0.920673830271336,0.44580787986308207,19.26422596408775
357,30,1.2803789295975252,0.0750625865242262,0,0.014791228935899625,-0.060872765131400934,0.8264604657930267,1.9068442593637194,0.5849757063377028,46.09507137412359
357,100,1.2803789295975252,0.0750625865242262,0,0.014791228935899625,-0.060872765131400934,0.8264604657930267,1.9068442593637194,0.5849757063377028,46.09507137412359
358,1,0.5135895128286994,0.04389482836051134,1,0.00645447645574242,-0.0012158578431180134,0.008350894216074966,0.16456148143539526,0.06881032057455283,0.5078108324147144
358,3,0.5360640817160904,0.04385965550568029,1,0.006177460386429824,-0.01691586780834062,0.046802489138001266,0.309245066544397,0.17374309120508155,2.6536523531704606
358,10,0.7230836772649378,0.046318658685290316,0,0.004462393495274993,-0.0280143093643134,0.2466355931339762,0.8843991657800928,0.5008089915870798,21.937501224744206
358,30,1.3390820337051017,0.07125542159410812,0,0.00393450629464885,0.0024712268523436297,0.8326763005581089,1.9473623058893406,0.5990191401685565,48.235208551470116
358,100,1.3694366860237273,0.07230341011955255,0,0.00393450629464885,0.004328866541356059,0.8611733131877225,1.9861220955333434,0.5990191401685565,48.96942162068012
359,1,0.5148745515503781,0.04228552328460126,1,0.010014192741431968,-0.0051321267665008835,0.009992485575447041,0.18883471703052324,0.07998017759580285,0.679885365014589
359,3,0.5484389497671327,0.04265573524487592,1,0.009489339218976729,-0.02387172741019254,0.06282133795834849,0.36532749118024155,0.20134487579426313,3.6080505763825785
359,10,0.7589652390437142,0.04508955732935898,0,0.006645683483836081,-0.049770752518858555,0.3020903080787366,0.9925081355962735,0.5566134743811663,27.267117382809975
359,30,1.3202323218522496,0.0712058627669856,0,0.006389759511916153,-0.060229977357112496,0.8740725396974461,2.013241339293453,0.5898325523194176,48.55290655547007
359,100,1.3202323218522496,0.0712058627669856,0,0.006389759511916153,-0.060229977357112496,0.8740725396974461,2.013241339293453,0.5898325523194176,48.55290655547007
360,1,0.5515292189179456,0.04234073936451643,1,0.036945012680272046,0.013414721045864797,0.0011694851918087014,0.1515781701730734,0.09157388990074829,0.7041247597832595
360,3,0.5915620567446618,0.04207824833314793,0,0.035058807619551394,0.013922786506984669,0.04258046261812568,0.32100110928692727,0.21376255943767022,3.6148770856118198
360,10,0.8365809582984467,0.043337123019071125,0,0.0243453937711284,0.0096245815922094,0.3026109829351089,0.966438093418731,0.5567527236286863,26.817399581294158
360,30,1.3949382864242426,0.06447425705356329,0,0.023541766396028677,-0.017643320399201686,0.8890398404274156,1.9566585232531553,0.5815285906451434,46.67611556476508
360,100,1.3949382864242426,0.06447425705356329,0,0.023541766396028677,-0.017643320399201686,0.8890398404274156,1.9566585232531553,0.5815285906451434,46.67611556476508
361,1,0.5154061304659459,0.04497397786791979,1,0.011869056626524618,-0.0024684889993407074,0.006005562838761846,0.15574385805405216,0.10688297308653558,0.8876619810515602
361,3,0.5506508647172292,0.04580460767014281,1,0.011529702999491688,-0.009148466332364893,0.04826962805010231,0.3118174410517202,0.17399990815098346,2.673142058465659
361,10,0.8058014161783358,0.05707091731662559,0,0.008581441153632971,-0.011407662895854764,0.3086276379205577,0.9443430766085743,0.47791095056332156,21.494341962117296
361,30,1.3448444967990434,0.07785233661570674,0,0.007223230490278009,0.0002049001951137218,0.8374163661136517,1.825187800204818,0.6055155013714758,46.5433047476578
361,100,1.4076098149565233,0.07846671022183058,0,0.007223230490278009,0.010412983225702842,0.8899736012405424,1.903445114980128,0.6055155013714758,48.04178218336893
362,1,0.5548122208528059,0.04026059401151155,1,0.04206968109946187,0.007264104429460509,0.0054784353238834715,0.15635394967212646,0.1089126364204137,0.9136099467003433
362,3,0.5808774949396949,0.04046835899110966,0,0.03975088345465303,0.0061771257417811394,0.03494948574326072,0.24271835719930093,0.23661208587322619,3.5865090971135474
362,10,0.7516013325717551,0.042759434717667216,0,0.027406611404644864,0.012036621446430086,0.21215809972068014,0.7960411045294673,0.5959570971839939,26.233344972443767
362,30,1.3998632510807303,0.07584808917540121,0,0.026532241456423498,-0.030176434857531034,0.9035074444818378,1.9392103069921882,0.6201361206289446,50.189873740752034
362,100,1.3998632510807303,0.07584808917540121,0,0.026532241456423498,-0.030176434857531034,0.9035074444818378,1.9392103069921882,0.6201361206289446,50.189873740752034
363,1,0.5465707284324907,0.04220301390408652,1,0.03844292425236884,-0.0032813297321937812,0.011409133912315574,0.18718309697402996,0.09083174019030157,0.7985564258457606
363,3,0.5688413454918483,0.041822617015665545,1,0.03667299565434639,-0.01800048379276084,0.05016883363026273,0.3201474351802088,0.18758149962222911,3.0117707939272824
363,10,0.7365138058325665,0.04206864096064791,0,0.026430322809263117,-0.030280607426610616,0.24036409044991414,0.8660138385956927,0.5344334292038135,23.667935462357526
363,30,1.329622552825195,0.06677464088127948,0,0.024012780335825813,-0.01362117605657244,0.8192309485459416,1.8609232539530052,0.6092380846734609,47.58963394438581
363,100,1.3721454352965543,0.06745702842602276,0,0.024012780335825813,-0.012248996414255659,0.8603816513749841,1.9219038770886991,0.6092380846734609,48.76447442437725
364,1,0.5171916814014884,0.0435211048285671,1,-9.491276647094101e-06,0.015669617345297638,0.001531555332837765,0.14981607726179008,0.057475402506170774,0.3767588591549839
364,3,0.5570326259030955,0.04396600177255692,1,-9.073301073244734e-06,0.0123037751306206,0.04473792407354818,0.319922684075465,0.16378095024637465,2.5052019265960843
364,10,0.8221552510112577,0.05254285681052938,0,-6.118770131339516e-06,0.009000755334071976,0.3131606144473171,0.9993641063730043,0.5491423698443102,26.89044440278404
364,30,1.3731018150942684,0.07525795184568036,0,-5.625988294722629e-06,0.022543717322837546,0.8505637237597259,1.998880881367656,0.6211350586816696,51.46239291912133
364,100,1.3731018150942684,0.07525795184568036,0,-5.625988294722629e-06,0.022543717322837546,0.8505637237597259,1.998880881367656,0.6211350586816696,51.46239291912133
365,1,0.5215410938099394,0.041615653800172694,1,0.01331077402990849,0.01117044890947547,-0.0029401291294446005,0.15930005751142243,0.09533477318530875,0.7676604156340838
365,3,0.566242666791682,0.04252628540297742,1,0.013155048947528239,0.019782231955160257,0.033305385888993524,0.3412337358827863,0.11520882990272273,1.6629220951820223
365,10,0.8658298138664414,0.051737130863657665,0,0.010406073858457057,0.041927161178660514,0.31349657882932386,1.0597439624527412,0.38759087316602525,17.739548293530095
365,30,1.3161146140584739,0.05915616016202275,0,0.00800486946029453,0.031099232229567588,0.7770105123686117,1.804650046753142,0.5990012522828634,45.53016189278063
365,100,1.3161146140584739,0.05915616016202275,0,0.00800486946029453,0.031099232229567588,0.7770105123686117,1.804650046753142,0.5990012522828634,45.53016189278063
366,1,0.4911086649950625,0.04371711589127128,1,-0.013274323662762008,0.0058040736725002325,-0.0014210850146758403,0.11851415219921249,0.09310127139765202,0.6230213504772297
366,3,0.5187618368676834,0.043249844358166055,1,-0.012841256407747541,0.004128035076338957,0.027475058199092024,0.2626575032992443,0.11376909024202775,1.3542678946103603
366,10,0.7829198780867233,0.051156173697550225,0,-0.00970352349752553,0.008950735041433011,0.2836726665428157,0.9014699540699199,0.4240389445240541,17.77413164557796
366,30,1.2714934942148695,0.0728041794668273,0,-0.007882531324293732,0.00011249409697630808,0.779263531442187,1.8317951642004706,0.587574236905065,44.95364678288106
366,100,1.2714934942148695,0.0728041794668273,0,-0.007882531324293732,0.00011249409697630808,0.779263531442187,1.8317951642004706,0.587574236905065,44.95364678288106
367,1,0.5330856667589151,0.04221668534863583,1,0.028394703181828653,-0.0029520088122245566,0.007642972389310852,0.13939628717626124,0.07434346312591958,0.5024907662373754
367,3,0.5601908374249647,0.041847056092389714,1,0.027621056230980295,-0.012728272726905899,0.04529805392089029,0.29738321112669136,0.15976695076961914,2.3096481479150786
367,10,0.7742899499596001,0.044947269951760085,0,0.020399943891008458,-0.022367575485323206,0.2762575815539149,0.9411021742491058,0.49061356282844165,22.21244413710853
367,30,1.3562758190805941,0.06472445807087411,0,0.017406946207583734,-0.014044612630458383,0.8529134855034687,1.954986833043539,0.6123517468758823,49.71461817023985
367,100,1.3810234386351525,0.06523437597673344,0,0.017406946207583734,-0.014430633174267361,0.8780471256018361,1.9916371766525631,0.6123517468758823,50.424325044347555
368,1,0.4753068142748578,0.043501167537985545,1,-0.03001925103649508,0.0013581028291489374,0.003967962482204034,0.13944962292855378,0.09144592198103448,0.6676977246977859
368,3,0.49499437633528737,0.04317201741781283,1,-0.029019510366932885,-0.00973029622142889,0.033744182923649134,0.27038029873071634,0.17163894403062493,2.3991478365227867
368,10,0.6868860614055702,0.044599254407968164,0,-0.021140024169151804,-0.01940749954223535,0.22743358511695724,0.8359586296975833,0.5022410559107756,21.253630937759695
368,30,1.313245813889497,0.07746509406471813,0,-0.01798407794570129,-0.015026898231908819,0.8462567900671069,1.937133156353184,0.621579873096258,50.29427175759894
368,100,1.3463910713811993,0.08333610822767146,0,-0.01798407794570129,-0.017175843301776524,0.8815509926286769,1.9978320478951226,0.621579873096258,51.48737411470545
369,1,0.47405308861725304,0.04192472680830869,1,-0.02782800421057125,-0.002306647292912377,0.004187740120736707,0.11778425813271211,0.08869376136041798,0.5791177801294115
369,3,0.517609344726316,0.04266919688573508,1,-0.027214881646776417,0.007739075091562474,0.03708515128152985,0.2796304080222008,0.12034626783291398,1.5221844927056536
369,10,0.7544552614888851,0.04743910766331426,0,-0.021224908270430925,0.018216643622553954,0.25746352613676204,0.9043019193183885,0.41256059818202484,17.180198778450396
369,30,1.3088328768224187,0.06412490879736424,0,-0.016868921260919777,0.034258982684628056,0.7914428153987106,1.9002508630000432,0.5898835106924059,46.45035522817829
369,100,1.3088328768224187,0.06412490879736424,0,-0.016868921260919777,0.034258982684628056,0.7914428153987106,1.9002508630000432,0.5898835106924059,46.45035522817829
370,1,0.5390773735737231,0.039698378775069564,1,0.033978189145069206,0.0024058345407854784,0.002693349887868455,0.15439662003243593,0.10891829624440404,0.9069352896444965
370,3,0.5719028245063617,0.038950713546113146,1,0.032552044916648946,0.011795137122438615,0.027555642467274093,0.26329931208210855,0.19818189758365984,2.892131294564912
370,10,0.7326522442516046,0.03911986488107145,0,0.022538352905159837,0.013821476701975328,0.19629241464446945,0.7667785459341616,0.5463699108715544,22.688229257764036
370,30,1.323525027922463,0.06750449781828352,0,0.02086623446176203,0.03577551345503632,0.7668832800056649,1.8432970079601843,0.606237425573309,46.959805824244036
370,100,1.3761379655534205,0.07195251360013744,0,0.02086623446176203,0.03697811102093306,0.8182936200707251,1.9479657445443996,0.606237425573309,48.96640082392052
371,1,0.4964512902742403,0.04204186023446874,1,-0.009313164785839873,0.002774434248165978,0.002990020811914221,0.13658185911845325,0.09003969851241085,0.6452607556418515
371,3,0.5216524541568619,0.04268837195704931,1,-0.009153467245962669,-0.0016190943720868476,0.03242501577491135,0.2911992735148252,0.14720958968996667,2.040870404320718
371,10,0.7261194378378344,0.046876523410309116,0,-0.006950140699582773,-0.01187455999693182,0.24494413853434896,0.9158170330790746,0.4571517572302713,19.848196855642875
371,30,1.3329639634188055,0.06715570868427663,0,-0.005842762467179346,-0.014366209190400693,0.8531729350763854,1.9424509644049275,0.6072658321422533,48.963312478381795
371,100,1.3509836719761552,0.06802367268762398,0,-0.005842762467179346,-0.015892027705107416,0.872718462148442,1.9651972450803272,0.6072658321422533,49.400119126845176
372,1,0.49492333153408086,0.04239498392513772,1,-0.013774258390965426,0.009620426390159177,-0.0009228364651127794,0.12033121705835184,0.0773362266475318,0.48341277617166867
372,3,0.5252612892720742,0.04301484219887979,1,-0.013200848159372407,0.02071697259932112,0.01774516483212538,0.20943481093771268,0.17225526941907612,2.079138351910143
372,10,0.7119455086434681,0.0467049540468242,0,-0.009295143748571188,0.04672459667096456,0.1745160557210748,0.7484528037190662,0.5346499223924742,21.693565418938565
372,30,1.2651408112987979,0.07216611878168981,0,-0.008392431644891448,0.08138457929555103,0.692148663648138,1.7577054395975453,0.6145967022794503,46.10629520528709
372,100,1.3930296844567531,0.0752615132191683,0,-0.008392431644891448,0.09162170432000906,0.8098004117816355,1.952542463372864,0.6145967022794503,49.89300229311054
373,1,0.4989453249432475,0.039459651445854504,1,-0.0007877606613403621,-0.005423612280432676,0.005156697885020554,0.13438012719858428,0.06693068947233712,0.4260812365637302
373,3,0.5321242664616279,0.03911119751183617,1,-0.0007439395611514352,-0.008775748321791557,0.0416439543445709,0.3058874424222783,0.17901353197889136,2.7449783167660677
373,10,0.7679027524917007,0.04322872103557053,0,-0.0004967636200354585,-0.019211909328166722,0.2876114254399029,0.9879950674842477,0.579905131104589,28.752483745312777
373,30,1.2558467663976787,0.06644805471938978,0,-0.00048338099337395216,-0.024854960033477917,0.7811851074245302,1.8545138256620077,0.604140100227965,46.97156887652798
373,100,1.3012828645366135,0.06738481755586684,0,-0.00048338099337395216,-0.025343613176327256,0.8271098587063146,1.9236204671530035,0.604140100227965,48.29182275058423
374,1,0.4663158591230959,0.04248853757270027,1,-0.032928608683526144,0.000706906183960927,-0.0014624383773388565,0.12927247509260867,0.09504053736160901,0.6741605744928482
374,3,0.5009421799098939,0.04350872055710769,1,-0.031965381433613424,0.005301903280972314,0.027605658062534913,0.26548701614038456,0.14255212780287432,1.8393972461253676
374,10,0.7565394248699218,0.04857684243737488,0,-0.024033636099868645,0.022349883800368016,0.25822317716942234,0.87519553547489,0.4532044742776696,19.03807611942285
374,30,1.3431840028552755,0.07390055205146055,0,-0.02069331209553962,0.03141190562216432,0.8324654093286511,1.8835357268410673,0.5763865337461912,44.83686182665848
374,100,1.3594892771691498,0.07478885211986157,0,-0.02069331209553962,0.0321032009271186,0.8480793883375709,1.9113873976437739,0.5763865337461912,45.34451263149505
375,1,0.485031889756786,0.04210367410753724,1,-0.01618029136345489,-0.002471044349759884,0.003683225470000795,0.1375612373327086,0.0747583384105094,0.5019375399737074
375,3,0.5362280076577278,0.04059239553673965,1,-0.015130724439738667,0.008692432611797354,0.04266629948566918,0.2770043490354993,0.21146760680842058,3.266506189397743
375,10,0.7741708201392179,0.04025026371028532,0,-0.01030143664472808,0.0025215360453161645,0.28195072073863,0.8934548095336231,0.5635218561076749,25.963507419650124
375,30,1.3440498245433843,0.06379383836215494,0,-0.010145020768559143,-0.0016683619735628444,0.8558632072855061,1.8819723439433078,0.575838941694293,44.75582481047809
375,100,1.3440498245433843,0.06379383836215494,0,-0.010145020768559143,-0.0016683619735628444,0.8558632072855061,1.8819723439433078,0.575838941694293,44.75582481047809
376,1,0.5192638227514006,0.04475920612589776,1,0.013927524675701913,0.006428718661303415,-0.0010924205856047288,0.13281204763943202,0.10151899910809105,0.7522759188860462
376,3,0.5559796579983792,0.04350841865846319,1,0.01317414372505383,0.018274646830550374,0.024530867442775016,0.2411758640069352,0.19814349797953168,2.7527081574961905
376,10,0.7952019520344867,0.043325587903325455,0,0.009153851320866492,0.03271012181153044,0.25333797890208976,0.8319053349781915,0.5452107794328599,23.742967278452788
376,30,1.46227268104786,0.08049315233107451,0,0.00863802227106538,0.015011448896090178,0.9386232098807045,1.9568041609130649,0.5971956630651973,48.23224846953769
376,100,1.4924274817708274,0.08244651470648066,0,0.00863802227106538,0.012353373241083189,0.9714360862586787,2.003706811170755,0.5971956630651973,49.118004318018905
377,1,0.5547721132541693,0.044116651230124315,1,0.03931765775102679,0.009424813848438964,0.006029641654703501,0.13653864024841028,0.051036189719936,0.3027281484333519
377,3,0.5963809395111905,0.04336663749504756,0,0.03667194792312098,0.015532506126253724,0.044176485461815816,0.2976349238115716,0.1757760658231858,2.6314678917545713
377,10,0.8400716690350974,0.043344283714401875,0,0.02355815783344582,0.0449500536027149,0.27156345759893663,0.9647572638695466,0.5612811794046136,27.08606736361329
377,30,1.440469242581453,0.06253041624443896,0,0.02212438650974268,0.09007026243544712,0.8282745936362632,1.9182112267401288,0.6066280555403569,48.43465719832355
377,100,1.440469242581453,0.06253041624443896,0,0.02212438650974268,0.09007026243544712,0.8282745936362632,1.9182112267401288,0.6066280555403569,48.43465719832355
378,1,0.43528246541853755,0.046271848101440985,1,-0.05864475552437296,-0.008968288592226634,0.0028955095351371665,0.2065315577650092,0.07320944603943523,0.6476244695713549
378,3,0.4807196566728694,0.047418448324805074,1,-0.05624484672485096,-0.015232377364355695,0.05219688076207601,0.4082354439517688,0.13505015994873326,2.3201886611278852
378,10,0.7582631776506454,0.0531204049208544,0,-0.0389440616937201,-0.04424745064249007,0.34145468998685574,1.1135366469551213,0.5012995225978224,25.59916262468499
378,30,1.2548417133461227,0.06961931355538983,0,-0.03360293141333114,-0.02602203989982554,0.8144666846592796,1.919272441922057,0.6167606570258464,49.461989377084564
378,100,1.2548417133461227,0.06961931355538983,0,-0.03360293141333114,-0.02602203989982554,0.8144666846592796,1.919272441922057,0.6167606570258464,49.461989377084564
379,1,0.46010585960064304,0.04250026180014271,1,-0.041911571772257405,0.0025884828272516635,-0.0005710514543511535,0.14203915400107972,0.10377386460322245,0.8066643619458134
379,3,0.49613461974382933,0.04139635211848186,1,-0.03943968749191459,0.0072509948213823885,0.02832331241436155,0.2598129950931308,0.2309025371268121,3.5830965390649956
379,10,0.6997315867928902,0.04309137202449806,0,-0.02776187490670872,0.006091476679090526,0.2214019850205083,0.8264119600696754,0.5764234308054264,25.571036947477946
379,30,1.333426109480101,0.07016517916879117,0,-0.02646658277539487,-0.029451088174982105,0.8893437804304778,1.9462317938866995,0.6155694077500515,49.868057708156385
379,100,1.333426109480101,0.07016517916879117,0,-0.02646658277539487,-0.029451088174982105,0.8893437804304778,1.9462317938866995,0.6155694077500515,49.868057708156385
380,1,0.5632456941884277,0.041355643053860344,1,0.05187219800763791,0.01590747171027483,-0.004533975529484921,0.1342712965173059,0.1001042794118234,0.7419335258140276
380,3,0.5962012522145722,0.04083582879411318,0,0.04914434079219033,0.01757551877393899,0.029481392648442926,0.2889010965652371,0.20363484996459394,3.171684916764423
380,10,0.8164562641517045,0.042183309397441145,0,0.03379961488886771,0.030718410502544688,0.2519382387602922,0.907282119594973,0.5558322245690941,25.717099765121894
380,30,1.3995543559706358,0.06138592190451102,0,0.03185366047153768,0.05290539316125243,0.8147953023378458,1.85278092589204,0.5973125037746968,46.27903044030131
380,100,1.3995543559706358,0.06138592190451102,0,0.03185366047153768,0.05290539316125243,0.8147953023378458,1.85278092589204,0.5973125037746968,46.27903044030131
381,1,0.47898386390050085,0.040423989241897364,1,-0.025808342756978592,-0.0011737448058905724,0.005965951463369908,0.11373090938089489,0.08675592507416403,0.5500282599287403
381,3,0.5142621313353845,0.040845088474019964,1,-0.02468933043607988,0.0038684507259754294,0.03508301104548889,0.23139663056638202,0.1985687256135679,2.699879074821356
381,10,0.707333731736799,0.04367852763593373,0,-0.01702090250070727,0.006205403823865405,0.21814923041364093,0.7571633209494156,0.5602528921991649,23.340336395611235
381,30,1.358931048501701,0.07329440874856522,0,-0.01559537512187299,0.0049454888327118115,0.8695809347908622,1.9128979658456478,0.6286247232418586,50.52257166296612
381,100,1.4070037963821445,0.07427828741626719,0,-0.01559537512187299,0.004669906985479591,0.917929264518538,1.985756821149237,0.6286247232418586,51.970922588245045
382,1,0.463019215792634,0.04580285000535876,1,-0.042850318200343795,0.010222485280126495,-0.004352951287148778,0.0961415222433649,0.10918821334188906,0.7089695903971514
382,3,0.5018339283988553,0.045915111589946433,1,-0.04027343432466113,0.027978002442967942,0.014129360280548585,0.19427334397611498,0.2360182631221889,3.211504132688636
382,10,0.7022187418554832,0.0462377612524688,0,-0.028229218434602552,0.041116062312414346,0.18933189797767128,0.7490052751469588,0.5710546666505197,23.83808352811515
382,30,1.3064120285830991,0.06930478860642364,0,-0.026726067187748163,0.01782703478164141,0.8153110609892057,1.837995391577428,0.613515196520473,47.561889304458475
382,100,1.3469933604081907,0.06944340850094001,0,-0.026726067187748163,0.019162831452055662,0.8545565961438829,1.8794915393962985,0.613515196520473,48.36695830913852
383,1,0.5462747083057515,0.04136973457523936,1,0.037124098487874464,0.007438911051324658,0.0017116987665523832,0.131801166316808,0.04021495958652387,0.21875440093595566
383,3,0.5925575396538101,0.04128901505038252,0,0.035803189145524134,0.02144296132488233,0.035311389183403694,0.3245634083217056,0.12393383102529147,1.757719816215658
383,10,0.8825563923068781,0.045975570207274746,0,0.025854693107749217,0.03937441516269645,0.31732728403643234,1.0423762969401587,0.46291934845114674,22.035714579022383
383,30,1.419067350903512,0.06553486352070152,0,0.021899343637909432,0.05632281125739854,0.8408451960082044,1.973041253423071,0.5938788367895473,48.20701029858393
383,100,1.419067350903512,0.06553486352070152,0,0.021899343637909432,0.05632281125739854,0.8408451960082044,1.973041253423071,0.5938788367895473,48.20701029858393
384,1,0.45000613081700613,0.04285766691746566,1,-0.053940886511486666,0.0027568753650399624,0.0011901419634528568,0.1306332342112961,0.07545646190561935,0.4917594523739157
384,3,0.49311153814364955,0.04198696646015111,1,-0.051184621483390313,0.00982545357197658,0.034470706055063284,0.2711878772594832,0.17980238377483368,2.564263252863348
384,10,0.7038373095264753,0.043289364119107124,0,-0.0350793987476252,0.0149578995035064,0.22395880877059407,0.8646838334123951,0.5372536555378946,23.818150134673978
384,30,1.3650128323535446,0.06994966051518979,0,-0.03125245573472423,0.05604125700076409,0.840224031087505,1.9773013912855602,0.6327493659635575,52.22526733133692
384,100,1.3650128323535446,0.06994966051518979,0,-0.03125245573472423,0.05604125700076409,0.840224031087505,1.9773013912855602,0.6327493659635575,52.22526733133692
385,1,0.5049729598671754,0.04107474499236504,1,0.006742178336169071,-0.006674908227904755,0.004905689758911191,0.1468314244637068,0.06983820677663997,0.4785101162804267
385,3,0.5339075677773001,0.041612454926075806,1,0.006495654847756984,-0.009252246326299373,0.036664159255842516,0.2932380269510921,0.16797714591394158,2.449930610645631
385,10,0.7064132000491075,0.044158870663070164,0,0.004711154922009429,-0.022624613782071257,0.22432665890916936,0.8539895363010611,0.5024248512809291,21.550805153520475
385,30,1.2619982615524916,0.0629598590246336,0,0.004114631428907772,-0.01765049307176341,0.775534123195347,1.857507848592189,0.6039943182143196,47.01463574024694
385,100,1.3292734522437122,0.06462470715696163,0,0.004114631428907772,-0.019692437243778536,0.8448512580585827,1.9710895573322973,0.6039943182143196,49.18404380950694
386,1,0.5339339165660397,0.04270859143174742,1,0.03083776663314738,-0.002736591489008845,0.005832741421900952,0.15071419655444387,0.08554330092612036,0.63910410074351
386,3,0.5586964545752087,0.04259459763771706,1,0.02952655834322038,-0.0017378943732769558,0.030907790605265238,0.24722259632390328,0.18225265233925542,2.4752096935964247
386,10,0.7419906539433531,0.04750049945941466,0,0.021382793690123574,0.00237681185709236,0.21823104839613697,0.7768115587726637,0.5080122025005754,20.640380729715478
386,30,1.3314622281620438,0.08731671208150911,0,0.019129612587260224,0.0007566763029669531,0.8115759392718167,1.8577225942247355,0.5930606212194538,45.96253626090979
386,100,1.371621843340448,0.0885111891550813,0,0.019129612587260224,0.0018723097406767252,0.8506199210125109,1.911307176656498,0.5930606212194538,46.967473497922505
387,1,0.546714630352162,0.04270749689201644,1,0.03481236827530359,0.013764537495357904,-0.001862275418499522,0.15045621253757174,0.11556478376149414,0.9721682349576429
387,3,0.5829915980759462,0.04280387383695481,1,0.03344867024514285,0.01138318212978771,0.03815974570101581,0.2860875030943112,0.19307316734883997,2.9255200919493864
387,10,0.7796294619788287,0.05112642080483118,0,0.02392085676483589,0.004410503544100016,0.2512981016698928,0.8833363106310946,0.5248636382221468,23.37280365380687
387,30,1.3389427122012467,0.0850455586722308,0,0.021864747428502015,-0.03592846674353271,0.8530064315162776,1.8872132396471857,0.6014795334431077,47.33606371433808
387,100,1.3620060914689693,0.08544131507088297,0,0.021864747428502015,-0.039754026991945336,0.8798953710324128,1.922526614238898,0.6014795334431077,48.007740093084465
388,1,0.5339597327593689,0.04345215897593096,1,0.0431383156883698,-0.01058467073683947,0.001406087807838785,0.1570925579538591,0.11097907615848435,0.9407884283159065
388,3,0.5665373375420277,0.044094300632355206,1,0.0413387046715376,-0.014288440172915584,0.03948707304340573,0.32245193635614405,0.16006682579920603,2.4423929504867217
388,10,0.7999131246049263,0.050847369554477065,0,0.030287241559585766,-0.025908470756172478,0.2955343538015129,0.9814389481070767,0.4921816291126051,22.935651272039834
388,30,1.341513383054338,0.07008345946086443,0,0.02557214932990241,-0.0478718650836623,0.8638130988080978,1.946803179481731,0.6204578565162029,50.37120236393251
388,100,1.341513383054338,0.07008345946086443,0,0.02557214932990241,-0.0478718650836623,0.8638130988080978,1.946803179481731,0.6204578565162029,50.37120236393251
389,1,0.5130480633456012,0.04100254980583354,1,0.012663068232931575,-0.0035296395079737176,0.003914634620643348,0.13826382092850614,0.07469659655340115,0.5030367379454876
389,3,0.5489671818353086,0.04188409282859106,1,0.012310111125281638,-0.007152673213221374,0.04380974392324819,0.3327830913323421,0.15182887433429065,2.326743478691716
389,10,0.7572524432948698,0.04906523950398772,0,0.009031644512639056,-0.029023487785825558,0.27724428656805633,1.0137527923996097,0.4885241426807632,23.207909951213658
389,30,1.2578374072237304,0.06685392391328773,0,0.007837762741688941,-0.03908216097659101,0.7890818054586326,1.881659158054169,0.602066212708065,47.28766060669481
389,100,1.2578374072237304,0.06685392391328773,0,0.007837762741688941,-0.03908216097659101,0.7890818054586326,1.881659158054169,0.602066212708065,47.28766060669481
390,1,0.5542828220112781,0.04470438536134787,1,0.047299823108646326,0.005668944897166091,0.0013140540054656631,0.14004447650691182,0.07209023731221459,0.4836021217872837
390,3,0.5782885780424274,0.04436437099111117,1,0.04540879903943917,0.0016261663393389299,0.03125361266364924,0.2714244055672662,0.1561577289204501,2.1114608590380697
390,10,0.7698859250872795,0.04612831994495962,0,0.030895345373250845,-0.014473432692566061,0.25346401240659466,0.8827546275462745,0.5251557231460336,23.381001221228505
390,30,1.3701046178335468,0.07070747657717595,0,0.027953196699680917,0.005425566626118471,0.8367258545077473,1.8762424565804192,0.6039989646251577,47.37291950349584
390,100,1.3878309950628378,0.07144455912375659,0,0.027953196699680917,0.004325896501818918,0.855551901861338,1.9010255070328286,0.6039989646251577,47.84627884831413
391,1,0.4556151794092803,0.04295412275101259,1,-0.04900737155533968,-0.00013844755803472895,0.004760998522654664,0.1874684926828115,0.0908594136634109,0.7996992387896761
391,3,0.4913766181947812,0.04128084884040374,1,-0.04516764004482665,-0.006643820892462349,0.04318807913207015,0.3203691253937883,0.22699156813146912,3.9290117917795686
391,10,0.6842779853258377,0.038512785019240776,0,-0.029322580613849125,-0.018795551865281493,0.23239611780496852,0.863188040144788,0.6182026785697093,28.960129651260488
391,30,1.3093709916263871,0.06816764804779128,0,-0.029322580613849125,-0.004551977735359103,0.8432455499755952,1.930991439254086,0.6182026785697093,49.83492283688035
391,100,1.3343851493704122,0.06871192122342709,0,-0.029322580613849125,-0.0021146271043123725,0.8658223570885736,1.9661378918251107,0.6182026785697093,50.52201086192348
392,1,0.45263264520964913,0.03964746993802211,1,-0.04783300880166613,0.0011083083535319786,-0.0006426543422166022,0.10216697251691327,0.08768764958663817,0.5264529988974274
392,3,0.4950048988999051,0.039927217682343655,1,-0.046015964855679395,0.005662536281157956,0.03535832747442653,0.2575784550819234,0.16076496020521175,2.126788654832023
392,10,0.7313324203779488,0.044890651571649606,0,-0.03248381782329459,0.016886000458425823,0.2469302377428176,0.867070719201703,0.5158468351711569,22.558855369072546
392,30,1.3661347124916239,0.07209802780281194,0,-0.0289379912443569,0.04689605661301333,0.8481766471229671,1.9759255075020135,0.6083622337820119,49.71679377892791
392,100,1.3805727408733866,0.07329181587959319,0,-0.0289379912443569,0.048745096224149166,0.8607656358935942,1.998972092781117,0.6083622337820119,50.1601663605973
393,1,0.46970243769534786,0.042157722246334864,1,-0.03158374560358317,-0.00045447349051489595,0.0017406567894459463,0.169178633740637,0.04667580363388601,0.31860514525026606
393,3,0.5077495156896441,0.041568134855446755,1,-0.029609885626680273,-0.0008956711448566848,0.03825507246118098,0.3440347038194703,0.18059468142907392,2.996108719063174
393,10,0.752141148966356,0.0432211542758813,0,-0.019824541971452038,-0.008755147765742113,0.28072083870355025,1.0316077739735938,0.5733873980646469,29.101935519233482
393,30,1.2784950698473163,0.06390895458671247,0,-0.019464825286962396,0.029703343884305556,0.7682565512499729,1.9196634230273062,0.5867491607760225,46.50557724987246
393,100,1.2784950698473163,0.06390895458671247,0,-0.019464825286962396,0.029703343884305556,0.7682565512499729,1.9196634230273062,0.5867491607760225,46.50557724987246
394,1,0.49644998290209874,0.039969741476196204,1,-0.009777044616542038,0.002980866262190989,0.00324616125644962,0.11865515680848993,0.08841585950126235,0.578961237826656
394,3,0.5312630163953215,0.04087394147877059,1,-0.009538430161424196,0.007483948644251304,0.03331749791249435,0.25905476561372476,0.15780024577159846,2.0801406554611
394,10,0.7473392343657388,0.04734133172357447,0,-0.006892880973549447,0.02044904427657162,0.2337830710627167,0.8493792111467185,0.5088969184356962,21.858375861038407
394,30,1.3269368240974921,0.0815443756729521,0,-0.006046523656993443,0.04240936812388866,0.790573979630597,1.94798549821398,0.6189135226542246,50.238742009094445
394,100,1.3486681176447917,0.08234535626068856,0,-0.006046523656993443,0.04211651662910439,0.8125981246726811,1.9911094482229712,0.6189135226542246,51.08275378412018
395,1,0.46997407498553495,0.04302367903314656,1,-0.04363014754363868,0.010809696928583568,0.002794525600590077,0.1325578568796888,0.08846691277337157,0.6183321364832552
395,3,0.5159338051450115,0.04323643349171968,1,-0.04138593706566179,0.009758859737185804,0.047560882473487574,0.2962258292437056,0.18569201698811139,2.8298684209971525
395,10,0.7664480831517222,0.048867126356779374,0,-0.02867449284019098,0.01469794924477597,0.2804246267471372,0.9103526787369673,0.5364353420112107,24.54269707254127
395,30,1.407884009902393,0.08484248166110171,0,-0.02673023952963483,0.013966658477978068,0.92064759095405,1.9929322140161978,0.594396602188123,48.63265096757441
395,100,1.407884009902393,0.08484248166110171,0,-0.02673023952963483,0.013966658477978068,0.92064759095405,1.9929322140161978,0.594396602188123,48.63265096757441
396,1,0.567709219410791,0.041796012667013306,1,0.061596235811071195,-0.0075341489723485125,0.013647132572068333,0.1977236378939565,0.1127165588336598,1.1065363152493732
396,3,0.5939411724804172,0.04186551162645401,0,0.05899502575472697,-0.024096372661894242,0.05904251938758451,0.3549690190733753,0.20917689253568678,3.7316865060107482
396,10,0.797903142226753,0.0473522866530976,0,0.04494831853922008,-0.06340617469019888,0.3163609983777317,0.9865955095708389,0.49944003424894423,23.469970782419605
396,30,1.2571093144063903,0.06046417848340888,0,0.03943299042204758,-0.10134626491105528,0.8190225888953983,1.7760388418436883,0.5957942210061732,44.686918224697436
396,100,1.280912075463546,0.060710374388614326,0,0.03943299042204758,-0.09966354880348459,0.8411426338449831,1.801671916621572,0.5957942210061732,45.169862464909066
397,1,0.4621472433912389,0.04264076459246672,1,-0.037148856823600244,-0.010629774771976975,0.009925874986816264,0.16896066836982754,0.10409793743890072,0.898872291407736
397,3,0.49795904032352467,0.04199329874360829,1,-0.0354693977533646,-0.016765017020691827,0.05019345509758104,0.29842996150334933,0.21538932210596054,3.4997302284862206
397,10,0.7093723446830767,0.04211120490638632,0,-0.025279218154973145,-0.027136039490843627,0.26178760232889364,0.8418381008461903,0.5396061979477873,23.572753118370184
397,30,1.3263973797205735,0.06815535285747659,0,-0.023198063994216506,-0.08432476464626727,0.9339202083610575,1.867184833815427,0.6054649467180581,47.34254637030859
397,100,1.3263973797205735,0.06815535285747659,0,-0.023198063994216506,-0.08432476464626727,0.9339202083610575,1.867184833815427,0.6054649467180581,47.34254637030859
398,1,0.5041574095029138,0.042908314102565084,1,-0.010409180751328405,0.013174289314536673,0.001392300939705515,0.11910518800793093,0.04950699166834069,0.2639705513389191
398,3,0.5502657079982589,0.04229200296381802,1,-0.009829457522772062,0.015133578104001438,0.04496158741702954,0.31891822289849353,0.16069115740181533,2.4371353405165697
398,10,0.8288649502572689,0.04514352006210817,0,-0.006535756938421515,0.01568815549605145,0.3197125516996389,1.0441739704771296,0.5459461946670784,27.452366506540173
398,30,1.31266531843731,0.06574905829583307,0,-0.006150157927108047,0.03416496420849495,0.7846505121559231,1.9031863684963006,0.5941923038571307,46.925771434325426
398,100,1.31266531843731,0.06574905829583307,0,-0.006150157927108047,0.03416496420849495,0.7846505121559231,1.9031863684963006,0.5941923038571307,46.925771434325426
399,1,0.5221035947673613,0.04227122476610961,1,0.01623046692038928,-0.00018509362116759807,0.0060582214681395245,0.18151485088174724,0.10769942856936371,0.9849929695713815
399,3,0.5662170749426286,0.04237494685225778,1,0.015072725748439379,0.0021487486460703238,0.048995600548118995,0.37067439173894984,0.25743357185074,5.113278906893289
399,10,0.8409021626448613,0.04816373178093581,0,0.010605710757351379,0.008117556332868554,0.3221788955546413,1.0903555133106806,0.5934227032434756,31.597232384611107
399,30,1.2998855891249903,0.0737435146675284,0,0.010605710757351379,-0.0105307091998612,0.7998105875675,1.90016509220455,0.5934227032434757,46.79385460007062
399,100,1.2998855891249903,0.0737435146675284,0,0.010605710757351379,-0.0105307091998612,0.7998105875675,1.90016509220455,0.5934227032434757,46.79385460007062
400,1,0.47810091615566114,0.04322138385292858,1,-0.031855976660485695,0.007124149040427655,0.0028327437757190545,0.12333103268256752,0.049801408324551204,0.27265914999895013
400,3,0.519840673101797,0.04267272264785721,1,-0.02992850791242682,0.011490995771164924,0.03827818524305891,0.28700661253030696,0.17649024086843326,2.5868275998809316
400,10,0.7659324690855972,0.042885061732909374,0,-0.02011840459208653,0.01598326148389579,0.2700676121937879,0.9582001239772556,0.5584675681768133,26.784799084484018
400,30,1.2804396236374278,0.058638229405240445,0,-0.01948509004533426,0.03488039887514605,0.765044314807616,1.8198672277520813,0.5865899252993968,44.638822815119376
400,100,1.2804396236374278,0.058638229405240445,0,-0.01948509004533426,0.03488039887514605,0.765044314807616,1.8198672277520813,0.5865899252993968,44.638822815119376
401,1,0.5953523667160249,0.04123494648841022,0,0.08925222107080301,0.00541742092666262,0.0006827247185592483,0.14350165043683008,0.06458925527313246,0.42502392494536523
401,3,0.6394923233134274,0.041232678035878434,0,0.08402161595259847,0.017885512114825263,0.037585195246003775,0.3263744523482995,0.19881550597869987,3.3019209102010008
401,10,0.9071008908853394,0.04297787307887437,0,0.0549641429665324,0.04345878677930583,0.3086779611395011,1.0733879647712092,0.6034593059977825,31.999375103217563
401,30,1.3967005666820207,0.06179479077442247,0,0.0549641429665324,0.07165393516587795,0.77008248854961,1.872096228382312,0.6034593059977825,47.24117187914602
401,100,1.3967005666820207,0.06179479077442247,0,0.0549641429665324,0.07165393516587795,0.77008248854961,1.872096228382312,0.6034593059977825,47.24117187914602
402,1,0.5045214858806911,0.04178824003343277,1,0.008269391840674323,-0.00661754011965311,0.0028696341596699607,0.12873702425120828,0.10371429184318373,0.7623784571612297
402,3,0.54485618613664,0.04171418150935891,1,0.007949025802566113,-0.005253526933451508,0.04216068726752539,0.2922215353947936,0.18076250317460102,2.703677158092543
402,10,0.7910069044682438,0.04545519152433132,0,0.005827323204806806,-0.0002865976526237703,0.28546617891606085,0.9434181585281082,0.5177583458523443,23.92377935168574
402,30,1.426371042267132,0.06855972073411257,0,0.005078626048635697,-0.005272622930221401,0.9265650391487177,1.978009757511688,0.6268505929631499,51.635511828977315
402,100,1.426371042267132,0.06855972073411257,0,0.005078626048635697,-0.005272622930221401,0.9265650391487177,1.978009757511688,0.6268505929631499,51.635511828977315
403,1,0.5149447845798298,0.03987942498983716,1,0.00718855461721935,0.010708310663521885,-0.002952080700911432,0.14792131288015933,0.06860007842636139,0.4697052574384412
403,3,0.543409532362387,0.04014397777302237,1,0.006934212677388879,0.013907420896059052,0.02256789878893919,0.26689909724718097,0.13665434644434737,1.7439117632730312
403,10,0.7501671379755478,0.04407816777845316,0,0.004941956843290114,0.02484925030593891,0.2203759308263188,0.806846668784272,0.4810137586112736,19.589632895021236
403,30,1.3823049654183464,0.0718919750346002,0,0.004167213478263442,0.05892739526840858,0.8192103566716743,1.953870169821018,0.6092493816321672,49.38146391892174
403,100,1.401885491927977,0.07322383786505203,0,0.004167213478263442,0.0603971201746998,0.8373211582750137,1.9823810537081132,0.6092493816321672,49.93075908666721
404,1,0.5365466011051478,0.04218274387187442,1,0.02126529964424607,0.0107819564397521,0.004499345021149582,0.1353033859450655,0.07128139498439644,0.46566598349918137
404,3,0.5692048381462611,0.04275805663186942,1,0.020221876793174165,0.006412976068398792,0.042569985284688014,0.27534922111366195,0.16554499690823402,2.30807790468996
404,10,0.7856688310981732,0.04490309613158994,0,0.013690052071063951,0.005337475348477594,0.26664130367863176,0.887179169834079,0.5389581059944712,24.306159283550823
404,30,1.3538840741334506,0.06606797299787517,0,0.012599010886616252,0.02203052020569022,0.8192545430411439,1.8773011187109956,0.6121190646602733,48.18746858903242
404,100,1.3687773530724807,0.06601984935920889,0,0.012599010886616252,0.018743009648852445,0.8374353325370119,1.8993870471742014,0.6121190646602733,48.61498379566141
405,1,0.5037493103474262,0.0423661231522328,1,-0.00553201050837149,0.006253472142304103,0.003027848713493571,0.1291959979623367,0.13146858754863552,1.0836874102716627
405,3,0.5453638215036306,0.04189591368572773,1,-0.005115790766487862,0.0001880913936006795,0.05029152087651772,0.3341688233611081,0.28467478597518386,5.570958371521963
405,10,0.7964195439937916,0.04607546611632483,0,-0.003704284381698623,-0.02058270242571053,0.3207065308012008,1.0381574469646146,0.6013553302086012,31.17783615009072
405,30,1.2817895833096953,0.06746009249287678,0,-0.003704284381698623,-0.08280924871710618,0.8683031164085002,1.9203383594931733,0.6013553302086013,47.953851761859916
405,100,1.2817895833096953,0.06746009249287678,0,-0.003704284381698623,-0.08280924871710618,0.8683031164085002,1.9203383594931733,0.6013553302086013,47.953851761859916
406,1,0.45948314948617996,0.04497379645821958,1,-0.028482769895542246,-0.017416078919183932,0.005381998300906054,0.1552168634465734,0.09003084964671823,0.6982264796611174
406,3,0.5028086592265418,0.04558179708173008,1,-0.027657114672082775,-0.00878847892480082,0.03925425282342547,0.29531097110096133,0.15562003008311293,2.2190934355187952
406,10,0.7534348913918559,0.04944049611404124,0,-0.02084726729656647,-0.0007991910201821905,0.2750813497086045,0.910373078711928,0.4539422560291235,19.58463005283683
406,30,1.3205384005253302,0.07004988834073267,0,-0.017448274987070442,-0.0011844950437370834,0.8391711705561375,1.8707769082114403,0.5872522430378545,45.64694462809196
406,100,1.3205384005253302,0.07004988834073267,0,-0.017448274987070442,-0.0011844950437370834,0.8391711705561375,1.8707769082114403,0.5872522430378545,45.64694462809196
407,1,0.49619248296379,0.04075430488072015,1,-0.008947327290811808,0.004210371053126665,0.0009294392014751814,0.10639428697820386,0.04797848826249447,0.23421638391298533
407,3,0.531275193851803,0.04021013294528656,1,-0.008653835978433395,0.016095593028994593,0.023833436801241822,0.24209329760901308,0.13909952984896,1.6767579820418577
407,10,0.7520964153544802,0.04173033056224056,0,-0.0061089963096081406,0.03755459846784729,0.22065081319624108,0.8349669496017053,0.5045381664938974,21.37166713083901
407,30,1.3283883656679896,0.06897890540070814,0,-0.005262977618290078,0.051653880170227935,0.7819974631160518,1.935339536505066,0.6203909798719287,50.139561725243624
407,100,1.343640610287294,0.0698143651436409,0,-0.005262977618290078,0.049578505274910416,0.7993250826306737,1.9595119543603454,0.6203909798719287,50.613787951106154
408,1,0.5484915120044654,0.04390177308993033,1,0.04135960810137577,0.004879240424204101,0.0022526634788856002,0.1297754002827244,0.09364564962888292,0.6616246771520216
408,3,0.5867349812400613,0.044315225715971296,1,0.039416851789515275,0.0018685433826285916,0.04544958606791729,0.32214521681273717,0.1888416098959709,3.051458011001093
408,10,0.8310727874557766,0.0473588562621776,0,0.0278441733642861,-0.003069879879819398,0.30629849397131004,1.0102922170790705,0.5415488196074759,26.575708142949498
408,30,1.302891633784493,0.06550534308408104,0,0.026453202910178185,-0.02399763200390775,0.8004360628782222,1.8396848712515053,0.5849711264842502,44.85228378891803
408,100,1.302891633784493,0.06550534308408104,0,0.026453202910178185,-0.02399763200390775,0.8004360628782222,1.8396848712515053,0.5849711264842502,44.85228378891803
409,1,0.5364338526430006,0.043241294378704276,1,0.029928404996696734,-0.0045144393053711835,0.011019886951675035,0.20130660420769048,0.08813128932857005,0.8066506954527769
409,3,0.5584555518278677,0.040742985199555104,1,0.02774914085944014,-0.010273788253739109,0.04098019922216661,0.2923683158401639,0.21861212727689983,3.5324703796176533
409,10,0.6961475254099707,0.037984498330437794,0,0.01827472757031166,-0.0052905671861979316,0.1831633650258571,0.7780684390019372,0.5712094106392483,24.372312874040794
409,30,1.3336672041988444,0.06546747940642125,0,0.01789887567630833,0.03213118698249574,0.7836371415400403,1.876215710203378,0.587121788864054,45.73536148471436
409,100,1.3516535695483176,0.06590252764477465,0,0.01789887567630833,0.03671241795642403,0.7970422759155853,1.8930002562416788,0.587121788864054,46.0469904355622
410,1,0.4934551731271967,0.04420886004615997,1,-0.007472938261290633,-0.00835776117660504,0.00928587256509237,0.16682164062539892,0.08257919441904048,0.6512812048360478
410,3,0.5347704243945899,0.044018150107241284,1,-0.007138379216583369,-0.007112937931063033,0.04902174154223618,0.3398991534136477,0.1824144438906228,3.01294050136306
410,10,0.79623521355249,0.04814218123926348,0,-0.005052866888497208,0.00320341902115948,0.2980846614198278,1.0306020003195437,0.5143429579510648,25.12845629330911
410,30,1.3184259753395613,0.06245935816943051,0,-0.0046618147097306885,0.029846126940932183,0.7932416631083596,1.804308475535701,0.5786642398247491,43.60594618954964
410,100,1.3184259753395613,0.06245935816943051,0,-0.0046618147097306885,0.029846126940932183,0.7932416631083596,1.804308475535701,0.5786642398247491,43.60594618954964
411,1,0.49137884679202537,0.04316792777836997,1,-0.006395195877352187,0.0005419968690935666,-0.0027679541997159083,0.12911033389802193,0.09039502555237831,0.6274652231311779
411,3,0.5276112459975231,0.043726993705071576,1,-0.006184175208502889,0.011669970468265319,0.022125450737760736,0.2506903287774698,0.13164793153741644,1.5917021377366636
411,10,0.738497153922078,0.04901189016812829,0,-0.004659515188108987,0.02523598548662848,0.21792068362355851,0.8512311050511497,0.4551407461629841,18.80236724994795
411,30,1.283473859258134,0.07272128029632857,0,-0.003973678391613523,0.019527618266152635,0.7679199193835949,1.9254634962593673,0.5855921183195972,46.499850252912886
411,100,1.283473859258134,0.07272128029632857,0,-0.003973678391613523,0.019527618266152635,0.7679199193835949,1.9254634962593673,0.5855921183195972,46.499850252912886
412,1,0.48283984477743563,0.041195402339789,1,-0.018827571696467066,-0.0021776987662510162,0.003845115240153804,0.1730420744249587,0.07919277211543929,0.6316705510477828
412,3,0.500462095233285,0.04130398758689944,1,-0.01863778376999245,0.0033150201124070174,0.015784858890870366,0.16423224483342835,0.0877623081479654,0.6993574248373969
412,10,0.6784759769067916,0.04316584881992302,0,-0.014803425130846329,0.02532553368569822,0.16795386835193973,0.5908911729556588,0.36104676751893094,10.868562258656272
412,30,1.226507125995503,0.05913081282592538,0,-0.010699321451186794,0.0440077931538796,0.6931986542928097,1.6543201439184108,0.6150021171380237,44.133948533280964
412,100,1.431126938993521,0.06776592065764762,0,-0.010699321451186794,0.06123826987364239,0.8805879905710654,1.9610843807706346,0.6150021171380237,50.09992228386878
413,1,0.47890820291341424,0.04189740814811038,1,-0.013770347198173992,-0.00924968136019022,0.0019282314717784003,0.12786662752820166,0.06973585102113738,0.43576113442203146
413,3,0.5068944799029195,0.042055338968933466,1,-0.013372397752820155,-0.0058895617678139745,0.026156439423553595,0.3010831575621725,0.14194379323008963,1.9885959633053085
413,10,0.7482131480176426,0.048238329566506546,0,-0.010063482676688081,-0.009999697390618595,0.26827632808494917,1.0065032909476501,0.45847620913137294,21.239698718158767
413,30,1.1848839835891725,0.06304737206267132,0,-0.00877858114672666,-0.02713281395495773,0.7207953786908565,1.8097990756794105,0.5745874350794349,43.324422352652576
413,100,1.1848839835891725,0.06304737206267132,0,-0.00877858114672666,-0.02713281395495773,0.7207953786908565,1.8097990756794105,0.5745874350794349,43.324422352652576
414,1,0.4747230773844037,0.03968290771624797,1,-0.0274032429383336,-0.013562849023062346,0.01568916934579981,0.1807818453721271,0.10810618238562497,0.987597711964993
414,3,0.5057088722017418,0.03975406736326722,1,-0.02588543709215744,-0.03500239564453485,0.06659670493843395,0.36554042627982075,0.23621864706580975,4.495073786712057
414,10,0.7209119688720309,0.047927593214166175,0,-0.018918683012305624,-0.07293978686563136,0.31277043874996796,1.0325901931205275,0.5571791851678354,28.011025659028356
414,30,1.2388220193606294,0.0762655709881235,0,-0.018039816415004403,-0.12017171162995507,0.877033547405589,1.9557664558761547,0.589850093996985,47.482616094596864
414,100,1.2388220193606294,0.0762655709881235,0,-0.018039816415004403,-0.12017171162995507,0.877033547405589,1.9557664558761547,0.589850093996985,47.482616094596864
415,1,0.5118874619240851,0.04203111393352672,1,0.008569926529807608,-0.011889820830683493,0.015207356224960972,0.17729821008581562,0.11728747853937017,1.0926052783989988
415,3,0.5673984078643505,0.041880449385513156,1,0.008132386604326,-0.018270159243377056,0.0775361805034016,0.3639708312447603,0.24671827096778876,4.7645455455903525
415,10,0.8451452343177046,0.04632097578745839,0,0.005518688607351135,-0.041335349306736255,0.3809618950170897,1.0682046115487527,0.628184326481874,33.698651953014426
415,30,1.3670696628041945,0.07125602395160134,0,0.005518688607351135,-0.08856682989121005,0.9501178040880535,2.0144730466464953,0.6281843264818741,52.49621065762487
415,100,1.3670696628041945,0.07125602395160134,0,0.005518688607351135,-0.08856682989121005,0.9501178040880535,2.0144730466464953,0.6281843264818741,52.49621065762487
416,1,0.4937260395795889,0.040557756233691886,1,0.008509702244338824,-0.014266263542088245,-0.0005173991226616571,0.11644079198253743,0.0986758979622364,0.6712513835940105
416,3,0.5560593862644618,0.04034997185239445,1,0.00821413630956871,0.02713362434072181,0.020711625614171416,0.19976698803946133,0.16671541580880783,1.9320968273520414
416,10,0.8058854539398432,0.04182025366600328,0,0.006107708707737093,0.081995252605633,0.21778249262647315,0.790632872800665,0.48852839105542273,19.761281623156442
416,30,1.3658730086638204,0.059028621692078974,0,0.0054020947749589465,0.12665150107871492,0.7338194128101467,1.81245522907699,0.5794572042146598,43.82951278375927
416,100,1.3658730086638204,0.059028621692078974,0,0.0054020947749589465,0.12665150107871492,0.7338194128101467,1.81245522907699,0.5794572042146598,43.82951278375927
417,1,0.4771534358926974,0.04265266812192665,1,-0.036276664458978945,0.007560044304689258,0.005870056046986999,0.16222403397255059,0.08897796675684988,0.706814697257313
417,3,0.5217782280612567,0.0417097098019049,1,-0.03479634771613805,0.005837277547165536,0.05073729823022934,0.3201795871155236,0.18973435446798337,3.0594464793271885
417,10,0.7749521790634306,0.04202338755868084,0,-0.024142959711142272,0.002244841692883088,0.2968502970816899,0.9561306651182531,0.5632398900159844,27.0618268328078
417,30,1.2971995831505458,0.06288758183471463,0,-0.023511544244522693,0.004529640209706442,0.816181487185362,1.881920088182225,0.5863155700281362,45.763375402978475
417,100,1.2971995831505458,0.06288758183471463,0,-0.023511544244522693,0.004529640209706442,0.816181487185362,1.881920088182225,0.5863155700281362,45.763375402978475
418,1,0.511873757141514,0.0411321466197109,1,0.007816669933128633,0.0064577320813892876,-0.0024006448730040067,0.155662046061208,0.106818796317388,0.8866358571992936
418,3,0.539199736701305,0.042484549198867926,1,0.00776060474921724,-0.002709903826749842,0.0341490357788377,0.3222304277611894,0.16184456569246652,2.477483494410132
418,10,0.7669778378152812,0.052056305557674,0,0.006225112554330612,-0.007736901984254439,0.26848962724520503,0.9652298099104871,0.41906283174218323,18.34454961617592
418,30,1.355619227186303,0.07089689575454142,0,0.004985140172208957,0.008981410198059335,0.8416526768160347,1.8931747048605476,0.591261650099671,46.45233899932666
418,100,1.355619227186303,0.07089689575454142,0,0.004985140172208957,0.008981410198059335,0.8416526768160347,1.8931747048605476,0.591261650099671,46.45233899932666
419,1,0.5202102599143085,0.044698399433232595,1,0.021669775228515303,-0.005830818036748617,0.0043713027225418515,0.13033428256360893,0.0834013139824342,0.5637022270780062
419,3,0.5427387470325103,0.0438477289570312,1,0.020695043057940888,-0.011752955898873752,0.03379665987344306,0.2574887719387962,0.18114103903644857,2.512551655827283
419,10,0.7063957677735753,0.043642651049204194,0,0.01519906889638591,-0.010855279822850785,0.20205197870004016,0.7777848583239415,0.4892631261811581,19.603587177967544
419,30,1.3141357808127512,0.06869696277168912,0,0.013817474259953099,0.0030522207655335884,0.7972660857872644,1.8553253818463775,0.5632649256778426,43.07993276403953
419,100,1.3141357808127512,0.06869696277168912,0,0.013817474259953099,0.0030522207655335884,0.7972660857872644,1.8553253818463775,0.5632649256778426,43.07993276403953
420,1,0.5106069135023159,0.0409899593340229,1,0.01275336236694359,-0.005013607123045138,0.002867158258417404,0.16397579449133415,0.10477939383596911,0.8904975700870981
420,3,0.5384212935769392,0.04073802212130607,1,0.012141837298892125,-0.004263600874804179,0.03054305715285135,0.29107006590087947,0.195414485168626,3.0062549309688276
420,10,0.7287873963167393,0.044574169117659185,0,0.008870522936099672,-0.012371912688083556,0.23228878606872316,0.8911143304587322,0.5236446309343786,23.427131131816992
420,30,1.198943131555849,0.06289287962959565,0,0.00832769511924734,-0.03154059684360661,0.7221560332802086,1.7427157810189577,0.577902983900133,42.409068806120445
420,100,1.217509980920829,0.06287222371502178,0,0.00832769511924734,-0.03225450461681165,0.7414367904183932,1.763973709894354,0.577902983900133,42.79755526584435
421,1,0.5113559824196159,0.04249078629800958,1,0.0027987391643074064,0.006705917110374247,0.0018513261449340322,0.11750514942080525,0.058327560742840984,0.3243198158033454
421,3,0.5609179882620439,0.042334077387778495,1,0.002649784795055021,0.02323376477874551,0.03503443868824329,0.29046713053195355,0.17148697475253608,2.505128281035687
421,10,0.8104952586784286,0.04665468447242541,0,0.0017940098732113737,0.05361081229198861,0.2550904365132286,0.938725388938215,0.5428289940422045,25.43200698224766
421,30,1.3910244653065793,0.07273731318841854,0,0.0016825647981657799,0.09223540699881363,0.7971064935095998,1.9068902877794018,0.590371275634086,46.62182304086135
421,100,1.3910244653065793,0.07273731318841854,0,0.0016825647981657799,0.09223540699881363,0.7971064935095998,1.9068902877794018,0.590371275634086,46.62182304086135
422,1,0.506708312605998,0.044991047307947424,1,-0.003909484536183498,0.0025974855715844057,0.008020311570596999,0.1656920303888184,0.07499311882424281,0.5707825793262136
422,3,0.5381928606116257,0.0453725776629321,1,-0.0037540736778453663,-0.0024991733653430604,0.04444610765481413,0.3043941613972092,0.14511149482668464,2.062704313707415
422,10,0.7280249662808199,0.04951658652650745,0,-0.0027764826138650268,-0.0025591285812888538,0.23336057747597377,0.8527591129168912,0.45357022673536995,18.736877606933263
422,30,1.2657100198582065,0.07038380330349182,0,-0.0023364260595849693,0.02250191508979058,0.7455445308280008,1.8024021852535577,0.5801777244101762,43.712789918027156
422,100,1.2908587984316275,0.07158515834935847,0,-0.0023364260595849693,0.0262347059828883,0.7669605185083244,1.8373637000219836,0.5801777244101762,44.35422290589445
423,1,0.5130381824480786,0.043077279068104456,1,0.0038325348510825238,0.00386336676545802,0.005342280831537985,0.14476917544488527,0.061581594424811564,0.40184356925465786
423,3,0.5612630238617676,0.042331321528246535,1,0.0036286121209439183,0.011242021005017902,0.04639239073580575,0.320879122589563,0.16255311498459907,2.4850258119797903
423,10,0.8447193628064252,0.045736910359856955,0,0.002499906495977896,0.037492931027228976,0.3047265252832184,1.026898844409229,0.5193193541322072,25.392489923583998
423,30,1.333185343755373,0.06314507624577229,0,0.002256312132243899,0.06887936103688996,0.7620496705862391,1.8328761669983544,0.5963194102091741,45.808010224060986
423,100,1.333185343755373,0.06314507624577229,0,0.002256312132243899,0.06887936103688996,0.7620496705862391,1.8328761669983544,0.5963194102091741,45.808010224060986
424,1,0.5065468536554035,0.042792163225338485,1,-0.005038583937617306,0.005022075496650382,0.006563362096370433,0.1657937081160164,0.09028901925420496,0.7311647105955934
424,3,0.5531666523770778,0.04353506955117952,1,-0.004789395370111517,-0.0038482527228518807,0.061804300470041124,0.3462357292151767,0.20223138041489386,3.507511756154587
424,10,0.8217582887116992,0.05304498903550822,0,-0.0032769239252086416,-0.006881243289640221,0.33191645592654817,1.009887213478005,0.5652670694503212,28.15637781141608
424,30,1.4177823837330967,0.07683711834055161,0,-0.003034969326784315,0.007517032264139103,0.9133003207957416,2.008598836865902,0.6243588542252648,51.98501282603209
424,100,1.4177823837330967,0.07683711834055161,0,-0.003034969326784315,0.007517032264139103,0.9133003207957416,2.008598836865902,0.6243588542252648,51.98501282603209
425,1,0.4716456096855237,0.04460074781920522,1,-0.026171257889087866,-0.003940416907147592,0.001757284481759134,0.14252539557741917,0.08052260408898378,0.5679578993395926
425,3,0.52607988715547,0.0451619350276327,1,-0.025504692786181712,0.007249864830495732,0.04433471511115604,0.3092394299251915,0.1538879961923862,2.253747432892296
425,10,0.8233073977366981,0.05661870804846122,0,-0.018753261042533165,0.01301592117011016,0.3290447376091211,0.9940223783304062,0.4689810408975302,21.697046879483377
425,30,1.3926793342239092,0.07272346442082364,0,-0.015707222386239027,0.014320505688575342,0.8940660509215727,1.9011924740038042,0.6023698773430832,47.68937799159883
425,100,1.412922574633157,0.07287863863116875,0,-0.015707222386239027,0.012877230493710238,0.9157525665256857,1.9265419937292827,0.6023698773430832,48.1722510574298
426,1,0.45593188356270076,0.040587506766956806,1,-0.03629237074810543,-0.014434902572570548,0.006659156883376749,0.16464897521832508,0.11564867385225877,1.0250855516967097
426,3,0.4807510824790141,0.03896216855512773,1,-0.033666802471106795,-0.00782780064067949,0.0222456855908005,0.23187073052665938,0.2319215846334153,3.40145490788426
426,10,0.6426166107755635,0.040610869707281755,0,-0.022187677816362352,-0.0004951936963480132,0.16529948228827382,0.7167171543032937,0.6198351348408759,26.19763845529764
426,30,1.213252841974741,0.07882433262932728,0,-0.021876935489599365,-0.009527102343901287,0.7446568798082418,1.7698824098061787,0.6313820787461607,47.94377747084945
426,100,1.3297080510823143,0.08356475852247804,0,-0.021876935489599365,-0.018134888977542552,0.8697198755494562,1.9597341948898686,0.6313820787461607,51.73436854479793
427,1,0.5674006930847941,0.04023692216534488,1,0.06633388376575329,0.0012155315895890273,-0.00014872227054818924,0.14494803814991564,0.09946817060738053,0.7688013439839868
427,3,0.59120354526194,0.040496293326409985,0,0.06447846308056648,-0.003319102494666906,0.03004418467604047,0.27918164058172545,0.1754263333696283,2.521923074479016
427,10,0.7902172441388554,0.046124677097952906,0,0.04963995102118469,-0.017044501065656734,0.2576217941833276,0.8848375657563995,0.47218745905791243,20.26293283528278
427,30,1.2514315730222678,0.06163426617240969,0,0.043125531691354815,-0.039303475553063905,0.7476095168839768,1.698712588854997,0.5849034365077967,42.23838019422537
427,100,1.298122548392697,0.06301207304757489,0,0.043125531691354815,-0.04074421881873069,0.795741235520073,1.7630012206888277,0.5849034365077967,43.4274801319579
428,1,0.4737575528075933,0.041564167354239026,1,-0.03372116188248831,0.010546173337826764,-0.003067458647745219,0.17417354277035693,0.08600879078181799,0.7076534794361685
428,3,0.48735824392958105,0.041639516319207905,1,-0.03282154272222634,0.006752577855369669,0.013427208796437612,0.26397449581835064,0.11059754223750975,1.3100287593869069
428,10,0.678047181084106,0.044619175750029536,0,-0.02473633929175985,0.029678750014070016,0.17310477036179583,0.7697091112804187,0.41969176839791095,15.785513233510608
428,30,1.2727691664101397,0.0681879695259512,0,-0.01935449905024266,0.06900169269310631,0.7231219727672761,1.752151128225603,0.609359385935998,45.50544738422162
428,100,1.44361753722823,0.07763312770790672,0,-0.01935449905024266,0.0804894964099516,0.8824825398685213,1.9939160963095235,0.609359385935998,50.16417025185904
429,1,0.48953775713611053,0.0440686565711822,1,-0.0005547997884846468,-0.015775378739356048,0.005867935663951155,0.17639152415923726,0.07221683537678103,0.5677461280534188
429,3,0.5060818024904399,0.04341098899885739,1,-0.0005204135619627546,-0.015462899271119863,0.022065115323522563,0.24054719818188663,0.1959827031210293,2.705401588484999
429,10,0.6128861433581642,0.03913236743603423,0,-0.0003262077976910234,-0.01675576087335323,0.12996811202920847,0.6809697092093302,0.6099471344227311,24.89949062567412
429,30,1.15924199525553,0.05847251792771097,0,-0.0003152484614204992,-0.0033587266830913437,0.6629159704000416,1.6277574113653426,0.6398383693587001,45.88132171246105
429,100,1.4193235221538905,0.07635052849208879,0,-0.0003152484614204992,-0.02551062084940701,0.945149391464718,2.0452225927814998,0.6398383693587001,54.32808918977123
430,1,0.5160203844005227,0.04063793684775532,1,0.007667398121762072,-0.007122799970602942,0.015475786249363507,0.17997304678395512,0.1437172023962837,1.4710870471969522
430,3,0.5633500388223835,0.040136783728082076,1,0.00703093290185084,-0.02123899654623645,0.07755810246676907,0.37881590300527573,0.3019174673249411,6.499280492742273
430,10,0.827943023305752,0.047959135283821654,0,0.005192913404541543,-0.0403746426606766,0.36312475256188703,1.0785624543018137,0.5870440670459379,30.920258480343485
430,30,1.2633697537385644,0.06834631436281834,0,0.005192913404541543,-0.08473526221962907,0.842912102553652,1.8252734802160402,0.5870440670459379,44.78217462648581
430,100,1.2633697537385644,0.06834631436281834,0,0.005192913404541543,-0.08473526221962907,0.842912102553652,1.8252734802160402,0.5870440670459379,44.78217462648581
431,1,0.45666080168367956,0.038937768768633654,1,-0.03379341349284041,-0.00986647919604337,0.0003206943725633535,0.14344570902831094,0.09660756572198237,0.7333626268599456
431,3,0.4786478974260006,0.03951077029782722,1,-0.03314180789825296,-0.010049544967241041,0.021839250291494618,0.26926385988406326,0.11960951907112244,1.470868874743765
431,10,0.6655425251083267,0.045616850137112024,0,-0.025243657825650065,-0.019206224834385614,0.20999240776836242,0.8804265641797187,0.44168957605205456,18.466592128391934
431,30,1.1108332924626927,0.06559928625303034,0,-0.021314603642218103,-0.029794159209466844,0.6619420553143777,1.780008359867358,0.5865537505219467,43.896078423994815
431,100,1.1452018211512325,0.06608065263714247,0,-0.021314603642218103,-0.024392851176612527,0.690909275970063,1.8399108983210972,0.5865537505219467,45.007178155634286
432,1,0.4666412641680815,0.0396198756490062,1,-0.03715423138079363,-0.0027206427556288426,0.0065161383045039874,0.124956734259173,0.09323083102005449,0.6432644509825125
432,3,0.5168827840724514,0.03952099994319476,1,-0.03516805946813613,-0.0059864498594638755,0.05803729340005139,0.33561520097046965,0.21255411869849838,3.6845482642909015
432,10,0.822120124089364,0.04620647041887299,0,-0.02362227536639423,-0.01444135566751111,0.36018375512326933,1.086349131114833,0.5901713944300777,31.288664775211515
432,30,1.3566608320602065,0.0671812092980585,0,-0.022426411742038244,-0.045005399484991944,0.9240926432872371,1.975074499650745,0.6290924523423933,51.80638609865611
432,100,1.3566608320602065,0.0671812092980585,0,-0.022426411742038244,-0.045005399484991944,0.9240926432872371,1.975074499650745,0.6290924523423933,51.80638609865611
433,1,0.47114726419105646,0.04265047626595606,1,-0.032679424588352296,0.0031924714199378377,0.0006342173594708384,0.11589922785704515,0.0830218077691416,0.5222433244560977
433,3,0.49937503426051943,0.0417957578686637,1,-0.03074604476263998,0.011784076047673668,0.01833700297548565,0.19069865036323808,0.1883125163732205,2.2569980947812294
433,10,0.6667488367084224,0.039861671792527364,0,-0.021550287700222513,0.02879159790812867,0.15950752650051622,0.722499813733857,0.544936889256612,21.84099843466961
433,30,1.2703314067827474,0.06257801872368195,0,-0.019981992816348312,0.06053111274786183,0.7297822868512339,1.8005904050519552,0.6060429978357464,46.12255718557129
433,100,1.3114223521791872,0.06347429867627802,0,-0.019981992816348312,0.06106947075092998,0.7703348742446057,1.8512400686145127,0.6060429978357464,47.09324594992191
434,1,0.43082176640800074,0.042820658012801355,1,-0.06855904468642558,-0.005162889669809948,0.004543700764236205,0.13355948535711362,0.08827250077028757,0.6192265914202737
434,3,0.482963813224568,0.04261966736424669,1,-0.06546263551165059,0.009073314080516917,0.039353134655701665,0.29006902280867247,0.20393017299331442,3.1857209354947438
434,10,0.7471863172397014,0.04334433583912456,0,-0.04462164035890186,0.025481641011421783,0.2663263165871813,0.9642564211288898,0.5896318206594592,28.973482140660753
434,30,1.335766602137267,0.06579232093364283,0,-0.0421833730176483,0.03742116445677539,0.8405288106981399,1.9577963678692483,0.633897851852199,51.952091975747315
434,100,1.335766602137267,0.06579232093364283,0,-0.0421833730176483,0.03742116445677539,0.8405288106981399,1.9577963678692483,0.633897851852199,51.952091975747315
435,1,0.5064523516755579,0.039025271072249845,1,0.009499529079027336,-0.00518773542621459,0.002140558022745034,0.1434573682350969,0.08395247879608925,0.6037300456371373
435,3,0.5408053926324508,0.03832916331275834,1,0.008990179885101429,0.013029486090463307,0.01878572665688608,0.20963421523666448,0.2070000360582942,2.7272527687080053
435,10,0.6858254570712677,0.0379219041263035,0,0.006169084810410763,0.026586755228190137,0.15306961703266675,0.7070440550646024,0.5825545822804694,23.756977603542218
435,30,1.2361345384650335,0.06337620539455552,0,0.005975306389661491,0.04421350341879046,0.6859457286565814,1.7549434503125634,0.6094082355470344,45.56384808459967
435,100,1.3141442845072993,0.06621770414011112,0,0.005975306389661491,0.04074055989885194,0.7674284182187859,1.8784173553803751,0.6094082355470344,47.943335995204926
436,1,0.5180916621085564,0.04099304767219882,1,0.023117900556452697,0.003652262732098416,-0.008678501179994714,0.16454924378200017,0.09475244669061879,0.7769548484868318
436,3,0.526726126156612,0.04042061087431128,1,0.022298551741978707,0.011178244866747055,-0.006750670452113906,0.17166196361839411,0.20122112058568772,2.372718657696792
436,10,0.6052214114382136,0.037484406737215856,0,0.016103372746811454,0.020772587418220752,0.06834545127318152,0.5525203930880273,0.5442471127442614,18.876032168824946
436,30,1.0207009531261584,0.058106485339151207,0,0.015342547386034284,-0.016507489681455552,0.5218658954215797,1.4006521887134162,0.585991211207311,36.81383158791219
436,100,1.301646057446781,0.07623398178118283,0,0.015342547386034284,-0.048144789214941655,0.8344482992756885,1.9049149572791537,0.585991211207311,46.158158123199875
437,1,0.48036271461787505,0.040703696860480115,1,-0.021498204184255982,-0.00851188711832684,0.010372805920457797,0.16425139873674036,0.09655516813222864,0.7963317779211636
437,3,0.5130238997430139,0.041466566922112945,1,-0.020889206195661834,-0.022087649409815526,0.05600075534849118,0.3264599886162396,0.17831911191373906,2.8464218070695604
437,10,0.7591596263627729,0.04508560587131755,0,-0.015410243514504074,-0.05117217775220501,0.325742047629482,0.9838131211048434,0.5038933127951507,23.7058665937833
437,30,1.295541004212897,0.06729650413023065,0,-0.013510422006643553,-0.10079861956825463,0.9098500457877953,1.9586338833799148,0.6116712311282082,49.71675047922899
437,100,1.295541004212897,0.06729650413023065,0,-0.013510422006643553,-0.10079861956825463,0.9098500457877953,1.9586338833799148,0.6116712311282082,49.71675047922899
438,1,0.4886406354469911,0.04424766793706412,1,-0.017267151200515356,0.018171533014586676,-0.012263746367080181,0.13325662739004526,0.12146113403379859,0.9783552074122194
438,3,0.5286977606586825,0.044895776229832686,1,-0.01696848493344925,0.018313747539896095,0.02735249805223554,0.31474485275204417,0.12474357833225234,1.7336668509419724
438,10,0.8133387961033961,0.05219808169122702,0,-0.013699693174301386,0.03525283562259506,0.29178565365510245,0.9808924244190685,0.38126665486561806,16.423157336729545
438,30,1.4177596474956713,0.06490859648396166,0,-0.01001744014086143,0.045336036263490524,0.8824410513730423,1.9331604962013962,0.6266358844580582,50.72483954307995
438,100,1.4177596474956713,0.06490859648396166,0,-0.01001744014086143,0.045336036263490524,0.8824410513730423,1.9331604962013962,0.6266358844580582,50.72483954307995
439,1,0.49287331133978857,0.03925252116278512,1,-0.014527551455655745,-0.0006088524445506146,0.008009715239994926,0.16309808436580633,0.08123151637162256,0.627625594436817
439,3,0.5364924575743352,0.03901144446666436,1,-0.01372830625703645,-0.00039630962174447526,0.05061707345311611,0.32774761086320786,0.21389860502843705,3.6637317291102613
439,10,0.7459502457831745,0.04809354376328171,0,-0.009504666624871585,-0.01128642556114669,0.2667413379691928,0.9690788796926645,0.5798149137790889,28.399521415427248
439,30,1.2236495341329388,0.07461470320968562,0,-0.009236916380978446,-0.022975705477581092,0.7558621559914983,1.8266835180774192,0.6030730374983144,46.33750808189553
439,100,1.2488917177672907,0.07497418549362138,0,-0.009236916380978446,-0.021073434531814324,0.7792020686800833,1.8626817352627671,0.6030730374983144,47.024024463930616
440,1,0.563589585667594,0.0440088716568933,1,0.07204296611563119,-0.00948437100835053,0.001030990560313089,0.15784366895380686,0.06587081131209775,0.46600127822408766
440,3,0.5980219515041802,0.043566461989295945,0,0.06909902322494696,0.015310889959698907,0.013612038319534362,0.18197757427205616,0.1620124914496283,1.7623590832477383
440,10,0.7729982315517339,0.04583657527272967,0,0.045822670850594334,0.050210895209991016,0.1769646654911484,0.700497349891359,0.5437765568466632,21.39619140035037
440,30,1.4145345288411786,0.0964738369370293,0,0.04046653111275822,0.0805758745480661,0.7934921231803541,1.8461405505614403,0.6361733599154775,49.93811899202245
440,100,1.5223599619379098,0.1007222530180327,0,0.04046653111275822,0.08331698822609397,0.8985764425990577,2.0009781406140315,0.6361733599154775,53.053074745140194
441,1,0.5082256753366108,0.0411940848338126,1,0.01635530261137874,-0.012583948561281163,0.004454321286513281,0.1559394520889324,0.05537498785441785,0.37003501282373374
441,3,0.5532743895800449,0.04059910768058467,1,0.015557049569764161,-0.0032661562924695873,0.04098349630275025,0.2763132070189139,0.17371373527713754,2.472137791892486
441,10,0.7768433192917856,0.04226946285405885,0,0.010513586382606277,0.0037161665007666204,0.2626135664084128,0.9051008799609894,0.5589754683533993,25.879535273338213
441,30,1.3433246035283746,0.07086688094525677,0,0.0096797230966547,0.026679640004757317,0.8069652404269624,1.9287939389513864,0.6217638884916704,50.14881433686065
441,100,1.3433246035283746,0.07086688094525677,0,0.0096797230966547,0.026679640004757317,0.8069652404269624,1.9287939389513864,0.6217638884916704,50.14881433686065
442,1,0.5273031892181427,0.04036836313424602,1,0.018709041880245258,-0.0011372707331905954,0.009731418071087966,0.16677072356708098,0.0890118100532744,0.7199768250694359
442,3,0.5677537351819123,0.04019581269136523,1,0.017909738950821565,0.0023880863803655045,0.04745590985072536,0.33662255887664166,0.18821837534098418,3.123846751193441
442,10,0.823950375588336,0.04867287511759968,0,0.012949410237933383,0.020688969153899773,0.2903119961965027,1.029649570804578,0.5087048687300424,24.746985474452874
442,30,1.3828236379969012,0.07239069175970181,0,0.011528134313253348,0.0468090128029408,0.8244864908807072,1.9565656958531035,0.5937716015588752,47.886935441305056
442,100,1.3828236379969012,0.07239069175970181,0,0.011528134313253348,0.0468090128029408,0.8244864908807072,1.9565656958531035,0.5937716015588752,47.886935441305056
443,1,0.513764009660637,0.042274570687585104,1,0.015583960250870546,-0.004783116429408673,0.0029631658391751,0.12166086317105693,0.09900984757320411,0.6909125567897331
443,3,0.5484001965389903,0.04258171218836108,1,0.015173760285638495,-0.0006779905530598138,0.03390442680641151,0.2493968669595378,0.16881173794443743,2.232521271183997
443,10,0.745003826491819,0.04788524569885797,0,0.011184758922271764,-0.008600229970092882,0.24241929753964006,0.8496578869338648,0.48556185636134624,20.502050954318214
443,30,1.2362679060493706,0.06820032111993345,0,0.01026748135488119,-0.03282971691544965,0.7588301416099391,1.7350946607741435,0.5645271692980438,41.05265703067689
443,100,1.28470211702129,0.06918713435494901,0,0.01026748135488119,-0.030105833047430666,0.8045404687138396,1.7938223474477197,0.5645271692980438,42.1010587929526
444,1,0.429985771653452,0.041647265067999116,1,-0.06674154315765894,-0.004212515882805477,0.0009398306939164347,0.18821556836967568,0.06335574909078143,0.5040192854732869
444,3,0.4844914505824698,0.04171845197909909,1,-0.06306588459553981,-0.0073109526548778975,0.054868287832887504,0.3997653803461764,0.16458764842037696,2.9372986140204578
444,10,0.8356665819696623,0.047032903194172776,0,-0.04292132337937918,-0.0009365250357225829,0.37952443038476397,1.1504360606203827,0.5394207068449524,28.825543798843427
444,30,1.348266733606054,0.06258872460283382,0,-0.03917985436613556,0.03074044564626055,0.8567061423259292,1.9368873332652154,0.6056068621119052,48.691231355000156
444,100,1.348266733606054,0.06258872460283382,0,-0.03917985436613556,0.03074044564626055,0.8567061423259292,1.9368873332652154,0.6056068621119052,48.691231355000156
445,1,0.480596215069563,0.041464845498180386,1,-0.019141789076009427,-0.0170014408652818,0.01673944501085429,0.17486884999200886,0.1108507367786582,1.0015637495897745
445,3,0.5204810876738261,0.040725778319683256,1,-0.01779492796386941,-0.028416464148777083,0.0666924797864726,0.35139750458346636,0.2572027036379421,4.95002766394732
445,10,0.7804013239351971,0.047672249803774505,0,-0.012832200166831086,-0.040043260044764106,0.3332767841467924,1.0965566036752,0.5809526136172002,30.818083321028563
445,30,1.2125687675089505,0.06287397215446876,0,-0.012832200166831086,-0.060110323929886994,0.7855112916056685,1.8255213807728041,0.5809526136172002,44.21013923768654
445,100,1.2125687675089505,0.06287397215446876,0,-0.012832200166831086,-0.060110323929886994,0.7855112916056685,1.8255213807728041,0.5809526136172002,44.21013923768654
446,1,0.41241710629890055,0.04091901717272822,0,-0.08984219712692605,0.002937126167383769,-0.0006778227415572596,0.11715660399214183,0.07223734347374937,0.4326411879409206
446,3,0.4554549116896213,0.0419547749144297,1,-0.08534715788396705,0.01629618789345678,0.024505881680131618,0.261474559508586,0.1567527824389796,2.07313546081367
446,10,0.677123380498502,0.047962682593713855,0,-0.0620442761457077,0.02533223037996805,0.21383542626424157,0.8729665794112554,0.49380350347704755,21.342713319548352
446,30,1.202265842792321,0.06543759232915684,0,-0.05579701069305756,0.03387850672267401,0.7241843467627042,1.831671910262253,0.5806058512051299,44.290310135682375
446,100,1.228528153928119,0.06552547096121,0,-0.05579701069305756,0.03835227645694193,0.7459728881642345,1.8620237354569227,0.5806058512051299,44.84758084991314
447,1,0.5578493423575076,0.038298381918243994,1,0.044281224900756345,0.008416771688178533,0.005151345768572737,0.13698240322225252,0.08774780890545907,0.6235879903099882
447,3,0.6049637733808395,0.038335527009306335,0,0.0418354222753984,0.012778382972585569,0.05034996813285572,0.3194207530581054,0.21570279825787197,3.6501427084173304
447,10,0.8661008529765556,0.0460043877791447,0,0.029543731698166122,0.022460523872876774,0.31409659740551266,1.0380186140171936,0.5763368729087082,29.42222957892787
447,30,1.2820085609176455,0.06571699960885488,0,0.029543731698166122,0.020011811996800903,0.7324530172226785,1.760863174041661,0.5763368729087082,42.59634071315983
447,100,1.2820085609176455,0.06571699960885488,0,0.029543731698166122,0.020011811996800903,0.7324530172226785,1.760863174041661,0.5763368729087082,42.59634071315983
448,1,0.5800126669086618,0.0404633709492101,0,0.06660826151056724,0.011005367162438062,0.002399038235656511,0.16703853970948293,0.10825933605861682,0.9424714858028982
448,3,0.6025659250136094,0.04066315404518562,0,0.0625857505374837,0.004070615567989479,0.03590955890813612,0.2795457238389536,0.23396475427588148,3.7992664067275683
448,10,0.7763269690763487,0.041874135093782044,0,0.04263545879390314,-0.01394432802227966,0.24763583830472527,0.8844403781732731,0.6040898777056559,28.435392361693868
448,30,1.30928081659901,0.06055800537081761,0,0.04157711807818619,-0.05629787212918968,0.8240015706500136,1.8604440923248793,0.6254478397590805,49.16695830920971
448,100,1.3283480781153774,0.06139969839521572,0,0.04157711807818619,-0.057960148847030976,0.8447311088842223,1.889913095487273,0.6254478397590805,49.74980796216496
449,1,0.532972503459894,0.04181424701950119,1,0.019017207160494938,0.009776696779199462,0.004178599520199779,0.12649361137474666,0.0922340297215159,0.6379620614565372
449,3,0.5792211291412382,0.042338422884662906,1,0.01825850383691907,0.00849393015126659,0.0524686951530526,0.30892810021828315,0.18915978451247034,2.9794409937717083
449,10,0.859622686206211,0.047973096338229305,0,0.013119045453183382,0.030422748917107608,0.31608089183592003,0.9547820187792664,0.5258182850521428,24.61917631125597
449,30,1.4450998116997538,0.06889109848009276,0,0.01178177368347126,0.02907014165837433,0.9042478963579085,1.9095890652112681,0.6054297748241318,48.150967550395464
449,100,1.4450998116997538,0.06889109848009276,0,0.01178177368347126,0.02907014165837433,0.9042478963579085,1.9095890652112681,0.6054297748241318,48.150967550395464
450,1,0.5411789173753506,0.03947359227567142,1,0.032478605062423636,0.009611111251741999,-0.0009107989388150175,0.09421550172036022,0.06407063490972639,0.3207021761257154
450,3,0.579321419099704,0.04066128376474808,1,0.03167478316747239,0.018208928256264252,0.029437707675967366,0.271164211637074,0.10116107006234117,1.1910663121836662
450,10,0.85993289182173,0.047875157577247356,0,0.023650290002763617,0.036465798656350835,0.2998168031626158,0.9525212318583729,0.413634274728831,17.86967505262988
450,30,1.385775539796375,0.07014486704812066,0,0.018699104246130492,0.04523380161071266,0.8218426339395316,1.936106216025268,0.6020493183098732,48.32260077786902
450,100,1.385775539796375,0.07014486704812066,0,0.018699104246130492,0.04523380161071266,0.8218426339395316,1.936106216025268,0.6020493183098732,48.32260077786902
451,1,0.5803618056542313,0.04196768004336338,1,0.07159068313980944,0.006833085639698108,0.0019380368747236717,0.11629010144885765,0.07017121207852836,0.4137592514654291
451,3,0.6145014729752458,0.04210768555906443,0,0.0679473567273173,0.008217752222792718,0.03833636402513575,0.3005738043775921,0.155668139934469,2.245923428095257
451,10,0.8669647865060871,0.04901283410599713,0,0.04531453730809383,0.0180615183943649,0.30358873080362825,1.0124388684726993,0.5404294484309333,26.53833275176149
451,30,1.4869443185421862,0.08286678077632703,0,0.04092956460332921,0.047586896107921016,0.898427857830936,2.0527133238071484,0.6203313454195005,52.43604686944219
451,100,1.4869443185421862,0.08286678077632703,0,0.04092956460332921,0.047586896107921016,0.898427857830936,2.0527133238071484,0.6203313454195005,52.43604686944219
452,1,0.5776088944494006,0.04246393596561636,1,0.07325350092220094,-0.0003135173205781092,0.004668910847777625,0.1685167279942518,0.08535170070645572,0.6852055535226858
452,3,0.6034746473101279,0.04275930009497418,0,0.06991663586170482,-0.00191846102302368,0.03547647247144686,0.28258268313787405,0.1715166993830463,2.4629597920165094
452,10,0.7217613503155521,0.04534124920495805,0,0.05000194026232617,-0.010648704081688396,0.18240811413491442,0.7725200246628959,0.5062021471519945,20.46916743386453
452,30,1.200231613652318,0.06602342462297618,0,0.047417659520622754,0.0034484996040009684,0.649365454527694,1.6647618768585641,0.5491778120831571,38.448443973523204
452,100,1.2640075687144656,0.06822335893047195,0,0.047417659520622754,0.005469189918710508,0.7111207192751325,1.7743775967256055,0.5491778120831571,40.35208836138814
453,1,0.5595393184307781,0.040923967262745296,1,0.04306673644017673,0.015647404820296133,0.0008251771703052376,0.12213058728420909,0.0700812430839787,0.4259728415793886
453,3,0.5880759796446092,0.04147115490760713,0,0.040934544746958394,0.008898469613392471,0.03824296528425825,0.28962671468599577,0.18068697624175126,2.687289600442844
453,10,0.8088431987003979,0.05249947809249776,0,0.027951300100070044,0.00905701077000771,0.27183488783031995,0.930966902175724,0.5458090100181061,25.489146914764643
453,30,1.3564262033100705,0.08525838839402912,0,0.02557854011618368,0.008707639107189562,0.8221400240866972,1.8759249170091619,0.6123654764980478,48.184988676940655
453,100,1.4271592280528427,0.08727471279477649,0,0.02557854011618368,0.00871367313852591,0.8928670147981331,2.001544522331326,0.6123654764980478,50.61757422878963
454,1,0.5370092810670755,0.03982664031869079,1,0.034676581355748186,0.0025671093636769602,-0.0002344096523496465,0.12509723179491827,0.09469527500646531,0.6581747117933087
454,3,0.5607988033430453,0.03934209808644416,1,0.03284173879972825,0.009335233017527233,0.018621831525789875,0.22256264788551827,0.22103690862408631,3.100672527050575
454,10,0.7242535531192926,0.04128537351580853,0,0.024359262980270868,0.019173695030596852,0.18072059510842478,0.7740877441765366,0.5316371605826582,21.951642311867012
454,30,1.2539012459180312,0.06279862238828053,0,0.02274035530987692,0.020301497211249096,0.7108593933969054,1.7707189227588045,0.5810119735557794,43.20884995491141
454,100,1.3186154685556573,0.0647233468086404,0,0.02274035530987692,0.021854964038229067,0.7740201492075512,1.862780488843111,0.5810119735557794,44.90031661114522
455,1,0.4362194816188694,0.0396300010784818,1,-0.06560633296308123,0.0024978782055783606,-0.0006720636236275704,0.08137367556372255,0.04380519003858709,0.17340298942098437
455,3,0.4712236194760231,0.03853492362299299,1,-0.061034930491600685,0.013724476654820498,0.018534073312803226,0.19722879380151,0.18737508557291704,2.2789012399885826
455,10,0.6670048313844302,0.03982230603725803,0,-0.03929240733139602,0.02681886187109884,0.17947837684472742,0.7505779719203686,0.5897658121044633,24.997455164720854
455,30,1.376928244117635,0.08189282194356691,0,-0.03724815570999476,0.05443703628778884,0.8597393635398408,1.9718945118377846,0.6300969026442459,51.84575509048595
455,100,1.4074089608138287,0.08362931524856296,0,-0.03724815570999476,0.05650084911898164,0.8881562674048417,2.015637247030931,0.6300969026442459,52.71734718075552
456,1,0.4575792611887207,0.039634225030505,1,-0.03631211436869735,-0.010884591820382818,0.0047759673778007845,0.1760230462738503,0.10254559532943146,0.9033358314209046
456,3,0.49862586522025104,0.039345580561595025,1,-0.0347045487066721,-0.002980019461713689,0.0363104333886368,0.27645948539464876,0.1879822465892793,2.7608834381578617
456,10,0.6898770440043197,0.04150930468252096,0,-0.0252710030810707,0.007814701319456165,0.20733334576593448,0.8191489057223237,0.5248618175076845,22.307336254171897
456,30,1.3067009563613237,0.06660834187425502,0,-0.02341773439198529,0.046782542768838496,0.7833361479844705,1.9054304129259036,0.5927212276598627,46.82408271542017
456,100,1.3067009563613237,0.06660834187425502,0,-0.02341773439198529,0.046782542768838496,0.7833361479844705,1.9054304129259036,0.5927212276598627,46.82408271542017
457,1,0.4680241175873935,0.042200123618410385,1,-0.024570043428669263,-0.016673520635007707,0.009267681651070269,0.15100371734688262,0.07849068470051111,0.5696265378124696
457,3,0.498915594863968,0.04167609263210841,1,-0.02385410217912707,-0.011893045753693767,0.03466274279678897,0.23392636656835913,0.16980095119519237,2.167845140331053
457,10,0.6707336275221023,0.04066334289268828,0,-0.017378990757130328,-0.02178777072369374,0.20990038900292646,0.7000372687138268,0.4971807650762489,18.82294478755981
457,30,1.2492996404675276,0.06578503346495766,0,-0.014726166651559422,-0.044408676252179105,0.8084344833712661,1.7855487571099955,0.6253328277454627,47.674605484733185
457,100,1.3673309043421338,0.06907162048278848,0,-0.014726166651559422,-0.05378740128501986,0.9358444722787129,1.9538633811160548,0.6253328277454627,51.00298683170887
458,1,0.5006409866623437,0.039527117894365096,1,-0.01302749980040551,0.013154284827191805,0.0005142016355574522,0.1326628387255005,0.0757814514696869,0.49952004722820065
458,3,0.557762338628754,0.04010036073752372,1,-0.012518019972415318,0.02252763979041516,0.04775271881075427,0.344758114243735,0.16349526582007126,2.6277585464477244
458,10,0.8680773071420086,0.04658214883863128,0,-0.008849475501678401,0.03999084466267505,0.33693593798101196,1.0893030076470611,0.5205739460320012,26.50178410829564
458,30,1.3621191483144544,0.06942375738838123,0,-0.008089339446021061,0.06029586048019557,0.8099126272802798,1.9527352621405216,0.5934461051045061,47.78269265579834
458,100,1.3621191483144544,0.06942375738838123,0,-0.008089339446021061,0.06029586048019557,0.8099126272802798,1.9527352621405216,0.5934461051045061,47.78269265579834
459,1,0.5156772040967269,0.04535926631469576,1,0.009316776413103156,-0.0080941632878272,0.01445459097145085,0.15990234004046336,0.11683854747912292,1.0224909638121444
459,3,0.5675396591325619,0.04518563957585759,1,0.008748122548778688,-0.015591271867929522,0.07438280845171268,0.3597801989652534,0.2525635538220379,4.890643105528148
459,10,0.8370590683089938,0.04878046340613668,0,0.006118769837305868,-0.031137507044433754,0.3620778055161217,1.0813677404528685,0.5978457496467033,31.74644214360295
459,30,1.3082892306207956,0.07234802213419926,0,0.006022441273538402,-0.06312924540114757,0.8653960347484048,1.9205979613696378,0.6097735865359384,48.792481238118754
459,100,1.3082892306207956,0.07234802213419926,0,0.006022441273538402,-0.06312924540114757,0.8653960347484048,1.9205979613696378,0.6097735865359384,48.792481238118754
460,1,0.50143466808162,0.039563173231223825,1,0.006586354192665354,-0.00019870119739644096,-0.004952984913648913,0.11754672826665599,0.0782554789751322,0.48454301483691864
460,3,0.5361481583724219,0.0387681475091089,1,0.006261882286218107,0.018081821801674003,0.011804454284529848,0.21625112480971256,0.14601827735379408,1.6727801833532692
460,10,0.7435968905726991,0.03794752933805891,0,0.004262603136597232,0.05406178383286214,0.18527250360323969,0.7682506156825203,0.5250532567985843,21.47355429378291
460,30,1.3997879784711624,0.06485471422779271,0,0.003725869192631064,0.10245729841621125,0.79360481086232,1.9430665774103988,0.628827064238375,51.1427680302187
460,100,1.4764697904397217,0.06700497837132449,0,0.003725869192631064,0.11136583832336543,0.8613780829237251,2.0463296805952966,0.628827064238375,53.1961814555422
461,1,0.5714075315238449,0.038796167641847304,1,0.06791733308909684,-0.00315880479261636,0.0066490032273643735,0.1607342793558373,0.08414898631206738,0.6516403929453065
461,3,0.5966162837294643,0.03812312595552064,0,0.06436588874533042,-0.009265186801043502,0.041515581785177384,0.3205270116542185,0.20105893073025746,3.3162651458687065
461,10,0.791145071510541,0.039429168655289004,0,0.043742162109796444,-0.014071261852272992,0.26147417125301753,0.9548421103059117,0.5933799916744774,29.051339468225212
461,30,1.3129506404664337,0.05874216168398476,0,0.043009882647559124,-0.03341740071721456,0.8033581585360893,1.8779996922165851,0.6064863704390488,47.64941907302937
461,100,1.3129506404664337,0.05874216168398476,0,0.043009882647559124,-0.03341740071721456,0.8033581585360893,1.8779996922165851,0.6064863704390488,47.64941907302937
462,1,0.5391372195706103,0.042887205421292804,1,0.03918671083248866,-0.009503533554499066,0.009454042292620809,0.17109033284855277,0.06674789039353225,0.5020178922400461
462,3,0.5777100978573574,0.043328375061147166,1,0.03729316347690799,-0.005161516599260551,0.04557845097970993,0.3234290393144752,0.1558929093186994,2.3629453546705657
462,10,0.7768999942281861,0.04688115005461034,0,0.0261702872739445,-0.020893383641979204,0.27162309059622086,0.9469481805874178,0.5044093506613381,23.150348849368502
462,30,1.3416314263348645,0.06709908521833488,0,0.02326238801789021,-0.016891615383309046,0.8352606537002835,1.9703658601264118,0.5943887671497574,48.207700422711966
462,100,1.3416314263348645,0.06709908521833488,0,0.02326238801789021,-0.016891615383309046,0.8352606537002835,1.9703658601264118,0.5943887671497574,48.207700422711966
463,1,0.503937308905278,0.04282306652764993,1,0.017483392041724194,-0.023055499282294438,0.009509416145848187,0.17365285442384232,0.1128599379621267,1.0225482847801035
463,3,0.5270476856642005,0.041378367622224764,1,0.016243465924755562,-0.02454611311134438,0.03535033285078944,0.26106289510770936,0.24732415456887646,3.976134001096286
463,10,0.6521167006869917,0.04087605667181978,0,0.01124907563281952,-0.048801344218843135,0.18966896927301516,0.7303715602679941,0.5786431460042167,23.952747645910584
463,30,1.2449503093598542,0.0703296891845769,0,0.011051060937206175,-0.10486920316703933,0.8387684515896875,1.7568109835066894,0.5908333873327906,43.862899622862074
463,100,1.380371750231764,0.07523869803016146,0,0.011051060937206175,-0.11137640317134756,0.9806970924659055,1.9468162374008542,0.5908333873327906,47.41291830665276
464,1,0.5281388800568065,0.04205419808861631,1,0.01265939792497688,0.015598497117163062,-0.00011901498533331667,0.10065397369323785,0.06529398652711578,0.3426455562492628
464,3,0.549302268070426,0.04254747797872496,1,0.01207327609478428,0.006650220713113697,0.0305787712625281,0.25612519257496935,0.16667015659149503,2.2283738059857248
464,10,0.7808957753817509,0.04595950899328639,0,0.008441245655686842,0.00044018634385660195,0.2720143433822076,0.9091256993722813,0.5231866501969539,23.697055753382376
464,30,1.374791569890878,0.07100039538446756,0,0.007359946860224422,-0.006838765224635288,0.8742703882552888,2.0126613413589793,0.6319900348404937,52.854097425975844
464,100,1.374791569890878,0.07100039538446756,0,0.007359946860224422,-0.006838765224635288,0.8742703882552888,2.0126613413589793,0.6319900348404937,52.854097425975844
465,1,0.5112665082615547,0.047548012741133135,1,0.0013457864916671229,-0.013447654507052037,0.023368376276939603,0.222886257463078,0.1048123792387458,1.086143516701272
465,3,0.5647135742433337,0.047167112158607374,1,0.0012703047487619872,-0.040102650270829904,0.10354591976540162,0.4502408542868106,0.22740348073923797,4.873028147691009
465,10,0.9083848353109071,0.0515811176016266,0,0.0008500134313461298,-0.0873209690172974,0.4948557908968584,1.2456869819046401,0.597548669773084,34.830053844155515
465,30,1.4232612291394118,0.07061287749053165,0,0.0008108637446814374,-0.11467594705147628,1.0371263124462065,2.0273926355473426,0.6379136164437568,53.76615632313786
465,100,1.4232612291394118,0.07061287749053165,0,0.0008108637446814374,-0.11467594705147628,1.0371263124462065,2.0273926355473426,0.6379136164437568,53.76615632313786
466,1,0.43646575321765935,0.04115432198973934,1,-0.06240826094939294,-0.01000462692972146,0.008878641096773698,0.17287862481066663,0.11473538201910899,1.0435359096804873
466,3,0.46520025531642345,0.040859875636529715,1,-0.058601957879252,-0.021271783673179827,0.0450739968688552,0.3295795830628542,0.2511240996782641,4.611508070434612
466,10,0.6845584544401637,0.04553518932688417,0,-0.041453341889991384,-0.035627651875705726,0.2616394482058609,0.9648217624358366,0.5825020173250591,28.502216440973925
466,30,1.20348573615747,0.07258065721521162,0,-0.04016721116262562,-0.07294353145269997,0.8165964787727956,1.8523070667546195,0.6083606903783572,47.33845969241907
466,100,1.20348573615747,0.07258065721521162,0,-0.04016721116262562,-0.07294353145269997,0.8165964787727956,1.8523070667546195,0.6083606903783572,47.33845969241907
467,1,0.47657510451751467,0.03990720476261472,1,-0.021125750176805038,-0.005571352701575614,0.003272207395895315,0.11952267731360651,0.0683486690353556,0.40606037333698747
467,3,0.5135745568781728,0.038642588123147144,1,-0.0204040942011518,0.006087575645813226,0.02789107543351128,0.23864004482308326,0.14492150327807354,1.7577936577373476
467,10,0.7407865628182816,0.03885297011561869,0,-0.014612742924134458,0.02004914631645838,0.2353501594259576,0.8276985752260165,0.4950209881286525,20.705770195842437
467,30,1.362045526099662,0.06317800508063681,0,-0.012860687532029983,0.03783088581139422,0.8370753278202978,1.9386963991352435,0.601274280943647,48.29490665917876
467,100,1.362045526099662,0.06317800508063681,0,-0.012860687532029983,0.03783088581139422,0.8370753278202978,1.9386963991352435,0.601274280943647,48.29490665917876
468,1,0.5200469566684144,0.041169604716712105,1,0.010894420112586178,0.007229873296639241,0.0019226632591890743,0.109321354223845,0.08365280200932111,0.5104810715270746
468,3,0.5523753252938749,0.04214795633645597,1,0.010451293714453894,0.007158505301172697,0.034765526278248415,0.24053259392339787,0.1829479985781178,2.4499723035295555
468,10,0.7835021735728238,0.050513365438640656,0,0.0075685174051267476,0.020642075020174958,0.2552915811475221,0.8484320454760939,0.5161411308550679,22.272311860450476
468,30,1.3678996130399041,0.07650363622898809,0,0.006829847224451656,0.032879552645773934,0.8281902131696784,1.8578262510660577,0.595738989165213,46.2225216487932
468,100,1.3678996130399041,0.07650363622898809,0,0.006829847224451656,0.032879552645773934,0.8281902131696784,1.8578262510660577,0.595738989165213,46.2225216487932
469,1,0.4786177187585393,0.040124372282616706,1,-0.023149163921999394,-0.002948852786821854,0.004715735467360452,0.12665541945540013,0.10188720761310834,0.7363543810803269
469,3,0.5215656586099436,0.04029194459822331,1,-0.021875402016228035,0.0006368597677445187,0.042804200858427205,0.2873683649594124,0.22411750916183124,3.62501185532871
469,10,0.7399506845642388,0.04362805602854571,0,-0.015522155239401592,0.0067849513448362524,0.24868788845880418,0.9038163943486357,0.5610104657667613,25.98706651892309
469,30,1.2739440161270148,0.06484567003947206,0,-0.01492448500595189,-0.006268718918854878,0.7951372200518216,1.8548475993293818,0.5939894208561265,45.99796221921834
469,100,1.2739440161270148,0.06484567003947206,0,-0.01492448500595189,-0.006268718918854878,0.7951372200518216,1.8548475993293818,0.5939894208561265,45.99796221921834
470,1,0.48551498453467684,0.04195240892704008,1,-0.012187256794533115,-0.0027480005523930666,0.0004502418816029307,0.1292894573714814,0.09766465328109854,0.700931319434615
470,3,0.5164717040802763,0.04164781950610787,1,-0.011563479027157273,0.0037292132024396613,0.02430596990499397,0.24308126224994223,0.19462029671995149,2.6938054287418343
470,10,0.6859354432921796,0.04163568048615539,0,-0.007928629759674405,0.016891877324513895,0.17697219572734016,0.7791461824200692,0.5467691924611281,22.925554195547278
470,30,1.3289539673700388,0.06821904267292596,0,-0.007199822018437497,0.04987942618239235,0.7862743632060841,1.886279203506868,0.6231728876417804,49.45240975318213
470,100,1.3734345571766333,0.07050029047451614,0,-0.007199822018437497,0.049610044122332976,0.8310243350727379,1.9488288999788723,0.6231728876417804,50.685042657703875
471,1,0.4933879425682414,0.04726178632511227,1,-0.009810347345102052,0.0010331415430008975,0.0021651483703425834,0.15877749667921665,0.08425214165379037,0.6475006218717585
471,3,0.5414580465621325,0.04739210427367563,1,-0.009241251030944201,-0.003095061672020838,0.05379435926509748,0.34857758557069873,0.20590813728048504,3.610471141703327
471,10,0.8531668080360701,0.05427168637905804,0,-0.005995367227139736,-0.013383678402255138,0.372545853665465,1.0925770800024877,0.5883431962213933,31.273598152486304
471,30,1.436079315140017,0.08135934478355922,0,-0.005813920500359097,-0.04236486409687753,0.9842580997372535,2.025093062278872,0.6103281360316172,50.86434148029261
471,100,1.436079315140017,0.08135934478355922,0,-0.005813920500359097,-0.04236486409687753,0.9842580997372535,2.025093062278872,0.6103281360316172,50.86434148029261
472,1,0.4679415150010744,0.041667646709941386,1,-0.02882685961802535,-0.006942963462045812,0.003711338081145642,0.15047094714779766,0.1190814025262849,1.0150491292322568
472,3,0.5011025275655765,0.04175360404898242,1,-0.028247416836753202,-0.021690750000831573,0.0510406944031612,0.34064795053928426,0.20892452114708138,3.6309008196509285
472,10,0.7148527394979091,0.04847892200612464,0,-0.020655143142778366,-0.059384657464486124,0.2948925401051737,0.9811478356201071,0.5458100341358292,26.355336772390935
472,30,1.3046819265296756,0.07910716875679182,0,-0.01885528078765106,-0.12194525707873867,0.9454824643960655,2.0730084479275943,0.6228144705347038,53.09456360413386
472,100,1.3046819265296756,0.07910716875679182,0,-0.01885528078765106,-0.12194525707873867,0.9454824643960655,2.0730084479275943,0.6228144705347038,53.09456360413386
473,1,0.5240385165186942,0.0425255164867514,1,0.011062101736402702,0.007140935209073647,0.0058354795732179525,0.16434140634203784,0.09936061907280097,0.8285672325995163
473,3,0.5532086199690128,0.04201680594288734,1,0.010561265892073296,-0.001661164429639649,0.044308518506579186,0.3449461485197229,0.1635919822313483,2.6307860912302883
473,10,0.7721603642006741,0.04773794328704734,0,0.00775342408114352,-0.006255453076791212,0.2706623931963217,0.9852253662027926,0.4996727468877004,23.462933959340656
473,30,1.3051945840621155,0.06778781341791576,0,0.0069995009457003345,0.0020876189361457393,0.7961074641802695,1.8762970462219708,0.5882519228996121,45.8459321402167
473,100,1.3051945840621155,0.06778781341791576,0,0.0069995009457003345,0.0020876189361457393,0.7961074641802695,1.8762970462219708,0.5882519228996121,45.8459321402167
474,1,0.5761891487630362,0.0385122887504163,0,0.06809579591633248,0.005444672232826924,0.0026486806138768613,0.14545748305219022,0.0873613813882874,0.6431875944027493
474,3,0.6002933757050875,0.03849535895753838,0,0.06601283151276933,0.0008451705516057998,0.033435373640712335,0.2964511520539384,0.1333949795331066,1.8132283780035248
474,10,0.7781776988389004,0.04238414465248918,0,0.04992576006363605,0.003782699068820675,0.22446923970644372,0.8908019173968007,0.4476848857197893,18.949010045461677
474,30,1.27249195029624,0.056184142368276645,0,0.041562040951999495,0.012104584585680759,0.7188253247585596,1.762744207708575,0.5971940064129821,44.56727423812965
474,100,1.2916451567637084,0.056344838132030145,0,0.041562040951999495,0.012123290690089166,0.7379598251216196,1.7891815558199362,0.5971940064129821,45.06654177672768
475,1,0.4935942378029425,0.04015746946448251,1,-0.00796760856949986,-0.01162855382745391,0.01319040019989621,0.15690080221319755,0.1109043307034949,0.9392201513229806
475,3,0.540941675262125,0.040786937893811555,1,-0.007635469034361315,-0.01435077060203359,0.06292791489852004,0.32296859229463515,0.21268061689649034,3.6025364149971524
475,10,0.8035053704513565,0.047882871920689914,0,-0.005512720329996572,-0.022010366896957078,0.33102845767831013,1.0069934368778841,0.5413037903334894,26.50302243249958
475,30,1.3371372347929174,0.07373234755399129,0,-0.00518475876447345,-0.03490781048128405,0.8772298040386749,1.9023552845315355,0.589736189740259,46.47525260141066
475,100,1.3371372347929174,0.07373234755399129,0,-0.00518475876447345,-0.03490781048128405,0.8772298040386749,1.9023552845315355,0.589736189740259,46.47525260141066
476,1,0.4519148072221573,0.04147941750677895,1,-0.05868993991195455,0.012645555957011174,-0.002040808822899276,0.1105345670693349,0.07756080209001161,0.4613392392823262
476,3,0.4848349954609907,0.04060739923391021,1,-0.054497005468113535,0.015585310121782365,0.023746690807321846,0.21961053582373344,0.21247058431773072,2.90311408215268
476,10,0.6777414193512988,0.03790718287429461,0,-0.036503651667964286,0.0338195783110229,0.1804254927082403,0.7594093868900883,0.5787372560577009,24.489795001150906
476,30,1.3071617569649394,0.06549017723944182,0,-0.036503651667964286,0.06725439155327315,0.7764110170796304,1.840871103294979,0.578737256057701,44.2819275569712
476,100,1.3071617569649394,0.06549017723944182,0,-0.036503651667964286,0.06725439155327315,0.7764110170796304,1.840871103294979,0.578737256057701,44.2819275569712
477,1,0.42099312172119063,0.043948440659060894,1,-0.0668432697698416,-0.009146000689507492,-0.003017607819460246,0.16964595146275324,0.07250552914012395,0.5552112470807263
477,3,0.44763496371503086,0.04433275951523768,1,-0.0639756417747091,0.006491329886753113,0.005119275602986849,0.2378372090823599,0.16663218975615937,2.1312999319051316
477,10,0.6113352567050646,0.050561157366347705,0,-0.04604285635389719,0.02375665340895199,0.13362145965000985,0.7515929323917058,0.49975011621081467,19.77558270216559
477,30,1.0398182819470165,0.0673149668308419,0,-0.03976864495342453,0.044162156461490056,0.5354247704389512,1.5518665907620834,0.6216969868090866,42.73179246195678
477,100,1.315927570131055,0.07531042904798486,0,-0.03976864495342453,0.041079793361973996,0.8146164217225057,1.9685705540403047,0.6216969868090866,50.924102758570015
478,1,0.4852320844047911,0.0430523386718312,1,-0.029567338271842523,0.02187622937977544,-0.007076806703141921,0.13719155531565777,0.10771472530121178,0.8342092496641472
478,3,0.5328305119967802,0.04424593702439687,1,-0.028000892400577727,0.025548779669206968,0.035282624728151045,0.32170617783521954,0.21233439642167032,3.585870539700839
478,10,0.8215745196910852,0.049640075645391864,0,-0.019859926207698105,0.02459339188441045,0.31684105401437296,1.0254407141346382,0.5132240210234085,24.97186481539648
478,30,1.3343062317609204,0.06596655927456585,0,-0.018248759199751715,0.039888378612128995,0.812666612348543,1.8572681535650353,0.5745312714392832,44.18159838180232
478,100,1.3343062317609204,0.06596655927456585,0,-0.018248759199751715,0.039888378612128995,0.812666612348543,1.8572681535650353,0.5745312714392832,44.18159838180232
479,1,0.548371433526058,0.0390101165775802,1,0.03927548829206691,0.003433744043447487,0.005662201190543576,0.15884541979180186,0.08932012818345578,0.7009561125852336
479,3,0.5787472467076429,0.039307505503195096,0,0.03775064260462097,-0.0031347178328159477,0.044131321935837894,0.32106713369618123,0.2014076991815765,3.327679137593021
479,10,0.8021826125149436,0.046026045803553677,0,0.02689357320104527,-0.025102348510939607,0.3003913878248377,1.0107970833886084,0.5700896690990696,28.499939045858955
479,30,1.2716473946156832,0.06982876857438582,0,0.025506948580970416,-0.04127133339015698,0.7874117794248702,1.9317967780179806,0.6183065216439488,49.861070737310534
479,100,1.2716473946156832,0.06982876857438582,0,0.025506948580970416,-0.04127133339015698,0.7874117794248702,1.9317967780179806,0.6183065216439488,49.861070737310534
480,1,0.48615647881039586,0.040135784107367345,1,-0.015332135826421681,-0.002781507588856699,0.0042701222256743485,0.14745892525623916,0.0749758937298961,0.5273809305298369
480,3,0.5301274820860843,0.03911932232314376,1,-0.01424920511975295,-0.004339632094153684,0.04871631929999088,0.32627384548514,0.21764111127579913,3.7434491322522208
480,10,0.7857753821780415,0.04146476791678,0,-0.009290731204812578,-0.01428043014117482,0.30934654352402885,1.0252413364076518,0.6108146429135409,31.601492853806757
480,30,1.2853079435075234,0.06770538577608923,0,-0.009290731204812578,-0.03484388857942183,0.8294425632917583,1.945332140783929,0.610814642913541,49.37364939787203
480,100,1.2853079435075234,0.06770538577608923,0,-0.009290731204812578,-0.03484388857942183,0.8294425632917583,1.945332140783929,0.610814642913541,49.37364939787203
481,1,0.5272585039502627,0.041954671969054995,1,0.009936792330837992,0.016501849943187687,0.0008198616762370958,0.14736642688683818,0.061851393714120094,0.4092118145410099
481,3,0.5631540241434534,0.04217846660142429,1,0.009511346894725433,0.009902183649664166,0.04374049359906383,0.3261935678013959,0.14606300070795847,2.181314195441237
481,10,0.8088065771941992,0.044354201390622044,0,0.006393668573342214,0.010498695579798809,0.2919142130410581,0.9925869825534034,0.5365450967548986,25.94485391898845
481,30,1.4833571102154601,0.07185684248832253,0,0.005674060833488416,0.04553399125455816,0.9321490581274136,2.098102862577331,0.6292910253596878,54.27494612248073
481,100,1.4833571102154601,0.07185684248832253,0,0.005674060833488416,0.04553399125455816,0.9321490581274136,2.098102862577331,0.6292910253596878,54.27494612248073
482,1,0.5340112413212449,0.041516769956959944,1,0.0312726899661856,-0.009025135799736144,0.011763687154795316,0.17816098118195609,0.10419559760352322,0.9303519685957236
482,3,0.5561383382831565,0.0407921198936909,1,0.030284363290487042,-0.0191935787348879,0.04504755372755723,0.27606492372794056,0.2008491656392456,3.0290761035164637
482,10,0.7316802580231742,0.04245088070581483,0,0.021895883246479352,-0.0340310762553737,0.24381545103206848,0.7905598859630661,0.5287351042874717,22.058707337511745
482,30,1.3565282232218916,0.07225986296074219,0,0.019994139017751083,-0.06757391385423701,0.9041079980583775,1.8270419546922858,0.5977884841237876,45.838344005500666
482,100,1.4200408709089651,0.07439875120001828,0,0.019994139017751083,-0.06888282491473066,0.9689295568059448,1.9210029872061694,0.5977884841237876,47.614558153318086
483,1,0.5386558538671954,0.04358427067689782,1,0.025711447235621535,0.014964217398813888,-0.0020198107672399746,0.09408325906412562,0.08240464588243875,0.4599034263449454
483,3,0.5776478862437451,0.045676980028389616,1,0.02477235617818314,0.017226028529425202,0.0356495015361367,0.2956694214757822,0.16613928050868346,2.426243794046309
483,10,0.8722618225494653,0.06450014135410574,0,0.018000906416250444,0.032727428045665655,0.32153348808754906,1.0327664413976747,0.5005085863147808,24.267866361591267
483,30,1.4164200633660065,0.08938163745144526,0,0.015581305274305852,0.02339169408715467,0.8774470640045459,1.9580340688611064,0.6135238311597881,49.89163585293872
483,100,1.4164200633660065,0.08938163745144526,0,0.015581305274305852,0.02339169408715467,0.8774470640045459,1.9580340688611064,0.6135238311597881,49.89163585293872
484,1,0.477099506577241,0.0364460508680392,1,-0.027351320660585546,-0.004307896048276654,0.008758723286103071,0.15960090279165834,0.09879307962264042,0.8072516085544404
484,3,0.49964019587897474,0.036051496013399895,1,-0.025378290302895318,-0.018947833174749396,0.043966319356619356,0.30038965548673585,0.25429370724410355,4.460471337862864
484,10,0.6610711921073684,0.04139262839150767,0,-0.018435519896983846,-0.03413130180809469,0.21363801381244704,0.8605705711561638,0.568062818624167,25.66357535270956
484,30,1.1493243991280158,0.06716117236323356,0,-0.01820558563094169,-0.05045201013990213,0.7179819948988596,1.8100304681567667,0.5786587853787818,43.71014093761237
484,100,1.1609188319525598,0.06732726910391715,0,-0.01820558563094169,-0.054044367446272785,0.7331687850297743,1.832059326587619,0.5786587853787818,44.11324255716463
485,1,0.49265052017739625,0.042662192955445474,1,-0.0007054905795049862,-0.01476439826089756,0.00812040901779879,0.145220100056611,0.08522142475301052,0.6210256396488122
485,3,0.5383259114031288,0.04167849336341285,1,-0.0006688859134320656,-0.0074576566064734305,0.04645245392303441,0.27659554564905947,0.19583033956689908,2.925591344724231
485,10,0.757785065840997,0.04282542786098215,0,-0.0004841365467806849,0.0005347350853629397,0.2577344673024146,0.8556222340431974,0.5207865878674841,22.66768863792307
485,30,1.3086372305067004,0.06623426608368325,0,-0.00044485192708230157,0.006241418997594965,0.802840663436188,1.914320546909514,0.5840518933784444,46.143296412403295
485,100,1.3086372305067004,0.06623426608368325,0,-0.00044485192708230157,0.006241418997594965,0.802840663436188,1.914320546909514,0.5840518933784444,46.143296412403295
486,1,0.47728976314436394,0.044717417428883785,1,-0.032165965766727,0.005410960102533734,0.004044768808557144,0.15110515616519452,0.06518189849785451,0.44581793120266694
486,3,0.5125119110767891,0.045979879019256924,1,-0.03151536051764101,0.006993684989763504,0.03703358660466649,0.3239198656225037,0.12169155690413666,1.7148129800419405
486,10,0.7628551797058819,0.05491650335480264,0,-0.02383341022400076,0.003206230411694653,0.28348235951818807,0.9862271829608036,0.439547668392762,19.81786797090194
486,30,1.2612884154126853,0.07968140048090232,0,-0.02016662771022951,0.014215972926801856,0.7672390701961126,1.872033977388188,0.5803387575354764,45.00575531130613
486,100,1.2612884154126853,0.07968140048090232,0,-0.02016662771022951,0.014215972926801856,0.7672390701961126,1.872033977388188,0.5803387575354764,45.00575531130613
487,1,0.5257043969457705,0.04249437045755671,1,0.017251121420314472,-0.009226039045908524,0.017679314571364756,0.1831768275025029,0.13862181072224936,1.4106386191367515
487,3,0.5749259965516097,0.04222757851731191,1,0.01607910490378171,-0.026167090197578548,0.08501398184540657,0.39457667310059824,0.27013581093624023,5.678269437768882
487,10,0.850373319067013,0.047660704594299094,0,0.01123236614978273,-0.04548515701509455,0.38462610993232477,1.1095114444203347,0.5867269417059031,31.47189676706036
487,30,1.3351910153909343,0.07171528454624972,0,0.010931531818927207,-0.07636901750073058,0.9006285010727373,1.899321974837739,0.6095950138532705,48.36461091770056
487,100,1.3351910153909343,0.07171528454624972,0,0.010931531818927207,-0.07636901750073058,0.9006285010727373,1.899321974837739,0.6095950138532705,48.36461091770056
488,1,0.48496121061895403,0.04144684246447442,1,-0.022737122706910418,0.004749151454596078,0.0029491818712683213,0.16141869906768688,0.08696518348265005,0.6830756891528902
488,3,0.5216612540274146,0.04154760867499823,1,-0.02170855927209554,-0.0016676017456553089,0.04503741504516545,0.35626504179186097,0.17514514573139559,2.943255613169439
488,10,0.7713939031889211,0.047508789703242106,0,-0.01558754755293464,-0.007994178061930157,0.29497562880378586,1.061080828815431,0.5172209780734889,25.814646656004754
488,30,1.2771169807222362,0.06336442115664574,0,-0.01415136502338789,0.010263914121695361,0.781004431623929,1.9508903738633643,0.5963120086834293,48.03270087228261
488,100,1.2771169807222362,0.06336442115664574,0,-0.01415136502338789,0.010263914121695361,0.781004431623929,1.9508903738633643,0.5963120086834293,48.03270087228261
489,1,0.5216512441393383,0.04137365304198716,1,0.018294720808020245,-0.005378963628621183,0.00873548695993935,0.1670662460799361,0.08445265239034724,0.6717132518016413
489,3,0.5505344585151306,0.0404799443107879,1,0.01691788321488733,-0.012318832906867661,0.04593540820711099,0.2918313952137213,0.23144970323031408,3.8299374044990064
489,10,0.7030005341544646,0.040755321336851384,0,0.011403581454560174,-0.022566354905134912,0.2141633076050394,0.8193520806301975,0.6035460781600064,27.1571536609848
489,30,1.3073960382366594,0.0722056917299534,0,0.011231791642852477,-0.019435571397161174,0.8155998179909683,1.9470851307981836,0.6177571750026892,50.10470007477347
489,100,1.3297177127334556,0.0727264335606055,0,0.011231791642852477,-0.022512278188701784,0.8409981992793049,1.9902249708078907,0.6177571750026892,50.947445353916535
490,1,0.4599570243489795,0.043051250184896986,1,-0.042380786056191284,0.004499019280946693,-0.0021612088757758906,0.16529100418084028,0.09831802887084005,0.8195839615427484
490,3,0.49672675562339164,0.043526783109059074,1,-0.04056507495546543,0.006646448412809524,0.030645382166047643,0.3335958561786475,0.19738734901407756,3.31436320612053
490,10,0.7085528035260902,0.04967639458022157,0,-0.02942104742167956,0.005698256559835557,0.23227559438793424,0.9493047511309537,0.531987097515388,24.919638179166444
490,30,1.2740374711207625,0.07393359577720517,0,-0.027495285940101463,0.015795831157099004,0.7857369259037652,1.8723990648778992,0.5943803339020396,46.365478312597716
490,100,1.2740374711207625,0.07393359577720517,0,-0.027495285940101463,0.015795831157099004,0.7857369259037652,1.8723990648778992,0.5943803339020396,46.365478312597716
491,1,0.5117405742196864,0.0405858518079645,1,-0.0068444774882765,0.02161462354657319,-0.0030295718386101978,0.13530283911110688,0.118648598400731,0.952825316453269
491,3,0.5625486881653191,0.04019993592788294,1,-0.006381012435582374,0.02685206016652942,0.042077640434371996,0.3430152838049591,0.25799854891322077,4.903449772016769
491,10,0.8419034869971517,0.04433872216960393,0,-0.004557038228258629,0.038959436938107245,0.30750108828730305,1.074409890182275,0.59173884687142,31.177683882696417
491,30,1.361936499308713,0.06410036256266381,0,-0.0044750194631622,0.02354197847207413,0.8428695402998009,1.9501479332651221,0.6103473921669751,49.419811050051756
491,100,1.361936499308713,0.06410036256266381,0,-0.0044750194631622,0.02354197847207413,0.8428695402998009,1.9501479332651221,0.6103473921669751,49.419811050051756
492,1,0.4812732988017267,0.0442104077174647,1,-0.023885204228994737,0.0076025764058864865,-0.002444073375164968,0.12548941510418324,0.08416264968763444,0.5579798860680522
492,3,0.5171464138948748,0.044480787679716624,1,-0.023434343363011055,0.017182355703118473,0.023398401554767512,0.25055030885057283,0.10289409118892094,1.1500362787858642
492,10,0.8080772046013585,0.05241943707826833,0,-0.01781630358425009,0.05121843517157538,0.2746750730140333,0.8992033260043901,0.4119178010664398,17.07864361176974
492,30,1.3299894800778653,0.06835441620428129,0,-0.01373136847073192,0.06166092181026312,0.782059926738334,1.8619795696038646,0.6105134404242576,47.734271819028784
492,100,1.3521257508078641,0.06888430320113985,0,-0.01373136847073192,0.061402620485501415,0.8044544987930947,1.8951572923366231,0.6105134404242576,48.374805251818486
493,1,0.54524296868071,0.043499604589416735,1,0.04328709542765731,-0.0035509468551514272,0.005506820108204065,0.13666080601670624,0.08075236981693674,0.5551893623742771
493,3,0.5768953410136249,0.043976618595821054,1,0.041504851738074194,-0.007236755157523334,0.04262724443307403,0.28158317541310673,0.14055884019991513,1.876362498511956
493,10,0.7912246876137748,0.04855747169604237,0,0.03111078641030043,-0.017207476568428724,0.27732137777190335,0.8914991886317939,0.4557987338791606,19.41944235237769
493,30,1.373440473722476,0.0702020308934212,0,0.025765763220405535,-0.012268795967578414,0.8599435064696488,1.946904812644367,0.6074470666254547,49.06696131512538
493,100,1.373440473722476,0.0702020308934212,0,0.025765763220405535,-0.012268795967578414,0.8599435064696488,1.946904812644367,0.6074470666254547,49.06696131512538
494,1,0.4671811949341691,0.043144474221282994,1,-0.039732180257806934,0.001783572846890437,0.00512980234508564,0.1518600638847464,0.06755227702656605,0.4687065725752597
494,3,0.5028733146477931,0.043278970073693655,1,-0.03792392242174379,-0.0015187928743880935,0.04231602994392498,0.3112915194520701,0.16908201354027394,2.5684817381113825
494,10,0.7561742324997022,0.04688730424620896,0,-0.02597122646632617,0.0010103664473572966,0.2811350925186712,0.9592761945305496,0.5398085704606844,25.589745460435665
494,30,1.4235498229150794,0.07099054657527046,0,-0.022444278915890216,0.021277289345807554,0.924716812485162,2.0439287587212314,0.6483075396340082,55.19430228043666
494,100,1.4235498229150794,0.07099054657527046,0,-0.022444278915890216,0.021277289345807554,0.924716812485162,2.0439287587212314,0.6483075396340082,55.19430228043666
495,1,0.5169224006372447,0.043402879787473064,1,0.004739691996709524,0.010009479864069781,0.0021732287764654763,0.10460104131700872,0.07899445235696852,0.4586259347387882
495,3,0.553352504242149,0.04228265115310626,1,0.004500056001634733,0.012504058871166807,0.03634838936934736,0.2616237455042068,0.19095842371628302,2.7329787869367244
495,10,0.8037993407997128,0.04231083181730972,0,0.0031289664740840896,0.030160710630706366,0.2705096636949223,0.8913469253022924,0.5474722438009721,24.909689900249678
495,30,1.396688627681316,0.06670776687438963,0,0.0028740397484146828,0.035970649180904445,0.8578439387519967,1.9050322739259946,0.6064599210651612,48.16526320617287
495,100,1.4290357496993589,0.06796725360740233,0,0.0028740397484146828,0.039280926509862,0.886880783441082,1.948808887725348,0.6064599210651612,49.004808768020915
496,1,0.5248961982599696,0.04254013045929904,1,0.03099131057582236,-0.012028116124515811,0.005933003808663031,0.13759866682628497,0.10896546325351655,0.8496083375049147
496,3,0.5493231505616606,0.041983237882415717,1,0.029464975823369734,-0.018997041082800568,0.03885521582109148,0.285588718299697,0.21106921530789555,3.3149903831472436
496,10,0.754412465533518,0.04107688962667934,0,0.02037740359876269,-0.026031674005576082,0.26006673594033136,0.9027977937482697,0.561727689169429,26.014936183854807
496,30,1.3079207671053374,0.05962112016916603,0,0.01918279604757463,-0.060079683301286324,0.8488176543590492,1.8588711035134249,0.6105505885110496,47.677877446954334
496,100,1.3079207671053374,0.05962112016916603,0,0.01918279604757463,-0.060079683301286324,0.8488176543590492,1.8588711035134249,0.6105505885110496,47.677877446954334
497,1,0.4465207152691072,0.04145599232809462,1,-0.057330344362592975,0.005799082290753188,-0.0019480226590530064,0.1457484873989445,0.0968806571410048,0.7433272308965594
497,3,0.4731079320758929,0.04079055654088528,1,-0.05508384125165606,0.007739905904664012,0.020451867422884996,0.24208511904602367,0.14073987814925526,1.7037954679439409
497,10,0.6832363699257141,0.04849447554607258,0,-0.04098385455370157,0.02732665330663923,0.19689357117277645,0.7642949953406483,0.4549995200667492,17.54363401792003
497,30,1.2923864356632935,0.07868267879804625,0,-0.033545166105050664,0.06804057467341898,0.7578910270949256,1.8248132892521163,0.6174954501458173,47.69076901201931
497,100,1.3689630666998198,0.07780515667950517,0,-0.033545166105050664,0.06521665647700967,0.8372915763278609,1.9268862238617244,0.6174954501458173,49.683939108952174
498,1,0.5123559795702342,0.042010501209760014,1,0.0074781908391435585,0.005549609017505956,-0.0006718202864153871,0.15478301377681347,0.07666138431609759,0.5610781170007633
498,3,0.5382877432601789,0.04203532636636374,1,0.007132835912607986,0.0038144131642681048,0.02734049418330292,0.2903077196469854,0.16514484983363864,2.3785275765195637
498,10,0.7548770239418816,0.04370532330935104,0,0.004879096938969432,0.007032536446322547,0.24296539055658956,0.9111888298981214,0.5352337122837748,24.481534829605362
498,30,1.4219241029762713,0.07753342595662172,0,0.004323984478238639,0.041198547537160644,0.8764015709608722,1.9913605886081356,0.6238068266867407,51.588110276907145
498,100,1.4219241029762713,0.07753342595662172,0,0.004323984478238639,0.041198547537160644,0.8764015709608722,1.9913605886081356,0.6238068266867407,51.588110276907145
499,1,0.4886200537221274,0.04160730886379114,1,-0.017983256955581093,0.0069373083368996025,-0.0003339976591912276,0.12415441476085581,0.07602373348844424,0.481244591023824
499,3,0.5107612416698044,0.04089063842433141,1,-0.01728087354735942,0.006299207902567039,0.02174290731459673,0.22217805680666358,0.1820931148664736,2.327910601523862
499,10,0.6978454259975334,0.04031694149451128,0,-0.012335177503531001,-0.003881248253419875,0.21406185175448428,0.7536165636394586,0.5126169667467281,20.526116340619065
499,30,1.2218802027467468,0.06098371294690493,0,-0.011218683227187257,-0.03891670715215489,0.7720155931260889,1.7404364424578436,0.5805591017351172,42.61090369262915
499,100,1.3417933632028145,0.06601080636092359,0,-0.011218683227187257,-0.04555147699171532,0.8985635234217171,1.9243641269652687,0.5805591017351172,45.98761196359626
