{
  "model": "conditional arithmetic cohort model (not calibrated)",
  "spec": {
    "years": [
      2010,
      2040
    ],
    "baseline_hires": 100,
    "shock_years": [
      2026,
      2027,
      2028
    ],
    "deltas": [
      0.1,
      0.2,
      0.3
    ],
    "tenure_window": [
      5,
      9
    ],
    "weight_profiles": {
      "flat": {
        "5": 1.0,
        "6": 1.0,
        "7": 1.0,
        "8": 1.0,
        "9": 1.0
      },
      "p=0.90": {
        "5": 0.5904900000000001,
        "6": 0.531441,
        "7": 0.4782969000000001,
        "8": 0.4304672100000001,
        "9": 0.3874204890000001
      },
      "p=0.80": {
        "5": 0.3276800000000001,
        "6": 0.2621440000000001,
        "7": 0.20971520000000007,
        "8": 0.1677721600000001,
        "9": 0.13421772800000006
      }
    }
  },
  "results": {
    "delta=10%": {
      "flat": {
        "years": [
          2026,
          2027,
          2028,
          2029,
          2030,
          2031,
          2032,
          2033,
          2034,
          2035,
          2036,
          2037,
          2038,
          2039,
          2040
        ],
        "deviation_pct": [
          0.0,
          0.0,
          0.0,
          0.0,
          0.0,
          -2.0,
          -4.0,
          -6.0,
          -6.0,
          -6.0,
          -4.0,
          -2.0,
          0.0,
          0.0,
          0.0
        ],
        "peak_deviation_pct": -6.0,
        "peak_years": [
          2033,
          2034,
          2035
        ]
      },
      "p=0.90": {
        "years": [
          2026,
          2027,
          2028,
          2029,
          2030,
          2031,
          2032,
          2033,
          2034,
          2035,
          2036,
          2037,
          2038,
          2039,
          2040
        ],
        "deviation_pct": [
          0.0,
          0.0,
          0.0,
          0.0,
          0.0,
          -2.4419,
          -4.6397,
          -6.6177,
          -5.9559,
          -5.3603,
          -3.3823,
          -1.6022,
          0.0,
          0.0,
          0.0
        ],
        "peak_deviation_pct": -6.6177,
        "peak_years": [
          2033
        ]
      },
      "p=0.80": {
        "years": [
          2026,
          2027,
          2028,
          2029,
          2030,
          2031,
          2032,
          2033,
          2034,
          2035,
          2036,
          2037,
          2038,
          2039,
          2040
        ],
        "deviation_pct": [
          0.0,
          0.0,
          0.0,
          0.0,
          0.0,
          -2.9748,
          -5.3546,
          -7.2584,
          -5.8068,
          -4.6454,
          -2.7416,
          -1.2185,
          0.0,
          0.0,
          0.0
        ],
        "peak_deviation_pct": -7.2584,
        "peak_years": [
          2033
        ]
      }
    },
    "delta=20%": {
      "flat": {
        "years": [
          2026,
          2027,
          2028,
          2029,
          2030,
          2031,
          2032,
          2033,
          2034,
          2035,
          2036,
          2037,
          2038,
          2039,
          2040
        ],
        "deviation_pct": [
          0.0,
          0.0,
          0.0,
          0.0,
          0.0,
          -4.0,
          -8.0,
          -12.0,
          -12.0,
          -12.0,
          -8.0,
          -4.0,
          0.0,
          0.0,
          0.0
        ],
        "peak_deviation_pct": -12.0,
        "peak_years": [
          2033,
          2034,
          2035
        ]
      },
      "p=0.90": {
        "years": [
          2026,
          2027,
          2028,
          2029,
          2030,
          2031,
          2032,
          2033,
          2034,
          2035,
          2036,
          2037,
          2038,
          2039,
          2040
        ],
        "deviation_pct": [
          0.0,
          0.0,
          0.0,
          0.0,
          0.0,
          -4.8839,
          -9.2794,
          -13.2353,
          -11.9118,
          -10.7206,
          -6.7647,
          -3.2043,
          0.0,
          0.0,
          0.0
        ],
        "peak_deviation_pct": -13.2353,
        "peak_years": [
          2033
        ]
      },
      "p=0.80": {
        "years": [
          2026,
          2027,
          2028,
          2029,
          2030,
          2031,
          2032,
          2033,
          2034,
          2035,
          2036,
          2037,
          2038,
          2039,
          2040
        ],
        "deviation_pct": [
          0.0,
          0.0,
          0.0,
          0.0,
          0.0,
          -5.9495,
          -10.7092,
          -14.5169,
          -11.6135,
          -9.2908,
          -5.4831,
          -2.4369,
          0.0,
          0.0,
          0.0
        ],
        "peak_deviation_pct": -14.5169,
        "peak_years": [
          2033
        ]
      }
    },
    "delta=30%": {
      "flat": {
        "years": [
          2026,
          2027,
          2028,
          2029,
          2030,
          2031,
          2032,
          2033,
          2034,
          2035,
          2036,
          2037,
          2038,
          2039,
          2040
        ],
        "deviation_pct": [
          0.0,
          0.0,
          0.0,
          0.0,
          0.0,
          -6.0,
          -12.0,
          -18.0,
          -18.0,
          -18.0,
          -12.0,
          -6.0,
          0.0,
          0.0,
          0.0
        ],
        "peak_deviation_pct": -18.0,
        "peak_years": [
          2033,
          2034,
          2035
        ]
      },
      "p=0.90": {
        "years": [
          2026,
          2027,
          2028,
          2029,
          2030,
          2031,
          2032,
          2033,
          2034,
          2035,
          2036,
          2037,
          2038,
          2039,
          2040
        ],
        "deviation_pct": [
          0.0,
          0.0,
          0.0,
          0.0,
          0.0,
          -7.3258,
          -13.9191,
          -19.853,
          -17.8677,
          -16.0809,
          -10.147,
          -4.8065,
          0.0,
          0.0,
          0.0
        ],
        "peak_deviation_pct": -19.853,
        "peak_years": [
          2033
        ]
      },
      "p=0.80": {
        "years": [
          2026,
          2027,
          2028,
          2029,
          2030,
          2031,
          2032,
          2033,
          2034,
          2035,
          2036,
          2037,
          2038,
          2039,
          2040
        ],
        "deviation_pct": [
          0.0,
          0.0,
          0.0,
          0.0,
          0.0,
          -8.9243,
          -16.0638,
          -21.7753,
          -17.4203,
          -13.9362,
          -8.2247,
          -3.6554,
          0.0,
          0.0,
          0.0
        ],
        "peak_deviation_pct": -21.7753,
        "peak_years": [
          2033
        ]
      }
    }
  },
  "sensitivity_spread": {
    "delta=10%": {
      "peaks_by_profile": {
        "flat": -6.0,
        "p=0.90": -6.6177,
        "p=0.80": -7.2584
      },
      "min_peak_pct": -7.2584,
      "max_peak_pct": -6.0,
      "spread_pp": 1.2584
    },
    "delta=20%": {
      "peaks_by_profile": {
        "flat": -12.0,
        "p=0.90": -13.2353,
        "p=0.80": -14.5169
      },
      "min_peak_pct": -14.5169,
      "max_peak_pct": -12.0,
      "spread_pp": 2.5169
    },
    "delta=30%": {
      "peaks_by_profile": {
        "flat": -18.0,
        "p=0.90": -19.853,
        "p=0.80": -21.7753
      },
      "min_peak_pct": -21.7753,
      "max_peak_pct": -18.0,
      "spread_pp": 3.7753
    }
  }
}